product_id,product_name,category,discounted_price,actual_price,discount_percentage,rating,rating_count,about_product,img_link,product_link
B0B2DJDCPX,SWAPKART Fast Charging Cable and Data Sync USB Cable Compatible for iPhone 6/6S/7/7+/8/8+/10/11 12 13 Pro max iPad Air/Mini iPod and iOS Devices (White),Computers&Accessories|Accessories&Peripherals|Cables&Accessories|Cables|USBCables,209,499,58%,3.9,536,[High Compatibility] : This iphone data cable supports with iPhone 66s6 plus6s plus7 7 plus 8 8plusxxs11 pro max12 mini pro max13 mini pro max iPad Air iPad mini iPod Nano and iPod Touch|[Fast Charge&Data Sync ] : It can charge and sync simultaneously at a rapid speed Compatible with any charging adaptor multi-port charging station or power bank for fast charging fast adapter is must.|😍【Durable Spring Protection】：The easy-to-break connection port is protected by spring which is a flexible and durable cable.You can use it with confidence.|【 Ultra High Quality】: According to the experimental results the fishbone design can accept at least 20000 bending and insertion tests for extra protection and durability. Upgraded 3D aluminum connector and exclusive laser welding technology which to ensure the metal part won't break and also have a tighter connection which fits well even with a protective case on and will never loose connection.|【 Good After Sales Service】-Our friendly and reliable customer service will respond to you within 24 hours ! you can purchase with confidenceand every sale includes a 365-day worry-free Service to prove the importance we set on quality.,https://m.media-amazon.com/images/I/41KmCJuybRL._SX300_SY300_QL70_FMwebp_.jpg,https://www.amazon.in/SWAPKART-Charging-Compatible-iPhone-Devices/dp/B0B2DJDCPX/ref=sr_1_465?qid=1672903018&s=computers&sr=1-465
B08Y7MXFMK,Offbeat® - DASH 2.4GHz Wireless + Bluetooth 5.1 Mouse Multi-Device Dual Mode Slim Rechargeable Silent Click Buttons Wireless Bluetooth Mouse 3 Adjustable DPI Works on 2 devices at the same time with a switch button for Windows/Mac/Android/Ipad/Smart TV,Computers&Accessories|Accessories&Peripherals|KeyboardsMice&InputDevices|Mice,1099,1499,27%,4.2,2375,► 【2.4G WIRELESS DUAL MODE AND BLUETOOTH 5.1】The upgraded version mouse with Dual Mode Connection and LED lights adds more fun to the boring office life. It can work on TWO DEVICES connecting one device through Bluetooth and the other through 2.4GHz USB Receiver. You could switch the mode between two devices by just toggle switching.2.4GHz mode works with laptop desktop or any device with USB port simply plug the USB receiver and play directly.|► 【 RECHARGEABLE AND ENERGY SAVING】 : The mouse built-in rechargeable battery with a charging cable. No need to change batteries. To save power and for long-term usage the mouse will automatically enter into the sleep mode after 11 minutes of inactivity it can be waken up by clicking any button.|► 【PLUG/PLAY AND ADJUSTABLE DPI】No need to install any driver just plug the USB receiver into your laptop and the mouse starts to serve. 2.4GHz wireless technology provides powerful and reliable connection effective up to 10 meters of range. Switch DPI levels among 800 1200 and 1600 to to meet your needs with high precision. Advanced Optical Tracking Technology ensures greater sensitivity for precise tracking on a wide range of surfaces.|► 【SILENT CLICK & ERGONOMIC DESIGN】Silent click Mouse with anti-fingerprint finish offers your hand maximum support and comfort. Silent button reduces 90% noises which makes it an ideal wireless mouse for office and personal use. Symmetric and ergonomic design makes this mouse fit for both left and right hand naturally curved grip of the mouse makes it comfortable and perfect avoids hand fatigue for long term use. Slim and portable design makes the mouse your best travel companion.,https://m.media-amazon.com/images/I/31dnZ234ZOL._SY300_SX300_QL70_FMwebp_.jpg,https://www.amazon.in/Offbeat-Wireless-Bluetooth-Rechargeable-Adjustable/dp/B08Y7MXFMK/ref=sr_1_466?qid=1672903018&s=computers&sr=1-466
B086Q3QMFS,Classmate Drawing Book - Unruled 40 Pages 210 mm x 297 mm - Pack Of 4,OfficeProducts|OfficePaperProducts|Paper|Stationery|NotebooksWritingPads&Diaries|CompositionNotebooks,120,120,0%,4.5,4951,The cover design of the notebook is subject to change it depends on stock availability|Pack Of 4 - Unruled Drawing Book 40Pages 210 mm x 297 mm|Notebooks for every subject for hassle-free note-taking during classes or lectures.|Classmate uses elemental chlorine free paper|This notebook consists of quality papers,https://m.media-amazon.com/images/W/WEBP_402378-T2/images/I/41KFL-3kiUL._SX300_SY300_QL70_FMwebp_.jpg,https://www.amazon.in/Classmate-Drawing-Book-Unruled-Pages/dp/B086Q3QMFS/ref=sr_1_468?qid=1672903018&s=computers&sr=1-468
B08498H13H,HP GK320 Wired Full Size RGB Backlight Mechanical Gaming Keyboard 4 LED Indicators Mechanical Switches Double Injection Key Caps and Windows Lock Key(4QN01AA),Computers&Accessories|Accessories&Peripherals|PCGamingPeripherals|GamingKeyboards,1519,3499,57%,4.3,408,Convertible dynamic mixing can easily adjust the brightness and switch display modes and the variety of light eff ects are dazzling and exciting and your desire to fi ght is stimulated.|50 million times ultra-long lifetime mechanical switch A variety of mechanical buttons let you experience different knocks.|Matt double Injection Keycaps With a magnetic ring to eliminate interfering signals and transmission error|1 year manufacturer warranty on the device from the date of purchase.,https://m.media-amazon.com/images/W/WEBP_402378-T1/images/I/414js-21FqL._SX300_SY300_QL70_FMwebp_.jpg,https://www.amazon.in/HP-GK320-Gaming-Keyboard-4QN01AA/dp/B08498H13H/ref=sr_1_469?qid=1672903018&s=computers&sr=1-469
B07LFQLKFZ,Parker Moments Vector Timecheck Gold Trim Roller Ball Pen (Black),OfficeProducts|OfficePaperProducts|Paper|Stationery|PensPencils&WritingSupplies|Pens&Refills|LiquidInkRollerballPens,420,420,0%,4.2,1926,Mode: Roller ball pen|Pen opening mechanism: Cap off/cap on|Ink color: Blue warranty: 2 years|Country of Origin: India,https://m.media-amazon.com/images/W/WEBP_402378-T1/images/I/31-wcLwDaBL._SX300_SY300_QL70_FMwebp_.jpg,https://www.amazon.in/Parker-Moments-Vector-Timecheck-Roller/dp/B07LFQLKFZ/ref=sr_1_470?qid=1672903018&s=computers&sr=1-470
B00LY17RHI,Camlin Elegante Fountain Pen - Black/Blue/Red,OfficeProducts|OfficePaperProducts|Paper|Stationery|PensPencils&WritingSupplies|Pens&Refills|FountainPens,225,225,0%,4.1,4798,Handcrafted with Gold plated nib|Brass Cap Chrome body|Elegant design,https://m.media-amazon.com/images/W/WEBP_402378-T2/images/I/21C8ziy-IJL._SX300_SY300_QL70_FMwebp_.jpg,https://www.amazon.in/Camlin-Elegante-Fountain-Pen-Black/dp/B00LY17RHI/ref=sr_1_476?qid=1672903018&s=computers&sr=1-476
B07W14CHV8,CARECASE® Optical Bay 2nd Hard Drive Caddy 9.5 mm CD/DVD Drive Slot for SSD and HDD,Computers&Accessories|Accessories&Peripherals|HardDriveAccessories|Caddies,199,799,75%,4.1,7333,"Compatible 4 Channels switch help to improve the compatibility.You can try to move "" A""""B""""C""""D"" if your Laptop can not read HDD.|Compatible with: 2.5""/9.5mm SATA HDD or SSD Hard drive NOT include.100% Brand New 9.5 mm-thick caddy|Fully integrated into laptop no cables/PSU/software driver need.Fast & Reliable connection in laptop just as the primary HDD Make NTFS hard drive if you are using it as a New in Disk management|Supports 99% Laptops with 9.5mm size DVD Writers. Please email or call us if you have query regarding to compatibility with your Laptop|Replace with your current panel 2nd Hard Drive Bay for Laptops 9.5MM SATA to SATA Add a second hard drive to your laptop enlarge storage space Replace your current 9.5mm optical drive.",https://m.media-amazon.com/images/W/WEBP_402378-T1/images/I/51ca6eZ+j3L._SY300_SX300_.jpg,https://www.amazon.in/Optical-Drive-Caddy-Universal-9-5mm/dp/B07W14CHV8/ref=sr_1_483?qid=1672903019&s=computers&sr=1-483
B0B9BXKBC7,WeCool S5 Long Selfie Stick with Large Reinforced Tripod Stand up to 61 Inch / 156 Cms Ultra Long Multi Function Bluetooth Selfie Stick with 1/4 Screw Compatible with Gopro Camera and Ring Light,Electronics|Mobiles&Accessories|MobileAccessories|Photo&VideoAccessories|SelfieSticks,1799,3999,55%,4.6,245,"64"" Tall Cell Phone Tripods with 7 section adjustable telescopic poles the phone selfie stick tripod stand is tall enough can be adjusted from 12in to 64in. Therefore this selfie stick for iPhone can capture a wider landscape with different Height|3 in 1 Design with Stable Base : Can be used as extendable Tripod for phone and camera as Phone Floor Stand. This Selfie Stick for iPhone can be quickly switched between the table tripod and selfie stick mode. Is compatible with gopro and Camera|360° Rotatable Selfie Stick Bluetooth : The mount of the tripod stand can freely rotate 360° which can be quickly ratoted the screen horizontally and vertically  and the mount arm can be 190°flipped to shoot pictures at various angles.|Compact Size and Travel Friendly : After Being folded  the long selfie stick is just 12 Inches. So it can be easily packed in your bag or Backpack without taking up more space. Perfecet choice for Travelling Hiking and Camping. Very Sturdy Design|Large ABS reinforced non-slip Stable tripod-The tripod is very stable when it is mounted with phone or camera standing on desktop or groundbecause it has non-slip silicone pads at the bottom of each foot and the lets have additional support|1/4 Screw Widely Compatible-The selfie stick comes with both a phone mount and a 1/4 screwcan be used at the same time.The 1/4 screw can be connected with Gopro digital camera and ring light.|The phone mount is compatible with most smartphones  support 360 degree rotation vertical and horizontal shooting  better for live stream  photo and video shooting  makeup  youtube watching",https://m.media-amazon.com/images/I/41fDM4QUfvL._SX300_SY300_QL70_FMwebp_.jpg,https://www.amazon.in/WeCool-Reinforced-Function-Bluetooth-Compatible/dp/B0B9BXKBC7/ref=sr_1_484?qid=1672903019&s=computers&sr=1-484
B09F5Z694W,Canon E4570 All-in-One Wi-Fi Ink Efficient Colour Printer with FAX/ADF/Duplex Printing (Black)- Smart Speaker Compatible Standard,Computers&Accessories|PrintersInks&Accessories|Printers|InkjetPrinters,8349,9625,13%,3.8,3652,Printer Type- Ink Efficient Functionality - All-in-One (Print Scan Copy Fax); Printer Output - Color; Connectivity - Wi-Fi Wi-fi Direct USB Canon Selphy App; Scanner Resolution - 600 x 1200dpi; Apple Airprint - Yes|OS Compatibility - Windows 10 / 8.1 / 7 SP1 (operation can only be guaranteed on a PC with a pre-installed Windows 7 or later) macOS v10.13.6 ~ 11.0 Chrome OS; Duplex - Auto; Enlarge/reduce option - No; Mobile connectivity - Yes|Maximum Print Speed (color) - 4.4 ppm Maximum Print Speed (Monochrome) - 8.8 ppm; Print cost Monochrome - 1.8; Print cost color - 4.5; Maximum Print Resolution - 4800 X 1200 dpi|Max paper thickness -64 to 275 GSM; Smart Speaker compatible; Power wattage of printer - OFF: 0.3W Standby (scanning lamp is off) (USB connection to PC): 0.8 W Copying (USB connection to PC): 7W|Ideal usage - Home and Small Office Regular usage (200 prints per month); Included Components - Printer Power cord 1set of PG47 & CL57s ink cartridge user manual installation CD USB cable|Print yield is based on the consumption data from the succeeding ink cartridge and not the first ink cartridge. Yield will be low if printing photos. Compatible Ink Cartridge - PG-47 (Black) CL-57s (Color) Print Yield - 400 prints (Black and White) 180 prints (Color) As per ISO/IEC 19752 ISO/IEC 19798;Use only original Canon Ink Cartridge. Using counterfeit ink will harm your printer and render the warranty void|Paper size (A4 A5 B5 LTR LGL Envelope (#10 DL) 10.16 x 15.24 cm (4 x 6in) 12.7 x 17.78 cm (5 x 7in) 20.32x 25.40 cm (8 x 10in) [Custom size] Width: 101.6 - 215.9 mm Length: 152.4 - 676 mm),https://m.media-amazon.com/images/W/WEBP_402378-T1/images/I/31AZelC8URL._SX300_SY300_QL70_FMwebp_.jpg,https://www.amazon.in/Canon-E4570-Efficient-Printing-Compatible/dp/B09F5Z694W/ref=sr_1_485?qid=1672903019&s=computers&sr=1-485
B0B25LQQPC,Crucial P3 500GB PCIe 3.0 3D NAND NVMe M.2 SSD up to 3500MB/s - CT500P3SSD8,Computers&Accessories|Components|InternalSolidStateDrives,3307,6100,46%,4.3,2515,Impressive read/ write speeds up to 3500/3000MB/s|Spacious storage up to 4TB|Solid Gen3 performance. Micron Advanced 3D NAND. NVMe PCIe 3.0 M.2 (2280).|Performs up to 45% better than the previous generation⁴|Dynamic write acceleration. Multistep data integrity algorithm.,https://m.media-amazon.com/images/W/WEBP_402378-T2/images/I/318lV0rfJoL._SY300_SX300_QL70_FMwebp_.jpg,https://www.amazon.in/Crucial-500GB-PCIe-NAND-3500MB/dp/B0B25LQQPC/ref=sr_1_486?qid=1672903019&s=computers&sr=1-486
B07GVGTSLN,Wayona Usb Type C Fast Charger Cable Fast Charging Usb C Cable/Cord Compatible For Samsung Galaxy S10E S10 S9 S8 Plus S10+Note 10 Note 9 Note 8S20M31SM40Realme X3Pixel 2 Xl (3 Ft Pack Of 1Grey),Computers&Accessories|Accessories&Peripherals|Cables&Accessories|Cables|USBCables,325,1299,75%,4.2,10576,Fast Charge & Data Sync: Fast charge& data transfer USB A to USB C conforming to the USB Type C Specification version 1.1 56kilohm which ensure a safe charging at 4.8A Maximum. Charging and syncing 2 in 1 data transfer speed up to 480Mbps.|Extreme Durability: Over 10000 bending testsThis type c cable is far more durable than the same price Premium nylon braided type c cable adds additional durability and tangle free.|Convenient Design:The light and space-saving 1M USB Type C cable it’s perfect for your Home the office desk always keep your space tidy super easy to carry and convenient for traveling making your life more convenient.|Wide Compatibility: This USB A to USB C Charger Cable compatible with Samsung Galaxy S10e S10 S10 plus S9 S9 plus S8 S8 plus Note 10 Note 10 plus Note9 note8 a40 a50 a70 a80 A3 A5 2017 Sony Xperia XZ3 XZ2 Premium XA2 XA1XZ1 Moto G6 G6 plus G7 G7 power G7 play G7 plus Z Z2 Z3 X4 LG G8 G7 G6 G5 V40 V35 V30 V20 Googel Pixel 2 xl HTC 10 U11.|Premium Service: Wayona promise you the reliable guarantee for your top rated USB C charger cords rope and 24/7 customer service for our every client please do not hesitate to reach us.,https://m.media-amazon.com/images/I/41J6oGU8w5L._SX300_SY300_QL70_FMwebp_.jpg,https://www.amazon.in/Wayona-Cable-Braided-Charger-Smartphones/dp/B07GVGTSLN/ref=sr_1_487?qid=1672903019&s=computers&sr=1-487
B01LYLJ99X,HP v222w 64GB USB 2.0 Pen Drive (Silver),Computers&Accessories|ExternalDevices&DataStorage|PenDrives,449,1300,65%,4.2,4959,The high gloss durable metal finish of the HP v222w makes for a perfect complement to ultrabooks.|Approximate the length of a quarter and the included key-fob makes it perfect for on-the âgo storing!|Offers a sleek and slim way to store and share your music photos files and more.|For product related query contact brand customer support for faster resolution,https://m.media-amazon.com/images/I/31cOcZC4n7L._SX300_SY300_QL70_FMwebp_.jpg,https://www.amazon.in/HP-v222w-Flash-Drive-64GB/dp/B01LYLJ99X/ref=sr_1_488?qid=1672903019&s=computers&sr=1-488
B014SZPBM4,Duracell Ultra Alkaline D Battery 2 Pcs,Electronics|GeneralPurposeBatteries&BatteryChargers|DisposableBatteries,380,400,5%,4.4,2111,Long Lasting Power Guaranteed|Our best battery suited for everyday devices with extra performance for high drain devices|Duralock technology keeps unused Duracell batteries fresh and powered for up to 10 years in ambient storage|Available in AAA AA C D and 9V sizes,https://m.media-amazon.com/images/I/51BGUyveMfL._SX300_SY300_QL70_FMwebp_.jpg,https://www.amazon.in/Duracell-Alkaline-Battery-Duralock-Technology/dp/B014SZPBM4/ref=sr_1_490?qid=1672903019&s=computers&sr=1-490
B08CZHGHKH,BESTOR® LCD Writing Tablet/pad 12 inches | Electronic Writing Scribble Board for Kids | Kids Learning Toy | Portable Ruff for LCD Paperless Memo Digital Tablet Notepad E-Writer/Writing/Drawing Pad Home/School/Office (Black),Computers&Accessories|Accessories&Peripherals|KeyboardsMice&InputDevices|GraphicTablets,499,1399,64%,3.9,1462,BESTOR 12-inch size Graphic Tablets for drawing you can also carry it around everywhere. Furthermore the child-safe material construction of this device makes it ideal for school office or car. Even you can use this notepad as a message board for elderly people.|Compact and light design can be easily put into backpack and take it to anywhere. It can keep children quiet and busy when they are in home car airplane or in restaurant. Small size allows kids to put in the backpack or schoolbags.|[Advanced Technology]:This E-Writing Board adopt the newest LCD pressure-sensitive technology LCD writing surface creates lines of different thickness based on how hard you push - just like paper and penthis version of screen has been widely praised.|[Lock & Erase Button]:Writing pad come with feature lock and un-lock so that child can not remove anything.Erase your image or words with only touch of a button convenient for kids drawing making notes lists drafts doing the math and business etc.|[Environmentally friendly and a money saver]:you don't need to waste money on papers pencils or erasers anymore one writing tablet can repeat 100 000 times. The inside Battery can be used at least 9 months which means Super low energy consumption.,https://m.media-amazon.com/images/W/WEBP_402378-T2/images/I/41sK3J5ZQIL._SX300_SY300_QL70_FMwebp_.jpg,https://www.amazon.in/Bestor-Portable-Paperless-Digital-Writing/dp/B08CZHGHKH/ref=sr_1_491?qid=1672903019&s=computers&sr=1-491
B0B2RBP83P,"Lenovo IdeaPad 3 11th Gen Intel Core i3 15.6"" FHD Thin & Light Laptop(8GB/512GB SSD/Windows 11/Office 2021/2Yr Warranty/3months Xbox Game Pass/Platinum Grey/1.7Kg) 81X800LGIN",Computers&Accessories|Laptops|TraditionalLaptops,37247,59890,38%,4,323,"Processor: 11th Gen Intel Core i3-1115G4 | Speed: 3.0 GHz (Base) - 4.1 GHz (Max) | 2 Cores | 4 Threads | 6MB Cache|Display: 15.6"" FHD (1920x1080)| TN Technology | 220Nits Brightness | Anti Glare || Memory: 8GB RAM DDR4-2666 | Upgradable Up to 12GB || Storage: 512 GB SSD|OS and Software: Windows 11 Home 64 | Office Home and Student 2021 | Xbox GamePass Ultimate 3-month subscription*|Graphics: Integrated Intel UHD Graphics || Design: 1.99 cm Thin and 1.7 kg Light|Battery Life: 45Wh Battery | Upto 7 Hours | Rapid Charge (Up to 80% in 1 Hour) || Ports: 2x USB-A 3.2 Gen 1 | 1x USB-A 2.0 |1x Headphone / microphone combo jack (3.5mm) | 1x HDMI 1.4 |1x 4-in-1 media reader (MMC SD SDHC SDXC)|Camera (Built in): HD 720p | Fixed Focus | Privacy Shutter | Integrated Dual Array Microphone|Smart Learning Features : Lenovo Aware | Whisper Voice | Eye Care",https://m.media-amazon.com/images/I/41PnIUzyYML._SX300_SY300_QL70_FMwebp_.jpg,https://www.amazon.in/Lenovo-IdeaPad-Warranty-Platinum-81X800LGIN/dp/B0B2RBP83P/ref=sr_1_492?qid=1672903019&s=computers&sr=1-492
B078W65FJ7,boAt BassHeads 900 On-Ear Wired Headphones with Mic (White),Electronics|HeadphonesEarbuds&Accessories|Headphones|On-Ear,849,2490,66%,4.2,91188,Enjoy powerful dynamic sound with punchy bass and clear natural vocals with the responsive 40mm Neodymium drivers balanced sound for a complete listening experience|Its sleek lightweight and compact design makes portability extremely convenient|The on-ear headphones with swivel earcups offers flexible wearing and a comfortable fit for everyone|Easy to carry easy to store headphones are engineered for music on the go|The tangle-resistant cable with 3.5mm audio jack comes with a built-in mic and control for calls and playback|1 year warranty from the date of purchase,https://m.media-amazon.com/images/W/WEBP_402378-T1/images/I/41ZeJ53ij3L._SX300_SY300_QL70_FMwebp_.jpg,https://www.amazon.in/Heads-900-Wired-Headphones-White/dp/B078W65FJ7/ref=sr_1_493?qid=1672903019&s=computers&sr=1-493
B08S74GTBT,"Zebronics Astra 10 Portable Wireless BT v5.0 Speaker 10W RMS Power 15* Hours Backup 2.25"" Drive Size up to 6.4"" Mobile Holder Support Carry Handle USB mSD AUX Input and FM Radio with Antenna",Electronics|HomeAudio|Speakers|OutdoorSpeakers,799,1999,60%,3.7,418,Wireless Portable Speaker with Mobile Holder|Easy to Carry handle|Supporting Bluetooth USB AUX & Micro SD Card|Adjustable FM Antenna|Media/ Volume Control Call Function|Built-in rechargeable battery|Mobile Holder supports upto 16.25cm size phones,https://m.media-amazon.com/images/I/41uoxHxPDaL._SX300_SY300_QL70_FMwebp_.jpg,https://www.amazon.in/ZEBRONICS-Zeb-Astra-Wireless-Portable-Function/dp/B08S74GTBT/ref=sr_1_495?qid=1672903019&s=computers&sr=1-495
B0B9BD2YL4,KINGONE Wireless Charging Pencil (2nd Generation) for iPad with Magnetic and Tilt Sensitive Palm Rejection Compatible with Apple iPad Pro 11 inch 1/2/3/4 iPad Pro 12.9 Inch 3/4/5/6 iPad Air 4/5 mini6,Electronics|Mobiles&Accessories|MobileAccessories|StylusPens,2599,6999,63%,4.5,1526,【2022 latest iPad Magnetic Charging】 The latest iPad pen developed by KINGONE provides true wireless charging without cables just like Apple Pencil2. Automatic Bluetooth pairing and charging. You can keep charging your iPad while you carry it. It also perfectly solves the problems of obvious heating slow charging and sudden crash of the iPad when charging other wireless charging styluses. You can use it without any worries|【Ultra-High-Precision 0-delay】KINGONE's latest iPad pencil is equipped with the latest ultra-high-precision chip which solves various problems such as slow response disconnection delay and misalignment of other styluses. Whether you're drawing or taking notes you can use it comfortably and have the same writing comfort as the Apple Pencil as if you were writing on real paper|【Excellent Easy of Use】This iPad stylus uses physical buttons. Compared with other touch switches there will be no accidental power on/off which greatly improves the ease of use and experience. 6 major functions such as quick screenshot handwriting in the text box shape correction and return to the [home screen] with a single switch enjoy iPad anytime anywhere! Additionally the nib is interchangeable with Apple Pencil 1st/2nd generation for a wide range of applications|【Tilt Sensing & Malfunction Prevention】KINGONE's latest iPad stylus is equipped with anti-palm touch and tilt sensing functions allowing your hands to rest naturally on the iPad just like drawing on paper. You can dynamically adjust the thickness of the lines according to the placement angle of the chip and draw and write as you like. The perfect gift for parents kids friends colleagues and classmates!|【Compatible Models & Warranty】Pay attention to the applicable models! Please check your iPad model before purchasing. Compatible Models: iPad Pro 12.9-inch (3rd/4th/5th/6th generation) iPad Pro 11-inch iPad Air (3rd/4th generation) iPad mini 6. If you have any questions during use please don't hesitate to contact us,https://m.media-amazon.com/images/I/217Lv1D3bHL._SX300_SY300_QL70_FMwebp_.jpg,https://www.amazon.in/Wireless-Generation-Sensitive-Rejection-Compatible/dp/B0B9BD2YL4/ref=sr_1_496?qid=1672903019&s=computers&sr=1-496
B0BMXMLSMM,Lapster 65W compatible for OnePlus Dash Warp Charge Cable  type c to c cable fast charging Data Sync Cable Compatible with One Plus 10R / 9RT/ 9 pro/ 9R/ 8T/ 9/ Nord & for All Type C Devices – Red 1 Meter,Computers&Accessories|Accessories&Peripherals|Cables&Accessories|Cables|USBCables,199,999,80%,4.5,127,-1 meter type c to c cable fast charging cable Convenient for all types of USB C Laptops Tablets And Smartphones.|-6.5 Amp USB C Cable compatibility with All 60W 45W 30W 18W 15W USB-C Power Adapters Support Pd 3.0 And Qc 3.0 Fast Charge for Your Devices. Data Transfer Speed Is Up To 480Mbps Of USB 2.0. Note: Not Support Video Transfer.AM|-USB C To C Cable Support Warp Charge For One plus 8T One plus 9/9 Pro Too Fast Charge For MacBook Air 13 Inch 2020/2019/2018 For MacBook Pro 13/15/16 Inch AM|Compatiblity with type c to c cable fast charging cabe is Newest 2020/2019/2018/2017/2016 For iPad Mini 2021 For iPad Pro 12.9/11 Inch 2020 For Google Pixel 6/6 Pro/5/4A/4 Xl/4/3A Xl/3A/3 Xl/3/2 Xl/2 For Samsung Galaxy S21 Fe 5G/S20 Fe 5G/Note 20 Ultra/Note 20/S20/S20+/S20 Ultra Galaxy Z Flip 3 Galaxy Z Fold 3 And More Devices.|65 watt type c cable is in Premium Silicon Coating High-Quality Prolong Bending Lifespan  Pure Copper Core . Both USB C Connectors are Designed with An Advanced Emark Chip for Higher Efficiency & Safer Charging for Your One plus 8T. Output Delivery At 6.5A 10V Max 65% Charging Capacity Only Takes 30 Minutes Saving Your Valued Time.,https://m.media-amazon.com/images/W/WEBP_402378-T2/images/I/3135yilFsfL._SY445_SX342_QL70_FMwebp_.jpg,https://www.amazon.in/Lapster-compatible-OnePlus-charging-Compatible/dp/B0BMXMLSMM/ref=sr_1_497?qid=1672903019&s=computers&sr=1-497
B0141EZMAI,Gizga Essentials USB WiFi Adapter for PC 150 Mbps Wireless Network Adapter for Desktop - Nano Size WiFi Dongle Compatible with Windows Mac OS & Linux Kernel | WPA/WPA2 Encryption Standards| Black,Computers&Accessories|NetworkingDevices|NetworkAdapters|WirelessUSBAdapters,269,800,66%,3.6,10134,USB WiFi Adapter: Fast wireless transmission at up to 150 Mbps ideal for video streaming gaming and internet calls|USB 2.0 Interface: Supports high speed USB 2.0 interface for a seamless experience|Advanced Security: Supports 64/128 WEP WPA PA2/WPA-PSK/WPA2-PSK(TKIP/AES) wireless security|Nano Design: High performing nano-size design for portability|Easy Installation: Includes quick installation and configuration guide,https://m.media-amazon.com/images/W/WEBP_402378-T2/images/I/31mgo4D-kPL._SX300_SY300_QL70_FMwebp_.jpg,https://www.amazon.in/Receiver-300Mbps-802-11b-Wireless-Network/dp/B0141EZMAI/ref=sr_1_498?qid=1672903019&s=computers&sr=1-498
B07QMRHWJD,SWAPKART Portable Flexible Adjustable Eye Protection USB LED Desk Light Table Lamp for Reading Working on PC Laptop Power Bank Bedroom ( Multicolour ),Computers&Accessories|Accessories&Peripherals|USBGadgets|Lamps,298,999,70%,4.3,1552,14 Highlight LED Lampsuper bright white light|Long life lasting LED Lamp life expectancy up to 10000hours|smooth and high-class small and light weight|standard USB plug directly into USB to take power|Super-saving power the power consumption is less than 40ma,https://m.media-amazon.com/images/I/41d-eh65JLS._SX300_SY300_QL70_FMwebp_.jpg,https://www.amazon.in/SWAPKART-Portable-Reading-Working-Bedroom/dp/B07QMRHWJD/ref=sr_1_499?qid=1672903019&s=computers&sr=1-499
B07W7Z6DVL,Infinity (JBL Fuze 100 Wireless Portable Bluetooth Speaker with Mic Deep Bass Dual Equalizer IPX7 Waterproof Rugged Fabric Design (Black),Electronics|HomeAudio|Speakers|OutdoorSpeakers,1499,2999,50%,4.1,25262,Compact Portable Bluetooth Speakers. Wireless Bluetooth Streaming Charging Time 3.5H@ 5V0.5A|Dual Equaliser Modes for Normal & Deep Bass Output. 9 Hours Music Playtime Under Optimum Audio Settings|IPX7 Waterproof Design. Audio Specifications : Frequency Response 120Hz - 20KHz . Signal to noise Ratio 70dB (Aux)|Pair 2 Infinity Fuze 100 Speakers with Dual Speaker Connect Technology|Speakerphone|Rugged & Durable Fabric Material|1 year manufacturer’s warranty,https://m.media-amazon.com/images/W/WEBP_402378-T1/images/I/51UH57Cs5hL._SX300_SY300_QL70_FMwebp_.jpg,https://www.amazon.in/Infinity-Fuze-100-Waterproof-Portable/dp/B07W7Z6DVL/ref=sr_1_500?qid=1672903019&s=computers&sr=1-500
B07WMS7TWB,Pigeon by Stovekraft Amaze Plus Electric Kettle (14289) with Stainless Steel Body 1.5 litre used for boiling Water making tea and coffee instant noodles soup etc. 1500 Watt (Silver),Home&Kitchen|Kitchen&HomeAppliances|SmallKitchenAppliances|Kettles&HotWaterDispensers|ElectricKettles,649,1245,48%,3.9,123365,CLASSIC DESIGN: The classical mirror polish of the appearance makes your electric kettle unique and aesthetic which can match any type of kitchen design and 360° swivel base is connected with standard power cord for safe usage and convenient storage|CORDLESS POURING: The electric kettle can be easily lifts from its swivel base for easy filling at the sink and graceful serving without the hassle of a power cord; it can also be returned to its power source from any direction great for right and left-handed users.|CONVENIENT: The cordless & BPA-Free electric electric kettle makes a striking presence on any kitchen counter or buffet in preparing and serving and it is easy for storage|FAST BOIL: This 1500W electric kettle has concealed heating elements and can boil up to 1.5 litres of water in 5 to 7 minutes quicker and safer. Start your day with a cup of instant lemon tea green tea hot water.|EASY CLEAN: Use white vinegar baking soda water cleaning bottle brush and microfiber cloth to clean your electric kettle and keep it looking new.|Water Level Indicator: No,https://m.media-amazon.com/images/W/WEBP_402378-T1/images/I/31na34LxwmL._SX300_SY300_QL70_FMwebp_.jpg,https://www.amazon.in/Pigeon-Amaze-Plus-1-5-Ltr/dp/B07WMS7TWB/ref=sr_1_5?qid=1672923591&s=kitchen&sr=1-5
B00H47GVGY,USHA Quartz Room Heater with Overheating Protection (3002 Ivory 800 Watts),Home&Kitchen|HeatingCooling&AirQuality|RoomHeaters|ElectricHeaters,1199,1695,29%,3.6,13300,Meant for Spot Heating; Voltage/Frequency: 230V/50Hz/1 Phase|Room Size: Upto 150 sq ft; Ideal for a small room only i.e. up to 120 sq. ft. Touch Sensor: No. :Tip-over Switch : Yes|Safety tip over switch cuts off the heater in case it tilts or falls; Powder coated finish to prevent corrosion|Designed for low power consumption; There are two heating positions to suit your comfort|Country of Origin: India,https://m.media-amazon.com/images/I/514Zxz-eqKL._SX300_SY300_QL70_FMwebp_.jpg,https://www.amazon.in/Usha-Quartz-800-Watt-Overheating-Protection/dp/B00H47GVGY/ref=sr_1_6?qid=1672923591&s=kitchen&sr=1-6
B07VX71FZP,Amazon Brand - Solimo 2000/1000 Watts Room Heater with Adjustable Thermostat (ISI certified White colour Ideal for small to medium room/area),Home&Kitchen|HeatingCooling&AirQuality|RoomHeaters|FanHeaters,1199,2000,40%,4,18543,Powerful 2400 RPM copper winded motor for quick heating and can be used vertically or horizontally (kindly refer to images)|Do not worry if you experience some burning smell when you run your room heater for the 1st time. This is due to the motor varnish getting heated for the 1st time. The problem should not recur in subsequent usage. If it does please contact our Customer support|Caution - Always use the product with 16A socket. Using it on lower rating sockets may result in melting of socket or the plug. This is 2 KW heater. It will consume 2 units per hour when operated on high heat setting.|Air throw range of 10 feet which is ideal for small to medium sized room; Product can be placed both vertically and horizontally (kindly refer to images)|Cool Warm or Hot wind selection knob for heat setting; Please note that regulator changes heating power & not actual fan speed|Lightweight (1.15 kg) for easy portability between rooms; Plastic body with rust-free metal grill front|Built-in overheating protection;Power: 2000 watts; Operating Voltage: 220 - 240 volts; Package contents: 1 Room Heater and Instructions Manual|This model Fan Speed is fixed not regulated by knob,https://m.media-amazon.com/images/I/41ITfQhGHfL._SX300_SY300_QL70_FMwebp_.jpg,https://www.amazon.in/Amazon-Brand-Solimo-2000-Watt-certified/dp/B07VX71FZP/ref=sr_1_7?qid=1672923591&s=kitchen&sr=1-7
B07NCKMXVZ,StyleHouse Lint Remover for Woolen Clothes Electric Lint Remover Best Lint Shaver for Clothes,Home&Kitchen|Kitchen&HomeAppliances|VacuumCleaning&Ironing|IronsSteamers&Accessories|LintShavers,455,999,54%,4.1,3578,✅REJUVENATE FABRICS & KEEP TIDY - Restore your clothes and fabrics to a fresh new look! Powerful engine can easily and gently remove fluffs lints pilling fuzzes and bobbles from fabrics like bed sheets cushions sweaters woolen coats curtains carpets and more!|✅MAKE ALL FABRICS LOOK BRAND NEW: Even the highest quality of fabrics require a little rejuvenation every now and then and this Fabric Shaver features a sharp stainless steel razor blade that will make quick work of damaged fabrics and make them look good as new.|✅ERGONOMIC DESIGN WITH A BATTERY POWERED MOTOR: Specially designed and lightweight with a 180° handle so it's easy to grip while you efforlessly defuzz your fabrics at any angle. The motor generates a strong suction when the blades are rotating for maximum effect.|✅EASY TO USE: Simply push the switch on button and gently skim it across the fabric in a circular motion to remove all the unwanted excess. Once the fabric is back to pristine condition the excess tray slides out to empty. The expanded blade surface covers a larger area finishing the job quicker and easier.|✅DUAL PROTECTION The adjustable height spacer protects your garments from being cut or snagged or caught. It also protects and reinforces your hands from accidentally touching the shaver foil. A cleaning brush is included in the pack to help you easily clean your appliance after use.,https://m.media-amazon.com/images/I/415CYtympZL._SX300_SY300_QL70_FMwebp_.jpg,https://www.amazon.in/StyleHouse-Remover-Woolen-Clothes-Electric/dp/B07NCKMXVZ/ref=sr_1_8?qid=1672923591&s=kitchen&sr=1-8
B0B61DSF17,beatXP Kitchen Scale Multipurpose Portable Electronic Digital Weighing Scale | Weight Machine With Back light LCD Display | White |10 kg | 2 Year Warranty |,Home&Kitchen|Kitchen&HomeAppliances|SmallKitchenAppliances|DigitalKitchenScales,199,1999,90%,3.7,2031,✅ [LCD Screen] : A wide LCD screen display makes this scale easy to read and it automatically locks its reading when the data is stable.|✅ [Multiple Features] : There are multiple features on the scale such as an ON/OFF mode a tare function a unit exchange function and an overload indicator.|✅ [Salient Features] : BeatXP kitchen weighing has Wide Screen Display Automatic Data Locking Low Power Consumption Low Battery Indicator High Precision Sensor When the scale is overloaded the scale will appear O/C.|✅ [Flat Surface] : To ensure accurate measurements place the Kitchen weighing scale on a flat surface.|✅ [Color] : This scale is white in color and made from PVC,https://m.media-amazon.com/images/I/414Cwv2guxL._SX300_SY300_QL70_FMwebp_.jpg,https://www.amazon.in/beatXP-Multipurpose-Portable-Electronic-Weighing/dp/B0B61DSF17/ref=sr_1_10?qid=1672923591&s=kitchen&sr=1-10
B07VQGVL68,Glun Multipurpose Portable Electronic Digital Weighing Scale Weight Machine (10 Kg - with Back Light),Home&Kitchen|Kitchen&HomeAppliances|SmallKitchenAppliances|DigitalKitchenScales,293,499,41%,3.9,44994,Wide LCD screen display easy to read Automatically locks the reading when data is stable|Low power consumption Low battery indicatorTare function Maximum Capacity 10kg|The scale will automatically switched off when it is in non-use condition in order to save power|High-precision tension meter sensing system 1G Measuring Increments Power by 1.5V 2 x AA batteries|Color: White With 3 Button on the scale that is on/offModeTare Material: PVC|Place weighing scale on flat surface to use,https://m.media-amazon.com/images/W/WEBP_402378-T1/images/I/31p014p14mL._SX342_SY445_QL70_FMwebp_.jpg,https://www.amazon.in/Multipurpose-Portable-Electronic-Digital-Weighing/dp/B07VQGVL68/ref=sr_1_11?qid=1672923591&s=kitchen&sr=1-11
B01LWYDEQ7,Pigeon Polypropylene Mini Handy and Compact Chopper with 3 Blades for Effortlessly Chopping Vegetables and Fruits for Your Kitchen (12420 Green 400 ml),Home&Kitchen|Kitchen&Dining|KitchenTools|ManualChoppers&Chippers|Choppers,199,495,60%,4.1,270563,Unique string function to chop vegetables and fruits with ease;Package Contents: 1-Piece Handy Chopper.Blade Length: 3 centimeters|Eco-friendly design no electricity required;Warranty: 30 Days Warranty Only On Manufacturing Defects|Made from unbreakable ABS plastic for long-lasting use Material: Polypropylene (PP);Sturdy 3-blade design made from Stainless Steel As this chopper by Pigeon can be opened and detached easily cleaning is an easy task using lukewarm water mild detergent and a soft cloth.Power Requirement: Manual|Size Name: Standard,https://m.media-amazon.com/images/I/41cVgYgAKpL._SX300_SY300_QL70_FMwebp_.jpg,https://www.amazon.in/Pigeon-Stovekraft-Plastic-Chopper-Blades/dp/B01LWYDEQ7/ref=sr_1_12?qid=1672923591&s=kitchen&sr=1-12
B07VNFP3C2,Prestige 1.5 Litre Kettle 1500-watts Red,Home&Kitchen|Kitchen&HomeAppliances|SmallKitchenAppliances|Kettles&HotWaterDispensers|ElectricKettles,749,1245,40%,3.9,31783,Warranty: 1 year warranty provided by the manufacturer from date of purchase|Max 3 differentiators great features - i)automatic cutoff ii) 360 degree swivel base iii)single touch lid locking. Lockable Lid:Yes|Power: 1500 watts Voltage(V): 230|Capacity: 1.5 liters  Power: 1500 watts|Customer should not wash the base of the kettle|For queries please call our customer care on all days from 8AM - 8PM|Customer should not fill the kettle above the maximum limit mentioned inside the kettle it they overfill at the time of boiling water will touch the lid and due to the heat plastic smell might come and also due to overfilling leakage will happen,https://m.media-amazon.com/images/W/WEBP_402378-T1/images/I/41JCf4kTKgL._SX300_SY300_QL70_FMwebp_.jpg,https://www.amazon.in/Prestige-1-5-Kettle-1500-watts-Red/dp/B07VNFP3C2/ref=sr_1_16?qid=1672923591&s=kitchen&sr=1-16
B00LUGTJGO,Bajaj RHX-2 800-Watt Room Heater (White),Home&Kitchen|HeatingCooling&AirQuality|RoomHeaters|ElectricHeaters,1399,1549,10%,3.9,2602,Efficient Warmth: Ideal for use in in small rooms this noiseless 800 Watts heater provides instant heating during winters. Effective Cord Length (in meters) 1.5|Personalized Comfort: Customize to your heating needs with two heat settings (500 W/ 1000 W)|Peace of Mind: Featuring dual safety device: Tip over switch against tilting and a Thermal fuse|Reliable & Safe: Our room heaters are dependable and they also come with a 2 Year warranty,https://m.media-amazon.com/images/I/519JHuNt1RL._SX300_SY300_QL70_FMwebp_.jpg,https://www.amazon.in/Bajaj-RHX-2-800-Watt-Room-Heater/dp/B00LUGTJGO/ref=sr_1_17?qid=1672923591&s=kitchen&sr=1-17
B01MQZ7J8K,Prestige Electric Kettle PKOSS - 1500watts Steel (1.5Ltr) Black,Home&Kitchen|Kitchen&HomeAppliances|SmallKitchenAppliances|Kettles&HotWaterDispensers|ElectricKettles,749,1445,48%,3.9,63350,Max 3 differentiators Great Features - i)Automatic Cutoff ii) 360 Degree Swivel Base iii)Single Touch lid locking|Voltage: 230V; Wattage: 1500W. Heating Element:Yes|Warranty: 1 Year BSNL/MTNL|i) Power - 1500 watts ii) Capacity - 1.5L iii) Material- Stainless Steel iv) Concealed Element|Troubleshooting guidelines: i)Never operate the appliance empty ii) Never lift the kettle from the base when the unit is in operation.|The large opening in the top allows easy access to the smooth seamless Stainless Steel interior for easy cleaning of mineral deposits|Features : Power indicator light that lights up as it begins to boil water and automatic shut-off after boiling ; Its water level indicator enables you to easily measure the amount of water you need,https://m.media-amazon.com/images/I/41XXjVSLyGL._SX300_SY300_QL70_FMwebp_.jpg,https://www.amazon.in/Prestige-Electric-Kettle-PKOSS-1500watts/dp/B01MQZ7J8K/ref=sr_1_18?qid=1672923591&s=kitchen&sr=1-18
B01GFTEV5Y,Pigeon by Stovekraft Cruise 1800 watt Induction Cooktop (Black),Home&Kitchen|Kitchen&HomeAppliances|SmallKitchenAppliances|InductionCooktop,1699,3193,47%,3.8,54032,Pigeon Cruise Induction Cooktop Comes with 7 segments LED display for power and temperature. This Induction Stove comes with high-grade electrical that protects against short circuits. It's superior top plate cans with-stand very high temperatures making it very durable;Smart timer for hands free cooking  Cord length : 1.3 meter. Worktop Material:Carbon Steel Preset timer - auto switch off  Soft push button Temperature Control: Manual|Induction Stove comes with 93-percent energy saving technology;Safety Standards: Cruise Induction Stove will start working only when the Induction base Cookware is kept on the top|Included: 1 - Pigeon Cruise Induction Stove and User Manual;Power Input: 220 V and Power Consumption: 1800 Watt|Warranty Description: 1 Year On Product,https://m.media-amazon.com/images/W/WEBP_402378-T1/images/I/411pUp4t0OL._SX300_SY300_QL70_FMwebp_.jpg,https://www.amazon.in/Pigeon-Stovekraft-Cruise-1800-Watt-Induction/dp/B01GFTEV5Y/ref=sr_1_20?qid=1672923591&s=kitchen&sr=1-20
B00NW4UWN6,Prestige PKGSS 1.7L 1500W Electric Kettle (Stainless Steel),Home&Kitchen|Kitchen&HomeAppliances|SmallKitchenAppliances|Kettles&HotWaterDispensers|ElectricKettles,1043,1345,22%,3.8,15592,Content: Prestige Electric Kettle 1.7L with concealed element and detachable power base|Net Quantity: 1 unit : Warranty: 1 year.Water Level Indicator:Yes|Specifications - power - 1500 watts  Voltage: 230V Material- stainless steel concealed element|Troubleshooting guidelines - Never operate the appliance empty Never lift the kettle from the base when the unit is in operation|Specifications - power - 1500 watts Material- stainless steel concealed element|Great Features - Automatic cutoff wide mouth for easy cleaning single touch lid locking|Includes: main unit user manual warranty card,https://m.media-amazon.com/images/W/WEBP_402378-T1/images/I/41J3yWKhnxL._SX300_SY300_QL70_FMwebp_.jpg,https://www.amazon.in/Prestige-PKGSS-Electric-Kettle-Stainless/dp/B00NW4UWN6/ref=sr_1_22?qid=1672923591&s=kitchen&sr=1-22
B01NCVJMKX,SHOPTOSHOP Electric Lint Remover Best Lint Shaver for ClothesLint Remover for Woolen Clothes Lint Remover for Sweaters,Home&Kitchen|Kitchen&HomeAppliances|VacuumCleaning&Ironing|IronsSteamers&Accessories|LintShavers,499,999,50%,4.1,4859,Smoothly takes off the lint from fabric suitable for sweaters woollens blanket . Timely clean the lint box . Great fabric grooming tool durable. Good quality material. Portable easily fits bags. Lightweight elegant handle design. Skid proof design easy to operate..|Please clear the blade area and fuz container after use ..|Superior quality product SHOPTOSHOP Electric Lint Remover Best Lint Shaver for ClothesLint Remover for Woolen Clothes Lint Remover For Sweaters|After using lint fuzz remover sweater will look just like new|Smoothly takes off the lint from fabric suitable for sweaters woolens blanket,https://m.media-amazon.com/images/W/WEBP_402378-T1/images/I/51MWh9t3Z2L._SX300_SY300_QL70_FMwebp_.jpg,https://www.amazon.in/SHOP-Plastic-Sweaters-Blankets-Multicolour/dp/B01NCVJMKX/ref=sr_1_23?qid=1672923591&s=kitchen&sr=1-23
B00O24PUO6,Orpat OEH-1260 2000-Watt Fan Heater (Grey),Home&Kitchen|HeatingCooling&AirQuality|RoomHeaters|FanHeaters,1464,1650,11%,4.1,14120,Meant for Spot Heating; Safety Mesh Grill; 100% Pure Copper Wire Motor for longer life|Room Size: Upto 250 sq ft|Ideal for a small/medium sized room only. Makes some noise due to fan|Non sagging stitching type and long life heating element|Safety cut-off  Auto-revolving Heater  Overheat Protection  Touch Sensor|Thermal cut-off for added safety|Two heat settings-1000 watts and 2000 watts,https://m.media-amazon.com/images/W/WEBP_402378-T1/images/I/41DwZuxPCaL._SY300_SX300_QL70_FMwebp_.jpg,https://www.amazon.in/Orpat-OEH-1260-2000-Watt-Heater-Grey/dp/B00O24PUO6/ref=sr_1_24?qid=1672923591&s=kitchen&sr=1-24
B07GXPDLYQ,PRO365 Indo Mocktails/Coffee Foamer/Cappuccino/Lemonade/Milk Frother (6 Months Warranty),Home&Kitchen|Kitchen&HomeAppliances|SmallKitchenAppliances|HandBlenders,249,499,50%,3.3,8427,✅【Get Creamy Froth Quickly】With a higher speed motor this milk frother spins quickly and smoothly. It makes best creamy froth with milk heated . Enjoy your favorite coffee with foam topping in seconds.|✅【For Perfect Froth】This coffee frother is powered by 2 AA batteries it brings creamy froth instantly. Within 1 minute you get a glass filled with milk foam for your coffee.|✅【Enjoy Your Latte Anywhere】Missing your morning latte when travelling? Just take this portable frother on the road. Small yet effective easily to make your cafe style cappuccino|✅【100% Satisfaction] We aim to provide high quality product and stand behind it with a full replacement service. In case you have any issues just contact us and we will make it right for you at any time!,https://m.media-amazon.com/images/I/31MmLP6awML._SX300_SY300_QL70_FMwebp_.jpg,https://www.amazon.in/PRO365-Electric-Coffee-Stirrer-Frother/dp/B07GXPDLYQ/ref=sr_1_25?qid=1672923591&s=kitchen&sr=1-25
B01C8P29N0,Bajaj DX-6 1000W Dry Iron with Advance Soleplate and Anti-bacterial German Coating Technology White,Home&Kitchen|Kitchen&HomeAppliances|VacuumCleaning&Ironing|IronsSteamers&Accessories|Irons|DryIrons,625,1400,55%,4.2,23316,R.D. & COMPANY Majesty DX 6 1000-Watt Dry Iron (White),https://m.media-amazon.com/images/W/WEBP_402378-T2/images/I/31ke2NdHJ-L._SY300_SX300_QL70_FMwebp_.jpg,https://www.amazon.in/Bajaj-Majesty-1000-Watt-Iron-White/dp/B01C8P29N0/ref=sr_1_26?qid=1672923591&s=kitchen&sr=1-26
B08KDBLMQP,Croma 500W Mixer Grinder with 3 Stainless Steel Leak-proof Jars 3 speed & Pulse function 2 years warranty (CRAK4184 White & Purple),Home&Kitchen|Kitchen&HomeAppliances|SmallKitchenAppliances|MixerGrinders,1290,2500,48%,4,6530,Powerful Motor - 500W motor for best grinding experience even with tough ingredients like black whole gram (dal) for preparing tasty vadas and dosas; Power requirement: 230VAC 50Hz|Specialized stainless steel blades helps you to cut even the toughest ingredients and gives the finest paste and purees for daily cooking of chutneys dips masalas and pastes; Motor overload protection for safety|3 detachable stainless steel jars with polished blades for fine grinding (Wet & Dry Grinding Jar (0.5 Liters) Liquidizing & Blending Jar (1 Liters) Chutney Jar (0.3 Liters)) and The jars are leak-proof for spill-free grinding experience; Jar Material: Stainless Steel ; Blade Material : Stainless Steel ; Body Material: ABS body|This product does not require installation. Safeguards your motor by automatically shutting it off in case of over heating; Power Cord: 1.5M|Warranty - 2 years serviceable onsite warranty; Manufactured In: India,https://m.media-amazon.com/images/I/41i1uzCEyWL._SX300_SY300_QL70_FMwebp_.jpg,https://www.amazon.in/Croma-500-Watt-Grinder-CRAK4184-Purple/dp/B08KDBLMQP/ref=sr_1_27?qid=1672923591&s=kitchen&sr=1-27
B078JDNZJ8,Havells Instanio 3-Litre Instant Geyser (White/Blue),Home&Kitchen|HeatingCooling&AirQuality|WaterHeaters&Geysers|InstantWaterHeaters,3600,6190,42%,4.3,11924,LED Indicator: Colour-changing LEDs that change from blue to amber to indicate the hotness of the water|Outer Body: Rust and shock proof ABS outer body for long life|Inner Tank: Stainless steel inner tank of 304 grade|Power Cord: Fire retardant power cord for maximum safety|0.65 MPa Bar Pressure: Suitable for high rise buildings and pressure pump applications|ISI Marked and ISI certification|Capacity: 3 liters Heating element: Copper Heating element,https://m.media-amazon.com/images/W/WEBP_402378-T1/images/I/31991seDfcL._SY300_SX300_QL70_FMwebp_.jpg,https://www.amazon.in/Havells-Instanio-3-Litre-Instant-Geyser/dp/B078JDNZJ8/ref=sr_1_28?qid=1672923591&s=kitchen&sr=1-28
B01M5F614J,Morphy Richards OFR Room Heater 09 Fin 2000 Watts Oil Filled Room Heater  ISI Approved (OFR 9 Grey),Home&Kitchen|HeatingCooling&AirQuality|RoomHeaters,6549,13999,53%,4,2961,The oil-filled radiator with 9 fins will ensure that the warmth reaches the farthest corners of your room. The thin fins allow the heat to be transferred more rapidly from the heater into the room raising the temperature in the room in just a few minutes;Adjustable thermostat to maintain desired room temperature. Touch Sensor : No|Castor wheels with mounting plate for easy mobility Back cover & humidifier;Power selection knob|Warranty: 1 year on product;Power: 2 watts|Includes: Oil filled radiator and Warranty card|Size Name: Standard,https://m.media-amazon.com/images/W/WEBP_402378-T1/images/I/31HzCDKv6ZL._SX300_SY300_QL70_FMwebp_.jpg,https://www.amazon.in/Morphy-Richards-OFR-09-2000-Watt/dp/B01M5F614J/ref=sr_1_29?qid=1672923591&s=kitchen&sr=1-29
B083GKDRKR,Havells Aqua Plus 1.2 litre Double Wall Kettle / 304 Stainless Steel Inner Body / Cool touch outer body / Wider mouth/ 2 Year warranty (Black 1500 Watt),Home&Kitchen|Kitchen&HomeAppliances|SmallKitchenAppliances|Kettles&HotWaterDispensers|ElectricKettles,1625,2995,46%,4.5,23484,Auto shut off function|Integrated stainless steel function. 360° Cordless Kettle|304 stainless steel interior with no plastic|Energy saving cool touch outer body with no scalding hazard|Wide mouth for ease filling pouring and cleanin,https://m.media-amazon.com/images/I/31S74o1sCSS._SY300_SX300_QL70_FMwebp_.jpg,https://www.amazon.in/HAVELLS-Kettle-Coffee-Boiler-Stainless/dp/B083GKDRKR/ref=sr_1_30?qid=1672923591&s=kitchen&sr=1-30
B097R2V1W8,Bajaj Splendora 3 Litre 3KW IWH Instant Water Heater (Geyser) White,Home&Kitchen|HeatingCooling&AirQuality|WaterHeaters&Geysers|InstantWaterHeaters,2599,5890,56%,4.1,21783,ABS outer body with SS tank|Copper heating element with efficient longer life|Suitable for 6 bar pressure|Unique Weldfree joint in outer metal body|It come with fire retardent cable and neon indicator for heating,https://m.media-amazon.com/images/W/WEBP_402378-T2/images/I/31zh7GQSkfL._SX300_SY300_QL70_FMwebp_.jpg,https://www.amazon.in/Bajaj-Splendora-Instant-Water-Heater/dp/B097R2V1W8/ref=sr_1_28?qid=1672923592&s=kitchen&sr=1-28
B07YR26BJ3,KENT 16052 Elegant Electric Glass Kettle 1.8L 2000 W | Blue LED Illumination | Borosilicate Glass Body | Boil Drying Protection | Used as Boiler | Milk | Tea | Water & Soup | 1 Year Warranty,Home&Kitchen|Kitchen&HomeAppliances|SmallKitchenAppliances|Kettles&HotWaterDispensers|Kettle&ToasterSets,1199,2000,40%,4,14030,Power - 2000 W|Capacity - 1.8 L|Durable and Long-lasting,https://m.media-amazon.com/images/I/4150hW2kHwL._SX300_SY300_QL70_FMwebp_.jpg,https://www.amazon.in/KENT-Elegant-Electric-Kettle-Silver/dp/B07YR26BJ3/ref=sr_1_29?qid=1672923592&s=kitchen&sr=1-29
B097R45BH8,Bajaj New Shakti Neo 15L Vertical Storage Water Heater (Geyser 15 litres) 4 Star BEE Rated Heater For Water Heating with Titanium Armour Swirl Flow Technology Glasslined Tank (White) 1 Yr Warranty,Home&Kitchen|HeatingCooling&AirQuality|WaterHeaters&Geysers|StorageWaterHeaters,5499,13150,58%,4.2,6398,Copper element with efficient longer life|Suitable for 8 bar pressure|Unique Weldfree joint in outer metal body|It comes with Titanium glass lined enamel coated mild steel tank|Installation is not provided free by the brand,https://m.media-amazon.com/images/I/31U-ACCgQ1L._SX300_SY300_QL70_FMwebp_.jpg,https://www.amazon.in/Bajaj-Shakti-Heater-Multiple-Safety/dp/B097R45BH8/ref=sr_1_30?qid=1672923592&s=kitchen&sr=1-30
B09X5C9VLK,Lifelong LLMG23 Power Pro 500-Watt Mixer Grinder with 3 Jars (Liquidizing Wet Grinding and Chutney Jar) Stainless Steel blades 1 Year Warranty (Black),Home&Kitchen|Kitchen&HomeAppliances|SmallKitchenAppliances|MixerGrinders,1299,3500,63%,3.8,44050,3 jars liquidizing jar (1.5 liters) dry or wet grinding jar (0.8 liters) chutney jar (0.35 liters)|Operating Voltage: 220 - 240 volts Frequency: 50Hz 1Phase|The mixer has three blades at the bottom that grinds all your ingredients to a smooth paste or powder ; Revolutions: 18000 RPM ; Material: Stainless Steel|3 speed control motor; Multi-functional blade system|Operating noise levels between 80-90 dB; Initial burning smell is to be expected due to evaporating varnish which is normal|Lifelong LLMG23 Power Pro Mixer Grinder comes with 1 Year Domestic Warranty from the date of purchase,https://m.media-amazon.com/images/I/413sK6yat-L._SX300_SY300_QL70_FMwebp_.jpg,https://www.amazon.in/Lifelong-LLMG23-500-Watt-Liquidizing-Stainless/dp/B09X5C9VLK/ref=sr_1_31?qid=1672923592&s=kitchen&sr=1-31
B01C8P29T4,Bajaj Majesty DX-11 1000W Dry Iron with Advance Soleplate and Anti-bacterial German Coating Technology White and Blue,Home&Kitchen|Kitchen&HomeAppliances|VacuumCleaning&Ironing|IronsSteamers&Accessories|Irons|DryIrons,599,785,24%,4.2,24247,360 Degrees swivel cord. Steam Burst : No|American heritage coating non stick sole plate|Dual color|Safety plus thermal fuse|Other Comfort Features: Multiple Temperature Levels|Warranty: 2 years on product|Power: 1000 watts Frequency: 50 Hz Power Input: 230 V ; Indicator light for on and off ; Automatic Shut Down and Temperature Control ; Cord length: 1.7m,https://m.media-amazon.com/images/W/WEBP_402378-T1/images/I/41jBJfPQFwL._SY300_SX300_QL70_FMwebp_.jpg,https://www.amazon.in/Bajaj-Majesty-1000-Watt-Iron-White/dp/B01C8P29T4/ref=sr_1_33?qid=1672923592&s=kitchen&sr=1-33
B00HVXS7WC,Bajaj Rex 500W Mixer Grinder with Nutri-Pro Feature 3 Jars White,Home&Kitchen|Kitchen&HomeAppliances|SmallKitchenAppliances|MixerGrinders,1999,3210,38%,4.2,41349,Wattage: 500 W; Voltage: 220-240V ; Revolution: 20000|No of Jars: 3; Jar Size: 1.20 Litre liquidizing jar 0.8 Litre multi purpose jar 0.3 Litre chutney jar; Jar Material: Stainless Steel; Body Material: ABS; Cord Material: PVC; Blade Material: Stainless Steel; Speed Control: 3 speed control with incher for momentary operation|Do not worry if you experience some burning smell when you run your mixer grinder for the 1st time.This is due to the motor varnish getting heated for the 1st timeThe problem should not recur in subsequent uses. If it does please contact Brand Service Centre; Since your mixer grinder runs on a powerful motor there will be some noise. If the noise level seems abnormal please contact Brand Service Centre|Since your mixer grinder runs on a powerful motor there will be some noise if noise level seems to be abnormal then please contact brand customer support team; Do not worry if you experience some burning smell when you run your mixer grinder for the 1st time|Sturdy stainless steel jars for liquidizing  wet/dry grinding and chutney making|Easy grip jar handles|Multi-functional blade system. Elegant body design,https://m.media-amazon.com/images/W/WEBP_402378-T1/images/I/31rucE-db2L._SX300_SY300_QL70_FMwebp_.jpg,https://www.amazon.in/Bajaj-Rex-500-Watt-Mixer-Grinder/dp/B00HVXS7WC/ref=sr_1_34?qid=1672923592&s=kitchen&sr=1-34
B096YCN3SD,Lifelong LLEK15 Electric Kettle 1.5L with Stainless Steel Body Easy and Fast Boiling of Water for Instant Noodles Soup Tea etc. (1 Year Warranty Silver),Home&Kitchen|Kitchen&HomeAppliances|SmallKitchenAppliances|Kettles&HotWaterDispensers|Kettle&ToasterSets,549,1000,45%,3.6,1074,Stainless steel body concealed element and single touch lid locking|High capacity of 1.5L ideal for tea and coffee ; Operating Mode: Corded ; Heating Element: Concealed ; Water Level Indicator: No|360 degree swivel base for usage convenience|Over-heating safety protection|Automatic cut-off when water has boiled to ensure safety and power saving|Power: 1500 watts; Operating Voltage: 220 - 240 volts|Includes: Electric kettle and Warranty card,https://m.media-amazon.com/images/W/WEBP_402378-T1/images/I/41h9kA2Tt7S._SX300_SY300_QL70_FMwebp_.jpg,https://www.amazon.in/Lifelong-LLEK15-Electric-Stainless-Warranty/dp/B096YCN3SD/ref=sr_1_35?qid=1672923592&s=kitchen&sr=1-35
B09LQH3SD9,Lifelong LLQH922 Regalia 800 W (ISI Certified) Quartz Room Heater with 2 Power settings Overheating Protection 2 Rod Heater (1 Year Warranty White),Home&Kitchen|HeatingCooling&AirQuality|RoomHeaters|ElectricHeaters,999,2000,50%,3.8,1163,Power : 800 Watts (with 2 Power settings – 400 Watts and 800 Watts)|Meant for Spot Heating; Voltage/Frequency: 230V/50Hz/1 Phase|Powerful and Stylish Room Heater for Room Size: Upto 150 sq ft|Safety tip over switch cuts off the heater in case it tilts or falls|Designed for low power consumption and silent noiseless operation|Cord Length (in meters : 1.5)|Country of Origin: India,https://m.media-amazon.com/images/I/51DxyRgcEdL._SX300_SY300_QL70_FMwebp_.jpg,https://www.amazon.in/Lifelong-LLQH922-Certified-Overheating-Protection/dp/B09LQH3SD9/ref=sr_1_36?qid=1672923592&s=kitchen&sr=1-36
B09KNMLH4Y,R B Nova Lint/Fabric Shaver for Cloths Lint Remover for Woolen Sweaters Blankets Jackets/Burr Remover Pill Remover from Carpets Pack of 1,Home&Kitchen|Kitchen&HomeAppliances|VacuumCleaning&Ironing|IronsSteamers&Accessories|LintShavers,398,1999,80%,4.1,257,Quick and efficient Switch to turn it on and gently run the shaving head over the surface of the clothes.|Corded The lint remover runs on an inbuilt battery and has a corded wire. Battery operated lint removers run out of power after a few times of use but you save hundreds on batteries with this corded lint remover.|Dual protection The adjustable height spacer protects your garments from being cut or snagged or caught. It also protects and reinforces your hands from accidentally touching the shaver foil. A cleaning brush is included in the pack to help you easily clean your appliance after use.|Smart design With large shaving head detachable lint catcher and comfort grip handle. Slide downward to release the lint catcher gently to remove and clean the collected lint. The comfort grip handle allows the lint remover to fit comfortably in your hand giving you a good and control as you de-fuzz your garments|Easily remove fabric fluff fuzz bobbles pills burr or roye from all types of garments and fabrics,https://m.media-amazon.com/images/I/51oPN7WqUwL._SY300_SX300_QL70_FMwebp_.jpg,https://www.amazon.in/Remover-Sweaters-Blankets-Jackets-Carpets/dp/B09KNMLH4Y/ref=sr_1_37_mod_primary_new?qid=1672923592&s=kitchen&sbo=RZvfv%2F%2FHxDF%2BO5021pAnSA%3D%3D&sr=1-37
B00ABMASXG,Bajaj Immersion Rod Water Heater 1500 Watts Silver,Home&Kitchen|HeatingCooling&AirQuality|WaterHeaters&Geysers|ImmersionRods,539,720,25%,4.1,36017,No Installation is required|Product Dimensions: 40 Cms|Type : Rod  Power Requirement :230 - 250 V 50 - 60 Hz  Low Cost Water Heating|Anti-corrosive Material ; Low Cost Water Heating ; Consumes less energy ; Heating Element Type: Hairpin Tubular Element|Warranty : 1 years on Product,https://m.media-amazon.com/images/W/WEBP_402378-T2/images/I/31Q16tE2voL._SX300_SY300_QL70_FMwebp_.jpg,https://www.amazon.in/Bajaj-1500-Watt-Immersion-Heater-Plug/dp/B00ABMASXG/ref=sr_1_38?qid=1672923592&s=kitchen&sr=1-38
B07QDSN9V6,INALSA Electric Kettle 1.5 Litre with Stainless Steel Body - Absa|Auto Shut Off & Boil Dry Protection Safety Features| Cordless Base & Cord Winder|Hot Water Kettle |Water Heater Jug,Home&Kitchen|Kitchen&HomeAppliances|SmallKitchenAppliances|Kettles&HotWaterDispensers|ElectricKettles,699,1595,56%,4.1,8090,Fast boiling electric kettle: This kettle boils water in just 2-3 minutes. Conveniently prepare hot tea delicious cocoa or instant soup in short time|Extra large capacity: Humanized design and large-capacity of 1.5 L can help you make multiple cups of tea or coffee at the same time convenient and time-savingIt might be a good size kettle for your family and friends gathering. Power Supply: AC 220-240 V.Cord Plug / Length 3Pins 0.75mt|Concealed heating element : This electric kettle is convenient and safe with Concealed heating elementThis avoids calcification and makes your kettle long lasting|Design built for safety: Absa features extra-ordinary safety measures like the automatic shut-off dry boiling and over-heat protection to ensure your safety|100% Stainless steel: The material used for the body of the tea kettle is Stainless steel that adds to its durabilityThe water does not contact with plastic so you don’t worry about the contamination from plastic materials and chemicals|Cordless design: This electric kettle allows for easy filling and serving. With its 360-deg cordless pirouette base this kettle comes in handy and portableIt allows freedom of movement for your convenience|Cord-winder: The cord can be wrapped around the base so that the kettle is easy to place in your kitchen,https://m.media-amazon.com/images/W/WEBP_402378-T1/images/I/317ws2QblnL._SX300_SY300_QL70_FMwebp_.jpg,https://www.amazon.in/Inalsa-Electric-Kettle-Absa-1500W-Capacity/dp/B07QDSN9V6/ref=sr_1_39?qid=1672923592&s=kitchen&sr=1-39
B00YMJ0OI8,Prestige PIC 20 1600 Watt Induction Cooktop with Push button (Black),Home&Kitchen|Kitchen&HomeAppliances|SmallKitchenAppliances|InductionCooktop,2148,3645,41%,4.1,31388,Content: Prestige Induction Cooktop-Pic 20.0|Net Quantity: 1 Unit. Extended Cooling Sysytem|Voltage: 230V Wattage: 1600Watt|Note: Kindly refer to 6th and 7th Image for error codes and their respective solutions|Troubleshooting guidelines: Works only with Induction base cookware- bottom diameter between 12cm-26cm|Type of Control Panel - Push button|Great Features - i)Indian Menu Options ii) Aerodynamic cooling system iii) Automatic voltage regulator saves power,https://m.media-amazon.com/images/I/41Y8kHM144L._SY300_SX300_QL70_FMwebp_.jpg,https://www.amazon.in/Prestige-PIC-20-Induction-Cooktop/dp/B00YMJ0OI8/ref=sr_1_43?qid=1672923592&s=kitchen&sr=1-43
B0B8XNPQPN,Pigeon Healthifry Digital Air Fryer 360° High Speed Air Circulation Technology 1200 W with Non-Stick 4.2 L Basket - Green,Home&Kitchen|Kitchen&HomeAppliances|SmallKitchenAppliances|DeepFatFryers|AirFryers,3599,7950,55%,4.2,136,Only Air Fryer with Appointment Function used to make fried foods such as meat pastries and potato chips.|AIR FRYER CAPACITY: 4.2 litre capacity is enough to enjoy your favorite French fries samosas and nuggets without having to worry|HEALTHIER FRIED FOOD: Pigeon Healthifry Digital Air Fryer is a tool that is used to cook food with 85% less oil which means with only one spoon of oil you can cook your favorite food items. 360° HIGH SPEED AIR CIRCULARION TECHNOLOGY: Air fryers work by circulating hot air around a food item to create the same crispiness as traditional fried foods.|POWERFUL 1200 Watts: It heats up very quickly cook food evenly and swiftly due to the combined presence of a concentrated heat source and the size and placement of the fan.|NON-STICK FOOD BASKET: 4.2 L Food Basket is Non-Stick that will allow food to be brown without sticking to the pan.,https://m.media-amazon.com/images/I/31Jad8ITgaL._SX300_SY300_QL70_FMwebp_.jpg,https://www.amazon.in/Pigeon-Healthifry-Circulation-Technology-Non-Stick/dp/B0B8XNPQPN/ref=sr_1_44?qid=1672923592&s=kitchen&sr=1-44
B0814P4L98,PrettyKrafts Laundry Basket for clothes with Lid & Handles Toys Organiser 75 Ltr Black & Grey,Home&Kitchen|HomeStorage&Organization|LaundryOrganization|LaundryBaskets,351,999,65%,4,5380,MULTIFUNCTIONAL LAUNDRY BAG - Useful for homes apartments bathroom student's dormitory and hostels. Also help you to store other stuff such as umbrellas toys shoes etc Make your room look clean tidy and save space|Needs no assembly - Folds when not in use. Volume: 75 litre. Package contains 1 Laundry Basket.|FOLDABLE STORAGE CONTAINERS - This box is foldable for space-saving easy to set up and convenient to carry. Can be folded when not in use|HIGH QUALITY - Made from non-woven fabric with strong durable stitching which is environmentally friendly durable wear and tear-resistant fabric anti-wrinkle-free lightweight|Dimension: Length(15)inch x Width(14)inch x Height(21.5)inch,https://m.media-amazon.com/images/I/41oxCycQ4BL._SX300_SY300_QL70_FMwebp_.jpg,https://www.amazon.in/PrettyKrafts-Laundry-Basket-Clothes-Handles/dp/B0814P4L98/ref=sr_1_45?qid=1672923592&s=kitchen&sr=1-45
B008QTK47Q,Philips GC1905 1440-Watt Steam Iron with Spray (Blue),Home&Kitchen|Kitchen&HomeAppliances|VacuumCleaning&Ironing|IronsSteamers&Accessories|Irons|SteamIrons,1614,1745,8%,4.3,37974,To Prevent Water Leakage keep the iron horizontal when not in use do not fill water completely leave some gap and wait for some time for the iron to heat up before using the iron|Easy and super fast filling of the watertankEasy and super fast emptying of the watertankA fine spray evenly moistens the fabric; Continuous steam output up to 13 g/minAluminium soleplate for easy gliding on all fabrics|Warranty: 2 years on productPower: 1440 watts ; Power Input: 240V and Frequency: 50 Hz ; Water tank capacity: 180ml ; Power cord length: 1.8m ; Calc clean solution: Self clean|Knob should always be at no steam position when product is not in use. Second and third setting is used only when soleplate is hot. Otherwise leakage will happen|Size Name: Free Size,https://m.media-amazon.com/images/W/WEBP_402378-T1/images/I/41Xp77o+-YL._SX300_SY300_.jpg,https://www.amazon.in/Philips-GC1905-1440-Watt-Steam-Spray/dp/B008QTK47Q/ref=sr_1_47?qid=1672923592&s=kitchen&sr=1-47
B088ZTJT2R,Havells Immersion HB15 1500 Watt (White Blue),Home&Kitchen|HeatingCooling&AirQuality|WaterHeaters&Geysers|ImmersionRods,719,1295,44%,4.2,17218,Nickel plating for corrosion resistanceThermal Cut Off : No|Efficient heat transfer heating element. Power: 1500 watts; Operating Voltage: 220 - 230 volts. Rated Voltage :50 Hz AC|Touch protection cover|Elegant & Sturdy bucket hook|ISI marked 3 pin modeled plug|Waterproof|Heating Indicator,https://m.media-amazon.com/images/I/31flPimoFpL._SX300_SY300_QL70_FMwebp_.jpg,https://www.amazon.in/Havells-Immersion-HB15-1500-White/dp/B088ZTJT2R/ref=sr_1_48_mod_primary_new?qid=1672923592&s=kitchen&sbo=RZvfv%2F%2FHxDF%2BO5021pAnSA%3D%3D&sr=1-48
B0BK1K598K,AGARO LR2007 Lint Remover Rechargeable for Woolen Sweaters Blankets Jackets Burr Remover Pill Remover From Carpets Curtains,Home&Kitchen|Kitchen&HomeAppliances|VacuumCleaning&Ironing|IronsSteamers&Accessories|LintShavers,678,1499,55%,4.2,900,Efficiently removes fabric fluff fuzz bobbles pills burr or roye from all types of garments fabrics and restores to a fresh look|5W motor with 6500 RPM ensures quick and smooth removal of lints|3 leaf stainless steel blades eliminates the lint smoothly and prevents the fabric from getting damaged|Rechargeable lithium ion battery gives 60 minutes of cordless use with 1 hours of recharge|The smart safety features ensures the device to work only once the steel mesh cover is properly and tightly fitted to avoid injury,https://m.media-amazon.com/images/W/WEBP_402378-T1/images/I/4171TGwCHvL._SX300_SY300_QL70_FMwebp_.jpg,https://www.amazon.in/AGARO-Rechargeable-Sweaters-Blankets-Curtains/dp/B0BK1K598K/ref=sr_1_49_mod_primary_new?qid=1672923592&s=kitchen&sbo=RZvfv%2F%2FHxDF%2BO5021pAnSA%3D%3D&sr=1-49
B09Y5FZK9N,Pigeon 1.5 litre Hot Kettle and Stainless Steel Water Bottle Combo used for boiling Water Making Tea and Coffee Instant Noodles Soup 1500 Watt with Auto Shut- off Feature - (Silver),Home&Kitchen|Kitchen&HomeAppliances|SmallKitchenAppliances|Kettles&HotWaterDispensers|Kettle&ToasterSets,809,1545,48%,3.7,976,Classic Design: The classical mirror polish of the appearance makes your electric kettle 1.5 Litre unique and aesthetic which can match any type of kitchen design and 360° swivel base is connected with standard power cord for safe usage and convenient storage|Cordless Pouring: The electric kettle 1.5 Litre can be easily lifts from its swivel base for easy filling at the sink and graceful serving without the hassle of a power cord; it can also be returned to its power source from any direction great for right and left-handed users.|Convenient: The cordless auto shut off & BPA-Free electric kettle 1.5 Litre makes a striking presence on any kitchen counter or buffet in preparing and serving and it is easy for storage|Fast Boil: This 1500 Watt electric kettle has concealed heating elements and can boil up to 1.5 litres of water in 5 to 7 minutes quicker and safer. Start your day with a cup of instant lemon tea green tea hot water.|Easy Clean: Use white vinegar baking soda water cleaning bottle brush and microfiber cloth to clean your electric kettle 1.5 litre and keep it looking new.,https://m.media-amazon.com/images/I/41HqmhflMWL._SX300_SY300_QL70_FMwebp_.jpg,https://www.amazon.in/Pigeon-Stainless-boiling-Instant-Noodles/dp/B09Y5FZK9N/ref=sr_1_50?qid=1672923592&s=kitchen&sr=1-50
B09J2SCVQT,NutriPro Juicer Mixer Grinder - Smoothie Maker - 500 Watts (3 Jars 2 Blades),Home&Kitchen|Kitchen&HomeAppliances|SmallKitchenAppliances|JuicerMixerGrinders,1969,5000,61%,4.1,4927,Make Smoothies and Juices within seconds.|Also suitable for dry grinding chutneys and dips|Powerful 500 W copper motor can grind almost any food.|Best in the segment customer support and quality|Includes easy to make and carry sipper jar,https://m.media-amazon.com/images/W/WEBP_402378-T1/images/I/41TUgf0W8uL._SX300_SY300_QL70_FMwebp_.jpg,https://www.amazon.in/NutriPro-Bullet-Juicer-Grinder-Blades/dp/B09J2SCVQT/ref=sr_1_52?qid=1672923592&s=kitchen&sr=1-52
B00TDD0YM4,Philips GC026/30 Fabric Shaver Lint Remover for Woolen Sweaters Blankets Jackets/Burr Remover Pill Remover from Carpets Curtains (White),Home&Kitchen|Kitchen&HomeAppliances|VacuumCleaning&Ironing|IronsSteamers&Accessories|LintShavers,1490,1695,12%,4.4,3543,Easily remove fabric fluff fuzz bobbles pills burr or roye from all types of garments and fabrics|Helps to Restores your clothes and fabrics to a fresh new look|Up to 8800 rounds/min blade rotation for effective removal-Suitable for all garments|3 sizes of holes in the mesh to tackle all sizes of pills|Warranty: 2 years on product|Includes: 1 Fabric Shaver 2 x AA batteries and Cleaning Brush|Large blade surface for covering a large area at once,https://m.media-amazon.com/images/I/41E0TjbPBAL._SX300_SY300_QL70_FMwebp_.jpg,https://www.amazon.in/Philips-GC026-30-Fabric-Shaver/dp/B00TDD0YM4/ref=sr_1_54?qid=1672923592&s=kitchen&sr=1-54
B078KRFWQB,Havells Cista Room Heater White 2000 Watts,Home&Kitchen|HeatingCooling&AirQuality|RoomHeaters|ElectricHeaters,2499,3945,37%,3.8,2732,Cool touch body with One year warranty|Warranty: One year warranty|Includes: room Heater|Heat setting: Two heat Settings: 1 W & 2 W ; Peak Air Velocity: 3. m/s ; Power input: (22 - 24)V ; Power consumption: 1 W  2 W ; Frequency (hertz): AC 5 Hz|Touch Sensor: No,https://m.media-amazon.com/images/W/WEBP_402378-T2/images/I/410H+3lohIL._SX300_SY300_.jpg,https://www.amazon.in/Havells-Cista-room-Heater/dp/B078KRFWQB/ref=sr_1_52?qid=1672923593&s=kitchen&sr=1-52
B07SRM58TP,AGARO Regal 800 Watts Handheld Vacuum Cleaner Lightweight & Durable Body Small/Mini Size ( Black),Home&Kitchen|Kitchen&HomeAppliances|VacuumCleaning&Ironing|Vacuums&FloorCare|Vacuums|HandheldVacuums,1665,2099,21%,4,14368,Efficient 800W motor 6.5 kPa suction|Durable ABS & compact body|Crevice nozzle to clean Hard-To-Reach areas|0.8 Ltr dust collecting capacity|Equipped with multiple cleaning brushes|5 Metres long cord for uninterrupted cleaning|Warranty 1 Year for any further query please call our customer care on 9821486487 or write to us at info@u,https://m.media-amazon.com/images/W/WEBP_402378-T1/images/I/41IymCXFA7L._SX300_SY300_QL70_FMwebp_.jpg,https://www.amazon.in/AGARO-800-Watt-Handheld-Cleaner-Durable/dp/B07SRM58TP/ref=sr_1_53?qid=1672923593&s=kitchen&sr=1-53
B00EDJJ7FS,Philips Viva Collection HD4928/01 2100-Watt Induction Cooktop with Feather Touch Sensor and Crystal Glass Plate (Black),Home&Kitchen|Kitchen&HomeAppliances|SmallKitchenAppliances|InductionCooktop,3229,5295,39%,4.2,39724,Philips Domestic Appliances is Asia’s most trusted brand(As per Research by ibrands360 & WCRCINT. Category: Home Appliances.),https://m.media-amazon.com/images/I/41Bnylq337S._SX300_SY300_QL70_FMwebp_.jpg,https://www.amazon.in/Philips-Collection-HD4928-01-2100-Watt/dp/B00EDJJ7FS/ref=sr_1_54?qid=1672923593&s=kitchen&sr=1-54
B0832W3B7Q,Pigeon By Stovekraft ABS Plastic Acer Plus Induction Cooktop 1800 Watts With Feather Touch Control - Black,Home&Kitchen|Kitchen&HomeAppliances|SmallKitchenAppliances|InductionCooktop,1799,3595,50%,3.8,9791,1800 Watt Power Consumption. Power Input : AC 230 - 250 V 50 Hz|35% energy savings compared to LPG Cooking|Preset timer - Auto switch off|8 Menus - Installed Induction cooktop|LED Display for temperature indication|Smart timer for hands free cooking; Suitable for making dosa roti deep fry idli heating milk making curry|This cooktop comes with high-grade electrical that protects against short circuits. It's superior top plate cans with-stand very high temperatures making it very durable Cord length : 1.5 meter;Warranty: 1 year warranty provided by the manufacturer from date of purchase on manufacturing defects;Included_Components: 1 Pigeon Acer plus Induction cooktop|Suitable for gifting on Diwali and other special occasions.,https://m.media-amazon.com/images/W/WEBP_402378-T2/images/I/41xXipZ7vjL._SX300_SY300_QL70_FMwebp_.jpg,https://www.amazon.in/Pigeon-Stovekraft-Acer-Plus-Induction/dp/B0832W3B7Q/ref=sr_1_55?qid=1672923593&s=kitchen&sr=1-55
B07WNK1FFN,AGARO Esteem Multi Kettle 1.2 Litre 600W with 3 Heating Modes & Rapid Boil Technology,Home&Kitchen|Kitchen&HomeAppliances|SmallKitchenAppliances|Kettles&HotWaterDispensers|ElectricKettles,1260,1699,26%,4.2,2891,Multiple usage- Boil Water prepare eggs tea noodles etc.;Capacity: 1.2 Litres 600 Watts|3 Heating Modes- Boiling Heating & Keeping Warm;Easy to clean wide mouth|Transparent glass lid for superior cooking;Accessories: Stainless Steel Grill Egg Boiler Rack Plastic Bowl|360 degree swivel detachable power base|Size Name: 1.2 Liter; Color Name: Black,https://m.media-amazon.com/images/I/41NW-vJum5L._SX300_SY300_QL70_FMwebp_.jpg,https://www.amazon.in/Agaro-Esteem-Multi-Kettle-1-2/dp/B07WNK1FFN/ref=sr_1_56?qid=1672923593&s=kitchen&sr=1-56
B009P2LK08,Bajaj Minor 1000 Watts Radiant Room Heater (Steel ISI Approved),Home&Kitchen|HeatingCooling&AirQuality|RoomHeaters|ElectricHeaters,749,1129,34%,4,2446,Radiant Warmth: Ideal for use in in small rooms this 1000 Watts heater provides instant heating during winters|Peace of Mind: Featuring cotton braided cord for safety and Nickel Chromium Plated mesh grid for effective heating|Convenient & Elegant: This room heater comes with SS reflector and tilting legs for easy mobility|Reliable & Safe: Our room heaters are dependable and they also come with a 2 Year warranty|Cord Length (in meters : 1.5)|Nickle chrome plated mesh grid,https://m.media-amazon.com/images/W/WEBP_402378-T1/images/I/41B-iX4Pf5L._SX300_SY300_QL70_FMwebp_.jpg,https://www.amazon.in/Bajaj-Minor-1000-Watt-Room-Heater/dp/B009P2LK08/ref=sr_1_57?qid=1672923593&s=kitchen&sr=1-57
B07DGD4Z4C,Butterfly Jet Elite Mixer Grinder 750W 4 Jars (Grey),Home&Kitchen|Kitchen&HomeAppliances|SmallKitchenAppliances|MixerGrinders,3499,5795,40%,3.9,25340,Wattage: 750 W; Voltage: 220-240V 50-60Hz ; Revolution: 18500|No of Jars: 4; Jar Size: 0.40.751 in Ltr; Jar Material: Stainless Steel jars and PC Juicer Jar; Body Material: ABS body; Cord Material: 180 CM; Blade Material: Stainless Steel; Speed Control: 3 Speed motor for faster and efficient grinding.Body: Body made of ABS which is shock free|Do not worry if you experience some burning smell when you run your mixer grinder for the 1st time.This is due to the motor varnish getting heated for the 1st timeThe problem should not recur in subsequent uses. If it does please contact Brand Service Centre|Read Manual Before Use|Powerful motor Auto Switch Off: Yes; Aesthetically designed ABS body. Body made of ABS which is shock free|Elegant handle and unbreakable lid; Special ventilator to reduce motor heating. Coupler: Special grade Nylon couplers used for better durability|Includes: Mixer Grinder Juicer jar Liquid jar with lid Dry jar with lid Chutney jar with Lid Spatula and User manual with Warranty Card,https://m.media-amazon.com/images/I/41vK2c5b-lL._SX300_SY300_QL70_FMwebp_.jpg,https://www.amazon.in/Butterfly-Jet-Elite-750-Watt-Grinder/dp/B07DGD4Z4C/ref=sr_1_59?qid=1672923593&s=kitchen&sr=1-59
B07GMFY9QM,SOFLIN Egg Boiler Electric Automatic Off 7 Egg Poacher for Steaming Cooking Boiling and Frying (400 Watts Blue),Home&Kitchen|Kitchen&HomeAppliances|SmallKitchenAppliances|EggBoilers,379,999,62%,4.3,3096,PERFECT EGGS EVERY TIME: Cooking eggs to your desired firmness is easier than ever! An easy to use measuring cup with firmness markings is included allowing you to cook your eggs to desired hardness of soft medium or hard and make it consistent every time|ONE-TOUCH COOKING: No complex operations FAST AND SAFE TO USE. with only One-Touch Power Button SOFLIN couldn’t be easier to use! Just fill up the water to your desired hardness and turn it on. When the light turns off the eggs are ready. Simple as that!|COMPACT LIGHTWEIGHT AND SAFE: Small size and lightweight making Egguru a perfect solution for for smaller kitchen college dorm life or camper/RV traveling.|EASY TO CLEAN - Detachable parts make it very easy to disassemble and clean. Simply remove the egg holder and wash these parts with detergent and a sponge.|Material Type: Plastic,https://m.media-amazon.com/images/I/31zTQCdL35S._SX300_SY300_QL70_FMwebp_.jpg,https://www.amazon.in/SOFLIN-Electric-Automatic-Poacher-Steaming/dp/B07GMFY9QM/ref=sr_1_60?qid=1672923593&s=kitchen&sr=1-60
B0BGPN4GGH,Lifelong LLQH925 Dyno Quartz Heater 2 Power settings Tip Over Cut-off Switch 800 Watt Silent operation Power Indicator 2 Rod Room Heater (1 Year Warranty Grey),Home&Kitchen|HeatingCooling&AirQuality|RoomHeaters|ElectricHeaters,1099,2400,54%,3.8,4,Meant for Spot Heating; Voltage/Frequency: 230V/50Hz/1 Phase|Powerful and Stylish Room Heater for Room Size: Upto 150 sq ft|Safety tip over switch cuts off the heater in case it tilts or falls|Designed for low power consumption and silent noiseless operation|Cord Length (in meters : 1.5)|Country of Origin: India || Power : 800 Watts,https://m.media-amazon.com/images/W/WEBP_402378-T1/images/I/41e3A7YKxeL._SX300_SY300_QL70_FMwebp_.jpg,https://www.amazon.in/Lifelong-LLQH925-settings-operation-Indicator/dp/B0BGPN4GGH/ref=sr_1_62?qid=1672923593&s=kitchen&sr=1-62
B0B2DZ5S6R,Amazon Basics 1500 W Electric Kettle (Stainless Steel Body 1.5 L),Home&Kitchen|Kitchen&HomeAppliances|SmallKitchenAppliances|Kettles&HotWaterDispensers|Kettle&ToasterSets,749,1299,42%,4,119,Heat and warm water anytime anywhere with the Amazon Basics Electric Kettle|Built from high-quality raw materials; stainless steel body; lightweight and durable electric kettle|Auto cut-off switch when the water reaches the desired temperature|User-friendly; 360-degree rotating base with plug-in facility|Capacity: 1.5 L|Embedded optimal power-consuming technology; Wattage:1500 Watts|Heat-resistant and cool-touch plastic handle; energy-efficient affordable and long-lasting kettle|Care instructions: Do not immerse the product in water. Do not touch the stainless steel body during and after boiling. Keep the kettle away from children,https://m.media-amazon.com/images/I/41twHEBU-LL._SX300_SY300_QL70_FMwebp_.jpg,https://www.amazon.in/Amazon-Basics-Electric-Kettle-Stainless/dp/B0B2DZ5S6R/ref=sr_1_63?qid=1672923593&s=kitchen&sr=1-63
B07S851WX5,Prestige Sandwich Maker PGMFD 01 Black,Home&Kitchen|Kitchen&HomeAppliances|SmallKitchenAppliances|SandwichMakers,1299,1299,0%,4.2,40106,New designs Durable die cast aluminum grill plates|Heat Resistant Bakelite body User Friendly.Cord length 1.5 m|German Technology Greblon Non stick coating for oil free toasting|Power Indicators for easy of use|800 watts power Voltage(V): 230 Volts|Easy to clean|Warranty: 1 year warranty provided by the manufacturer from date of purchase,https://m.media-amazon.com/images/I/41LFdROYICL._SX300_SY300_QL70_FMwebp_.jpg,https://www.amazon.in/Prestige-Sandwich-Maker-PGMFD-01/dp/B07S851WX5/ref=sr_1_67?qid=1672923593&s=kitchen&sr=1-67
B01MY839VW,Orient Electric Fabrijoy DIFJ10BP 1000-Watt Dry Iron Non-Stick (White and Blue),Home&Kitchen|Kitchen&HomeAppliances|VacuumCleaning&Ironing|IronsSteamers&Accessories|Irons|DryIrons,549,1090,50%,4.2,13029,QUICK HEATING: Powered by a 1000W silver-layered thermostat the G-Shaped heating element heats up quickly and produces a high heat output.|EASE OF USE with 360-degree swivel cord. The durable and long swivel cord allows tangle-free reach and improved flexibility that helps iron out difficult-to-access creases.|ENHANCED SAFETY with advanced thermal fuse and PBT insulator.|NON-STICK COATED Dupont American Heritage Soleplate for powerful performance and smooth gliding.|LED INDICATOR WITH TEMPERATURE CONTROL feature for sensitive clothes.,https://m.media-amazon.com/images/W/WEBP_402378-T1/images/I/31VoHcKK5ZL._SX300_SY300_QL70_FMwebp_.jpg,https://www.amazon.in/Orient-Electric-Fabrijoy-DIFJ10BP-1000-Watt/dp/B01MY839VW/ref=sr_1_69?qid=1672923593&s=kitchen&sr=1-69
B09LV1CMGH,Lifelong LLFH921 Regalia 2000 W Fan Heater 3 Air Settings Room Heater with Overheating Protection 1 Year Warranty ( White (ISI Certified Ideal for small to medium room/area),Home&Kitchen|HeatingCooling&AirQuality|RoomHeaters|FanHeaters,899,2000,55%,3.6,291,Meant for Spot Heating|Ideal for a small room only i.e. up to 150 sq. ft|Robust Design for fast & efficient + heating|Country of Origin: India|Do not worry if you experience some burning smell when you run your room heater for the 1st time. This is due to the motor varnish getting heated for the 1st time. The problem should not recur in subsequent usage. If it does please contact our Customer support|Caution - Always use the product with 16A socket. Using it on lower rating sockets may result in melting of socket or the plug.|Reliable & Safe : Lifelong LLFH921 Regalia 2000W Fan Heater comes with 1 Year Domestic Warranty. For any warranty related issues please call the Lifelong Customer Support - +91 9711558877 or customercare@lifelongindia.com,https://images-na.ssl-images-amazon.com/images/W/WEBP_402378-T1/images/I/41d17oVYVeL._SX300_SY300_QL70_FMwebp_.jpg,https://www.amazon.in/Lifelong-LLFH921-Overheating-Protection-Certified/dp/B09LV1CMGH/ref=sr_1_70?qid=1672923593&s=kitchen&sr=1-70
B01EY310UM,Philips GC181 Heavy Weight 1000-Watt Dry Iron Pack of 1,Home&Kitchen|Kitchen&HomeAppliances|VacuumCleaning&Ironing|IronsSteamers&Accessories|Irons|DryIrons,1321,1545,14%,4.3,15453,Powerful performance : Heavy soleplate that is built to last|Easy to experience : Easy to understand temperature settings|Modern design : Attractive looks with powerful performance|High wattage : 1000 watt Power cord length:1.8m Weight: 1.6 kg Voltage: 220-240 V Cord freedom (swivel): 360 degree cord freedom|Auto off pilot light,https://m.media-amazon.com/images/I/41SkG6Puq5L._SX300_SY300_QL70_FMwebp_.jpg,https://www.amazon.in/Philips-GC181-Heavy-Weight-1000-Watt/dp/B01EY310UM/ref=sr_1_71?qid=1672923593&s=kitchen&sr=1-71
B09NL7LBWT,Bulfyss USB Rechargeable Lint Remover Fabric Shaver Pet Hair Remover Effectively and Quickly Remove Fuzz for Clothes Sweater Couch Sofa Blanket Curtain Wool Cashmere (Grey 1 Year Warranty),Home&Kitchen|Kitchen&HomeAppliances|VacuumCleaning&Ironing|IronsSteamers&Accessories|LintShavers,1099,1999,45%,4,604,INNOVATIVE DESIGN BUILT TO LAST LONGER: Created with quality in mind! Using the premium materials (heavy-duty abs plastic shell + SS mesh cover and razor-sharp 3- blades). Combined with durable and advance technology rest assured that it will never break or damage easily plus powerful suction and the efficient motor that shaves off and leaves the sweater clean and lint-free like newly bought.|FAST CHARGING EASY TO USE TRAVEL-FRIENDLY: Hassle-free lint remover cleaner just charge and use. Charging compatible multiple options; Charge and direct plug to laptop/desktop power-bank car charger smart IC charger. 2 hours of charging can operate for 45 minutes with low electric consumption and design for travel and home use compact and lightweight|6 SHARP BLADE DEFUZZ ALMOST ALL FABRIC LINTS: Take advantage with our newest and revolutionize fabric defuzzer device that has 3 blades horizontal & 3 blades Vertical that cuts through excess loose threads fuzz balls and lint’s from your winter coat sweater scarf gloves plush toys car cushion sofa leggings bedding curtains and linens and other clothing's and fabrics that needs to de-fuzz!|RENEW FABRIC SAFELY AND EFFICIENTLY: Function delicately to protect further damage on clothes and fabric with honeycomb mesh-like cover that doesn't deform and reduces the friction of clothes. Automatic shut-off lint shaver thanks to the safety lock the device automatically stops when the blade cover is open or loose. With 65mm mesh that tackles almost all sizes of loose threads and loops; particulate lint fine particulate pill and intensive fuzz no problem!|WIDER LINT STORAGE: No mess and sticky residue like standard lint remover in the market provided with removable lint collector container that will catch all lint and fuzz Plus strong suction powerfully draws all lint that has been remove and goes through the container effortlessly removable for easy cleanup. You’ll love how it delivers the seamless removing of lint on coat and sweater.|NOTE - Use fast charging adaptor (>30W) to completely charge device within 2 Hours.|1 year manufacturer’s warranty,https://m.media-amazon.com/images/I/41KeuNgJDiL._SX300_SY300_QL70_FMwebp_.jpg,https://www.amazon.in/Bulfyss-Rechargeable-Effectively-Cashmere-Warranty/dp/B09NL7LBWT/ref=sr_1_74?qid=1672923593&s=kitchen&sr=1-74
B008YW8M0G,Bajaj DX-7 1000W Dry Iron with Advance Soleplate and Anti-bacterial German Coating Technology White,Home&Kitchen|Kitchen&HomeAppliances|VacuumCleaning&Ironing|IronsSteamers&Accessories|Irons|DryIrons,775,875,11%,4.2,46647,Non-stick coated golden color sole plate|Super clean finish with pleasant aesthetics|Cool touch body with comfortable hand grip|Light weight and 360 degree swivel cord Material - Plastic|Thermal fuse for safety|Warranty: 2years on product|Power: 1000 watts,https://m.media-amazon.com/images/I/31DA6bcvbfL._SY300_SX300_QL70_FMwebp_.jpg,https://www.amazon.in/Bajaj-DX-1000-Watt-Dry-Iron/dp/B008YW8M0G/ref=sr_1_75?qid=1672923593&s=kitchen&sr=1-75
B097R3XH9R,Bajaj New Shakti Neo 25L Vertical Storage Water Heater (Geyser 25 Litres) 4 Star BEE Rated Heater For Water Heating with Titanium Armour Swirl Flow Technology Glasslined Tank(White) 1 Yr Warranty,Home&Kitchen|HeatingCooling&AirQuality|WaterHeaters&Geysers|StorageWaterHeaters,6299,15270,59%,4.1,3233,Titanium Armour and Swirl Flow Technology|Copper element with efficient longer life Storage Useful for Bathroom can store heated water|Suitable for 8 bar pressure|Unique Weldfree joint in outer metal body|It comes with Titanium glass lined enamel coated mild steel tank|Installation is not provided free by the brand.,https://m.media-amazon.com/images/W/WEBP_402378-T1/images/I/31YrFqskR7L._SX300_SY300_QL70_FMwebp_.jpg,https://www.amazon.in/Bajaj-Shakti-Heater-Multiple-Safety/dp/B097R3XH9R/ref=sr_1_76?qid=1672923593&s=kitchen&sr=1-76
B08TM71L54,PHILIPS Handheld Garment Steamer STH3000/20 - Compact & Foldable Convenient Vertical Steaming 1000 Watt Quick Heat Up up to 20g/min Kills 99.9%* Bacteria (Reno Blue) Small,Home&Kitchen|Kitchen&HomeAppliances|VacuumCleaning&Ironing|IronsSteamers&Accessories|Irons|SteamIrons,3190,4195,24%,4,1282,1000W with up to 20g/min continuous steam rate safe on all ironable fabrics|1000 watt steamer ready to use in only 30 seconds with 100ml detachable water tank for easy refill|Easy de-wrinkling continuous steam 20g/min kills 99.99% of bacteria and 100%* dustmites confidently refresh your clothes and remove odours|Compact and foldable steamer easy to use and store no ironing board needed saves time and hassle,https://m.media-amazon.com/images/W/WEBP_402378-T2/images/I/31LsgYDJNkL._SX300_SY300_QL70_FMwebp_.jpg,https://www.amazon.in/PHILIPS-Handheld-Garment-STH3000-20/dp/B08TM71L54/ref=sr_1_77?qid=1672923593&s=kitchen&sr=1-77
B0BPBXNQQT,Room Heater Warmer Wall-Outlet 400 Watts Electric Handy Room Heater (Room Heaters Home for Bedroom Reading Books Work bathrooms Rooms Offices Home Offices2022,Home&Kitchen|HeatingCooling&AirQuality|RoomHeaters|ElectricHeaters,799,1989,60%,4.3,70,Fast Heating :- Ceramic heating element creates energy efficient warmth quickly in 3 seconds.|Overheat protection : PTC ceramic element is self-regulating With the design of over-heat protection for thermal control|Adjustable Temperature & Silent :- Adjustable thermostat control monitors the temperature around you for optimal heating|Energy efficient and Portable :- Ceramic heating element for energy-efficient operation|Compact Design :- It's compact enough to take anywhereGreat for the camper or give it to the kids for their college dorm rooms.,https://m.media-amazon.com/images/W/WEBP_402378-T1/images/I/51ey0zzictL._SX300_SY300_QL70_FMwebp_.jpg,https://www.amazon.in/Wall-Outlet-Electric-Heaters-Bedroom-bathrooms/dp/B0BPBXNQQT/ref=sr_1_78?qid=1672923593&s=kitchen&sr=1-78
B00W56GLOQ,Wonderchef Nutri-blend Mixer Grinder & Blender | Powerful 400W 22000 RPM motor | Stainless steel Blades | 2 unbreakable jars | 2 Years warranty | Online recipe book by Chef Sanjeev Kapoor | Black,Home&Kitchen|Kitchen&HomeAppliances|SmallKitchenAppliances|JuicerMixerGrinders,2699,5000,46%,4,26164,Performance with Style: India's favourite Mixer-Grinder-Blender Nutriblend is the perfect combination of superior performance and superb styling that adds beauty to your kitchen|Stainless Steel Blades: Super quality surgical stainless steel blades are able to grind everything and stay sharp despite working at high speeds. They extract every ounce of immunity enhancing anti-oxidants pain relieving Omega 3s proteins vitamins & minerals from your foods|Specialised Functions: The Long Jar (500ml) comes with 4-wing blade for mixing-blending and the Short Jar (300ml) with 2-wing flat blade for grinding to make all kinds of chutneys shakes smoothies and masalas. Two useful lids – for storing and sprinkling come with the product|Trademark Design: The attractive trademark flower design stands apart and is a symbol of health and quality. It’s a reflection of your refined taste in the kitchen|2 YEARS WARRANTY & AFTER SALES SERVICE: Reliable Wonderchef warranty with the best after sales service in over 12000 pin codes across India. Also buy Spares & Accessories here.,https://m.media-amazon.com/images/I/41gZhEcCCQL._SX300_SY300_QL70_FMwebp_.jpg,https://www.amazon.in/Wonderchef-Nutri-Blend-Watts-Juicer-Grinder/dp/B00W56GLOQ/ref=sr_1_76?qid=1672923595&s=kitchen&sr=1-76
B0883KDSXC,USHA Armor AR1100WB 1100 W Dry Iron with Black Weilburger Soleplate (Purple),Home&Kitchen|Kitchen&HomeAppliances|VacuumCleaning&Ironing|IronsSteamers&Accessories|Irons|DryIrons,599,990,39%,3.9,16166,Lightweight for everyday ironing;Black Weilburger Non-stick soleplate glides effortlessly over the fabric|180⁰ swivel cord for easy operation;1.8 m long cord length for better reach; Thermal fuse for overheat cut-off protection;Indicator light for readiness|ISI mark for best product quality and safety of use;Warranty: 2 year warranty|Power: 1100 watts; Operating Voltage: 220 - 240 volts;Includes: 1 unit of product & instruction manual|Material Type: Plastic|Suitable for gifting on Diwali and other special occasions.,https://m.media-amazon.com/images/W/WEBP_402378-T2/images/I/31WXnM9XIYL._SX300_SY300_QL70_FMwebp_.jpg,https://www.amazon.in/Armour-AR1100WB-1100-Watt-Soleplate-Purple/dp/B0883KDSXC/ref=sr_1_77?qid=1672923595&s=kitchen&sr=1-77
B078V8R9BS,Butterfly EKN 1.5-Litre Electric Kettle (Silver with Black),Home&Kitchen|Kitchen&HomeAppliances|SmallKitchenAppliances|Kettles&HotWaterDispensers|Kettle&ToasterSets,749,1111,33%,4.2,35693,Filter Type : Spout|Auto cut off facility Dry Boil Protection: Yes|360 degree swirl base. Power: 1500 watts; Operating Voltage: 220 - 230 volts 50-60Hz|Convenient grip|Capacity: 1.5 liters  Cord Length : 1 meter|Warranty: 1 year on product|Includes: Water kettle User manual and Warranty card,https://m.media-amazon.com/images/I/41cxgOxlbYL._SX300_SY300_QL70_FMwebp_.jpg,https://www.amazon.in/Butterfly-EKN-1-5-Litre-Kettle-Silver/dp/B078V8R9BS/ref=sr_1_78?qid=1672923595&s=kitchen&sr=1-78
B08GSQXLJ2,Crompton Arno Neo 15-L 5 Star Rated Storage Water Heater (Geyser) with Advanced 3 Level Safety (Grey),Home&Kitchen|HeatingCooling&AirQuality|WaterHeaters&Geysers|StorageWaterHeaters,6199,10400,40%,4.1,14391,PRODUCT: Crompton's energy efficient storage water heater with fast heating|TECHNICAL SPECIFICATIONS: Wattage: 2000 W; Capacity: 15L; Star Rating 5; Pressure 8 bar|3 LEVEL SAFETY: Capillary Thermostat automatic thermal cut-out & multi-functional valve to provide higher safety Heating Element - Copper|ANTI-RUST: Fitted with specially designed magnesium anode which prevents corrosion due to hard water quality|QUALITY COMPONENTS: ISI marked nickel coated special element to provide resistance against scale formation,https://m.media-amazon.com/images/W/WEBP_402378-T1/images/I/31Tz8DcmevL._SX300_SY300_QL70_FMwebp_.jpg,https://www.amazon.in/Crompton-Arno-Neo-ASWH-3015-Star-Rated/dp/B08GSQXLJ2/ref=sr_1_79?qid=1672923595&s=kitchen&sr=1-79
B01M5B0TPW,Borosil Chef Delite BCH20DBB21 300-Watt Chopper (Black),Home&Kitchen|Kitchen&HomeAppliances|SmallKitchenAppliances|MiniFoodProcessors&Choppers,1819,2490,27%,4.4,7946,Material: Plastic Body- Plastic Bowl- SS Blades|Contents: 1N Motor Unit- 1N Chopping Container- 1 Blade set- 1N Rubber Lid & 1 User Manual,https://m.media-amazon.com/images/W/WEBP_402378-T2/images/I/31HSz-a5H3L._SX300_SY300_QL70_FMwebp_.jpg,https://www.amazon.in/Borosil-Plastic-Chefdelite-BCH20DBB21-Technology/dp/B01M5B0TPW/ref=sr_1_80?qid=1672923595&s=kitchen&sr=1-80
B082KVTRW8,KENT 16055 Amaze Cool Touch Electric Kettle 1.8 L 1500 W | Plastic Outer & Stainless Steel Inside body | Auto shut off Over heating protection | Multipurpose hot water Kettle | 1 Year Warranty,Home&Kitchen|Kitchen&HomeAppliances|SmallKitchenAppliances|Kettles&HotWaterDispensers|Kettle&ToasterSets,1199,1900,37%,4,1765,KENT Amaze Electric Kettle amazes with its 1.8L capacity and 1500W power;Boils water for tea coffee or instant soup within minutes & serve 5-6 people at a time|360° swivel technology makes pouring and serving easy;Its inner stainless steel body ensures better heat retention and durability|The plastic outer body for cool-to-touch exterior ensures easy handling;The auto shut-off features turns it off in case of overheating and dry-boiling|Size Name: Stander; Color Name: White,https://m.media-amazon.com/images/W/WEBP_402378-T2/images/I/31lKVhGarbL._SX300_SY300_QL70_FMwebp_.jpg,https://www.amazon.in/Amaze-Litre-Electric-Kettle-Stainless/dp/B082KVTRW8/ref=sr_1_81?qid=1672923595&s=kitchen&sr=1-81
B08CFJBZRK,Prestige IRIS Plus 750 watt mixer grinder,Home&Kitchen|Kitchen&HomeAppliances|SmallKitchenAppliances|MixerGrinders,3249,6295,48%,3.8,14062,Warranty: 2 year warranty provided by the manufacturer from date of purchase|3 Stainless Steel Jar - (1.5 Litre Wet Jar with blade 1 Litre Dry Jar with blade and 300 ML Chutney Jar with Blade) and 1 Transparent Juicer Jar with blade|Powerful 750 Watt motor|Appealing design|Power: 750 watts,https://m.media-amazon.com/images/W/WEBP_402378-T2/images/I/41QNSlZeKiL._SX300_SY300_QL70_FMwebp_.jpg,https://www.amazon.in/Prestige-IRIS-mixer-grinder-Black/dp/B08CFJBZRK/ref=sr_1_82?qid=1672923595&s=kitchen&sr=1-82
B07H3WDC4X,Simxen Egg Boiler Electric Automatic Off 7 Egg Poacher for Steaming Cooking Also Boiling and Frying 400 W (Blue Pink),Home&Kitchen|Kitchen&HomeAppliances|SmallKitchenAppliances|EggBoilers,349,999,65%,4,15646,Simxen egg boiler electric automatic shut off|This Egg Boiler takes only 10 minutes to cook the eggs|Colour : Multi(Colour Will Be Send As Per Available In Stock..); Material : Plastic + Steel|You can consistently prepare eggs the way you like without fat or oil.|Size Name: 16 X 16 X 16 Cm; Color Name: White,https://m.media-amazon.com/images/W/WEBP_402378-T2/images/I/31-RWRwJZOL._SX300_SY300_QL70_FMwebp_.jpg,https://www.amazon.in/Simxen-Electric-Automatic-Steaming-Multicolour/dp/B07H3WDC4X/ref=sr_1_83?qid=1672923595&s=kitchen&sr=1-83
B09ZTZ9N3Q,Amazon Basics 2000/1000 Watt Room Heater with Adjustable Thermostat (ISI certified White color Ideal for small to medium room/area),Home&Kitchen|HeatingCooling&AirQuality|RoomHeaters|FanHeaters,1049,1699,38%,3.1,111,Say goodbye to the worries about dealing with the cold weather with the Amazon Basics Electric Room Heater|Ideal for small to medium-size rooms|Two Knobs - one for Heat mode (1000W or 2000W) another for thermostat for temperature control.|Equipped with 2 heat modes 1000 watts and 2000 watts|Turbo fan motor evenly distributes heat in the room|Compact and lightweight room heater can be placed anywhere in the house|Plastic fire-retardant body and metal grill that contains copper ensure safety while in use|Ultra quiet in operation Inbuilt thermostat for safety,https://m.media-amazon.com/images/I/31b0ZuxuesL._SY300_SX300_QL70_FMwebp_.jpg,https://www.amazon.in/Amazon-Basics-Adjustable-Thermostat-certified/dp/B09ZTZ9N3Q/ref=sr_1_86?qid=1672923595&s=kitchen&sr=1-86
B083P71WKK,HealthSense Weight Machine for Kitchen Kitchen Food Weighing Scale for Health Fitness Home Baking & Cooking with Hanging Design Touch Button Tare Function & 1 Year Warranty – Chef-Mate KS 40,Home&Kitchen|Kitchen&HomeAppliances|SmallKitchenAppliances|DigitalKitchenScales|DigitalScales,799,1500,47%,4.3,9695,Precise Measurements: Built with high precision sensors to quickly deliver accurate results and ensure your healthy recipe is deliciously perfect. Measures in grams / ml / lb:oz / fl’oz with the range of 1 - 5000 g.|Tare Function: Calculate net weight of ingredients by subtracting empty bowl or the container weight. Touch the TARE button to reset the scale back to zero and weigh ingredients by adding it in to the same container.|Box Contents: The Chef-Mate KS 40 Kitchen Scale | 1 CR-2032 battery | Warranty Card | Instruction Manual.|Scale Dimensions: 20.4 x 15.5 x 1.3 cm.|Contact Us for Assistance: 1 year HealthSense India offsite service warranty on manufacturing defects ensures on time customer support. Reach out to us on our website for any queries: healthsense.in OR via email: support@healthsense.in OR call us on +91 9856 9856 36.,https://m.media-amazon.com/images/I/31vAlVllF5L._SX300_SY300_QL70_FMwebp_.jpg,https://www.amazon.in/HealthSense-Chef-Mate-KS-40-Weighing/dp/B083P71WKK/ref=sr_1_87?qid=1672923595&s=kitchen&sr=1-87
B097R4D42G,Bajaj New Shakti Neo 10L Vertical Storage Water Heater (Geyser 10 Litres) 4 Star BEE Rated Heater For Water Heating with Titanium Armour Swirl Flow Technology Glasslined Tank(White) 1 Yr Warranty,Home&Kitchen|HeatingCooling&AirQuality|WaterHeaters&Geysers|StorageWaterHeaters,4999,9650,48%,4.2,1772,Titanium Armour and Swirl Flow Technology|Copper element with efficient longer life|Suitable for 8 bar pressure|Unique Weldfree joint in outer metal body|It comes with Titanium glass lined enamel coated mild steel tank|Installation is not provided free by the brand.,https://m.media-amazon.com/images/I/31IR1G0S9cL._SX300_SY300_QL70_FMwebp_.jpg,https://www.amazon.in/Bajaj-Shakti-Heater-Multiple-Safety/dp/B097R4D42G/ref=sr_1_91?qid=1672923595&s=kitchen&sr=1-91
B07MKMFKPG,Bosch Pro 1000W Mixer Grinder MGM8842MIN - Black,Home&Kitchen|Kitchen&HomeAppliances|SmallKitchenAppliances|MixerGrinders,6999,10590,34%,4.4,11499,Uniquely designed blunt PoundingBlade with thick edges which replicates pounding effect on dry ingredients thus giving authentic texture and taste|Completely hands free operation with unique lid-locks and strong suction feet for added stability|stainless steel blades for high performance wet dry and chutney grinding Cable management for easy handling and storage|Concealed bush for contamination free mixing and grinding|30 minutes motor rating (5 min On and 2 min Off maximum 6 cycles)|High grade stainless steel jars Ergonomic design of jar handles for easy operations|Overload protector for safe operations and High grade stainless steel jars|Country of Origin: India,https://m.media-amazon.com/images/W/WEBP_402378-T1/images/I/51bVSwhFA1L._SY300_SX300_QL70_FMwebp_.jpg,https://www.amazon.in/Bosch-TrueMixx-Pro-Grinder-Watt-MGM8842MIN/dp/B07MKMFKPG/ref=sr_1_92?qid=1672923595&s=kitchen&sr=1-92
B0949FPSFY,Bulfyss Stainless Steel Digital Kitchen Weighing Scale & Food Weight Machine for Diet Nutrition Health Fitness Baking & Cooking (5Kgs Stainless Steel 2 Years Warranty),Home&Kitchen|Kitchen&HomeAppliances|SmallKitchenAppliances|DigitalKitchenScales,799,1999,60%,4.1,2162,✔[ACCURATE WEIGHT]: Made with 4 Japanese-precision sensors this digital kitchen scale will give you accurate weight every single time. Don’t settle for other scales with low-quality materials. We use food grade 304 stainless steel while others are made from plastic.|✔[SUPER SMART FEATURES]: Bulfyss new scale comes with tare and instant unit conversion for 6 UNITS. It has a feather-light build a gorgeous backlit LCD display and anti-fingerprint technology. Plus it turns off automatically after 2 minutes in case you left it on. (g kg lb oz ml milk ml)|✔[SLEEK UPGRADED DESIGN]: Our new thinner version is a breeze to clean and looks beautiful sitting on your kitchen counter. The sleek petite build eliminates the clutter and gives you easy storage. It is made with lightweight materials so you can carry it around.|✔[TRUSTED BY PROS]: Our food scale is used and endorsed by celebrity chefs around the world. This means you get the same amazing service and quality assurance that we dedicate to them. If they trust it so can you. Measures max 5 Kg and Minimum - 1g.|✔[SHOP WITH CONFIDENCE]: You can have peace of mind that this product has great quality & it’s warranted for 2 year. Batteries are included for your convenience.,https://m.media-amazon.com/images/W/WEBP_402378-T1/images/I/51o1OVswrGS._SY445_SX342_QL70_FMwebp_.jpg,https://www.amazon.in/Bulfyss-Stainless-Weighing-Nutrition-Warranty/dp/B0949FPSFY/ref=sr_1_93?qid=1672923595&s=kitchen&sr=1-93
B08F47T4X5,VR 18 Pcs - 3 Different Size Plastic Food Snack Bag Pouch Clip Sealer Large Medium Small Plastic Snack Seal Sealing Bag Clips Vacuum Sealer (Set of 18 Multi-Color) (Multicolor),Home&Kitchen|Kitchen&HomeAppliances|SmallKitchenAppliances|VacuumSealers,89,89,0%,4.2,19621,MULTI-PURPOSE: Can be used to seal all types of food bags and storages such as potato chips snack bags breads coffee bags and frozen food bags etc.|Perfect for tightly sealing and storing all types of foods and snacks so that the food stays fresh and tastier for longer|SEAL THE DEAL! : They are fast and easy to use and their grip is very strong so you can rely on these clips to keep your bags perfectly sealed with minimum effort. It's always good to have these sealing clippers in your kitchen!|PRACTICABILITY: Convenient durable and reusable. The Seal clips provide more choices to meet your different needs. Enjoy your fresh food for long time and keep a healthier lifestyle.|Content : 18 Pieces (3 size x 6 Pcs each),https://m.media-amazon.com/images/I/51swXR+r2xL._SY300_SX300_.jpg,https://www.amazon.in/VR-Pcs-Different-Multi-Color-Multicolor/dp/B08F47T4X5/ref=sr_1_94?qid=1672923595&s=kitchen&sr=1-94
B01M0505SJ,Orient Electric Apex-FX 1200mm Ultra High Speed 400 RPM Ceiling Fan (Brown),Home&Kitchen|HeatingCooling&AirQuality|Fans|CeilingFans,1400,2485,44%,4.1,19998,HIGH SPEED: Superior air delivery with high-speed airflow of 400 RPM and high air delivery of 210 CMM.|SUPERIOR COMPONENTS: 100% copper motor with double ball bearing technology for smooth operations.|CORROSION-FREE: Powder-coated ribbed blades assure strength and longer life.|STYLISH AND ELEGANT: Metallic finish motor ring and blade trims that add to the decor of the room.|PACKAGE INCLUDES 1 Ceiling Fan 1 Warranty Card and 1 Instruction Manual.|WARRANTY: 2 years manufacturer warranty.,https://m.media-amazon.com/images/W/WEBP_402378-T1/images/I/21rUca9axYL._SX300_SY300_QL70_FMwebp_.jpg,https://www.amazon.in/Orient-Electric-Apex-FX-1200mm-Ceiling/dp/B01M0505SJ/ref=sr_1_95?qid=1672923595&s=kitchen&sr=1-95
B08D6RCM3Q,PrettyKrafts Folding Laundry Basket for Clothes with Lid & Handle Toys Organiser 75 Litre (Pack of 1) Mushroom Print,Home&Kitchen|HomeStorage&Organization|LaundryOrganization|LaundryBaskets,355,899,61%,4.1,1051,MULTIFUNCTIONAL LAUNDRY BAG - Useful for homes apartments bathroom student's dormitory and hostels. Also help you to store other stuff such as umbrellas toys shoes etc Make your room look clean tidy and save space|Needs no assembly - Folds when not in use. Volume: 75 litre. Package contains 1 Laundry Basket.|HIGH QUALITY - Made from non-woven fabric with strong durable stitching which is environmentally friendly durable wear and tear-resistant fabric anti-wrinkle-free lightweight|FOLDABLE STORAGE CONTAINERS - This box is foldable for space-saving easy to set up and convenient to carry. Can be folded when not in use|Dimension: Length(15)inch x Width(14)inch x Height(21.5)inch|REMOVABLE LID - Laundry Box comes with the matching Lid to prevent dust from settling on the stored contents while bringing a decorative look,https://m.media-amazon.com/images/W/WEBP_402378-T2/images/I/41ZFwhFMMwL._SX300_SY300_QL70_FMwebp_.jpg,https://www.amazon.in/PrettyKrafts-Laundry-Clothes-Storage-Mushroom/dp/B08D6RCM3Q/ref=sr_1_96?qid=1672923595&s=kitchen&sr=1-96
B009P2LITG,Bajaj Majesty RX11 2000 Watts Heat Convector Room Heater (White ISI Approved),Home&Kitchen|HeatingCooling&AirQuality|RoomHeaters|ElectricHeaters,2169,3279,34%,4.1,1716,Instant Warmth: 2000 Watts Heat Convector Room heater ensure your comfort during chilly winters. Rated Voltage-230 V|Personalized Comfort: Customized to your heating needs with an adjustable thermostat and two heat settings (1000 W/ 2000 W) Cord Type:- PVC|Peace of Mind: Featuring auto thermal shutoff and a thermal fuse to prevent overheating|Convenient & Elegant: RX10 comes with a two way installation horizontal and vertical|Multitasking: Acts as a heater in winter and personal fan in summer|Reliable & Safe: Our room heaters are dependable and they also come with a 2 Year warranty|Adjustable thermostat for desirable temperature,https://m.media-amazon.com/images/W/WEBP_402378-T1/images/I/31Di52QEVdL._SX300_SY300_QL70_FMwebp_.jpg,https://www.amazon.in/Bajaj-RX-11-2000-Watt-Convector/dp/B009P2LITG/ref=sr_1_98?qid=1672923595&s=kitchen&sr=1-98
B00V9NHDI4,Eureka Forbes Trendy Zip 1000 Watts powerful suction vacuum cleaner with resuable dust bag & 5 accessories1 year warrantycompactlight weight & easy to use (Black),Home&Kitchen|Kitchen&HomeAppliances|VacuumCleaning&Ironing|Vacuums&FloorCare|Vacuums|CanisterVacuums,2799,3799,26%,3.9,32931,Post Purchase virtual Demo is provided on this product .A dedicated customer service executive is assigned to give live demo of the product over a video call|Trendy Zip is a canister vaccum cleaner for daily cleaning needs to get rid of deep embedded dirt & dust|The product has free reusable dust bags|The product has easy to use foot operated power on-off & auto cord winder switch that automatically winds the cord to protectr the wire from damage|This vacuum cleaner has dust bag full indicator to indicate when the dust bag is full for timely dirt disposal|This vacuum cleaner has 5 accessories for various cleaning needs|Cleans Multiple Surfaces: Can be used on tiles wooden floors rugs carpets sofas fabric upholstery and more. The product has 1 year warranty on manufacturing defects,https://m.media-amazon.com/images/W/WEBP_402378-T2/images/I/41FyPER4ASL._SX300_SY300_QL70_FMwebp_.jpg,https://www.amazon.in/Eureka-Forbes-Trendy-Zip-1000-Watt/dp/B00V9NHDI4/ref=sr_1_99?qid=1672923595&s=kitchen&sr=1-99
B07WGPBXY9,Pigeon by Stovekraft Quartz Electric Kettle (14299) 1.7 Litre with Stainless Steel Body used for boiling Water making tea and coffee instant noodles soup etc. 1500 Watt (Silver),Home&Kitchen|Kitchen&HomeAppliances|SmallKitchenAppliances|Kettles&HotWaterDispensers|ElectricKettles,899,1249,28%,3.9,17424,Hygienic Stainless Steel Body: Now you can make hot water green tea lemon water soups with Pigeon Quartz Stainless Steel electric kettle 1.7 Litre with less efforts in minutes|Single Push flip Glass lid: The single touch locking Glass lid mechanism in Pigeon Quartz Electric Kettle 1.7 Litre ensures a quick seal to prevent steam from escaping and water to boil in no time.|360 degree rotational base: The 360° rotational swivel power base in Pigeon Quartz Electric Kettle 1.7 Litre allows you to plug it in any direction with desired jug handle position. The base helps in ease movement to carry and serve the hot water.|Auto cut off: This kettle has illuminated power indicator which glows when power is on and switches off when Pigeon Quartz electric kettle 1.7 Litre automatically off. The automatic cut off feature cuts off the power supply when the water is boiled. It protects the appliance from damage making it safe and improves its lifespan of the Electric kettle.|Cool touch handle: Elegant heat resistant handles make you for ease movement of your Pigeon Quartz electric kettle 1.7 Litre and extremely durable in usage with no hassle.|240 Voltage Power Requirement and 1500 Watt Power consumption Capacity 1.7 Litre|1 Year Warranty from the Manufavturer,https://m.media-amazon.com/images/W/WEBP_402378-T1/images/I/31TLru4LT8L._SX300_SY300_QL70_FMwebp_.jpg,https://www.amazon.in/Pigeon-Stovekraft-Quartz-Electric-Kettle/dp/B07WGPBXY9/ref=sr_1_100?qid=1672923595&s=kitchen&sr=1-100
B00KRCBA6E,Maharaja Whiteline Lava Neo 1200-Watts Halogen Heater (White and Red),Home&Kitchen|HeatingCooling&AirQuality|RoomHeaters,2499,5000,50%,3.8,1889,Meant for Spot Heating|Room Size: Upto 150 sq ft|Convenient efficient shock proof 180 degrees rotation and ISI certified|3 heat settings 3 halogen rods|Warranty: 2 years on product|Power: 1200 watts Operating voltage: 230 volts|Includes: Halogen heater Instruction Manual Customer Care List and Guarantee Card,https://m.media-amazon.com/images/I/41Y4vsQHt6L._SX300_SY300_QL70_FMwebp_.jpg,https://www.amazon.in/Maharaja-Whiteline-Lava-1200-Watt-Helogen/dp/B00KRCBA6E/ref=sr_1_101?qid=1672923595&s=kitchen&sr=1-101
B0B3X2BY3M,Crompton Gracee 5-L Instant Water Heater (Geyser),Home&Kitchen|HeatingCooling&AirQuality|WaterHeaters&Geysers|InstantWaterHeaters,3599,7299,51%,4,10324,PRODUCT: Crompton's 5L instant water heater with fast heating function|TECHNICAL SPECIFICATIONS: Wattage: 3000W; Capacity: 5L; Pressure 6.5 bar|WARRANTY: 5 year warranty on Tank 2 year warranty on Element and 2 year warranty on Product provided by Crompton from date of purchase|4 LEVEL SAFETY: Steam Thermostat automatic thermal cut-out pressure release valve and a fusible plug to ensure complete safety.|ANTI-RUST: Rust free PP body along with a weldless tank design that enhances resistance to corrosion and ensures long life,https://m.media-amazon.com/images/W/WEBP_402378-T1/images/I/31KGeL7u8hL._SX300_SY300_QL70_FMwebp_.jpg,https://www.amazon.in/Crompton-Gracee-Instant-Heater-Geyser/dp/B0B3X2BY3M/ref=sr_1_102?qid=1672923595&s=kitchen&sr=1-102
B00F159RIK,Bajaj DX-2 600W Dry Iron with Advance Soleplate and Anti-bacterial German Coating Technology Black,Home&Kitchen|Kitchen&HomeAppliances|VacuumCleaning&Ironing|IronsSteamers&Accessories|Irons|DryIrons,499,625,20%,4.2,5355,Non-stick coated sole plate|Super clean surface finish|Extra lift at the back for easy gliding on clothes Extra Light Weight|Cool touch handle with comfortable grip|180 degree swivel cord|Warranty: 2 years on product|Power: 600 watts; Operating voltage: 230 volts,https://m.media-amazon.com/images/I/416ICdLhYGL._SX300_SY300_QL70_FMwebp_.jpg,https://www.amazon.in/Bajaj-DX-600-Watts-Light-Weight/dp/B00F159RIK/ref=sr_1_100?qid=1672923596&s=kitchen&sr=1-100
B08MV82R99,Bajaj Waterproof 1500 Watts Immersion Rod Heater,Home&Kitchen|HeatingCooling&AirQuality|WaterHeaters&Geysers|ImmersionRods,653,1020,36%,4.1,3366,Power: 1500 watts|Warranty: 2 year warranty on product|Water Proof Sealed terminals for safety and longer life|Plastic handle to prevent from shock & rust|Includes: 1 Unit immersion rod instruction manual warranty card,https://m.media-amazon.com/images/I/31XMh-zc1IL._SX300_SY300_QL70_FMwebp_.jpg,https://www.amazon.in/Bajaj-Waterproof-Watts-Immersion-Heater/dp/B08MV82R99/ref=sr_1_101?qid=1672923596&s=kitchen&sr=1-101
B09VKWGZD7,AGARO Supreme High Pressure Washer 1800 Watts 120 Bars 6.5L/Min Flow Rate 8 Meters Outlet Hose Portable for CarBike and Home Cleaning Purpose Black and Orange,Home&Kitchen|Kitchen&HomeAppliances|VacuumCleaning&Ironing|PressureWashersSteam&WindowCleaners,4789,8990,47%,4.3,1017,Includes 3 meters inlet pipe 8 meters outlet hose spray gun extension rod1 inlet filter 1 inlet connector1 tap connector 1 bucket water filter foam spray bottle|1800 Watts high pressure washer removes stubborn dirt oil junk sticky dust with 120 bars high pressure quickly and easily Voltage: 230V|9.05 Kgs weight 6.5 Litres/min of water flow allows cleaning of large surface in lesser time|8 meters outlet hose Comes with 250 ml foam bottle which allows you to easily apply foam directly through the machine|Automatically shuts off pump when trigger is not engaged to save energy and prolong pump life|1 year warranty,https://m.media-amazon.com/images/W/WEBP_402378-T1/images/I/416t5HILjUL._SX300_SY300_QL70_FMwebp_.jpg,https://www.amazon.in/Supreme-Pressure-Portable-Cleaning-Purpose/dp/B09VKWGZD7/ref=sr_1_102?qid=1672923596&s=kitchen&sr=1-102
B009P2LK80,Bajaj Deluxe 2000 Watts Halogen Room Heater (Steel ISI Approved) Multicolor,Home&Kitchen|HeatingCooling&AirQuality|RoomHeaters|HalogenHeaters,1409,1639,14%,3.7,787,Radiant Warmth: Ideal for use in in small rooms this 2 Watts heater provides instant heating during winters. Coating Type : Powder|Personalized Comfort: Customized to your heating needs with an adjustable thermostat and two heat settings (1 W/ 2 W)|Peace of Mind: Featuring cotton braided cord for safety and Nickel Chromium Plated mesh grid for effective heating|Convenient & Elegant: This room heater comes with SS reflector and tilting legs for easy mobility|Reliable & Safe: Our room heaters are dependable and they also come with a 2 Year warranty|Two heat setting ; Neat & Clean Operation ; Rated Voltage: 23 V ; Cord Type: Cotton Braided ; Effective Cord Length (in meters): 1.5 ; Cord Plug Material: Molded PP filled,https://m.media-amazon.com/images/W/WEBP_402378-T2/images/I/41WyoT08raL._SX300_SY300_QL70_FMwebp_.jpg,https://www.amazon.in/Bajaj-Delux-2000-Watt-Room-Heater/dp/B009P2LK80/ref=sr_1_103?qid=1672923596&s=kitchen&sr=1-103
B00A7PLVU6,Orpat HHB-100E WOB 250-Watt Hand Blender (White),Home&Kitchen|Kitchen&HomeAppliances|SmallKitchenAppliances|HandBlenders,753,899,16%,4.2,18462,This product does not require installation. please contact brand customer care for any product related queires. Customer Service Number: +91-02822-230491 / 02822-391391|Unique comfort grip The frequency is 50 Hz Functions: Beating. Pureeing : Yes|Easy to store and wash and it has Stainless steel blade|A handy appliance which will reduce the time you spend in the kitchen by taking care of all your chopping blending or mixing tasks at the touch of a button|Smooth and safe switch Sleek & Strong|Elegant design|18000 RPM,https://m.media-amazon.com/images/W/WEBP_402378-T2/images/I/21OWOIM1wML._SX300_SY300_QL70_FMwebp_.jpg,https://www.amazon.in/Orpat-HHB-100E-WOB-250-Watt-Blender/dp/B00A7PLVU6/ref=sr_1_104?qid=1672923596&s=kitchen&sr=1-104
B0B25DJ352,GILTON Egg Boiler Electric Automatic Off 7 Egg Poacher for Steaming Cooking Also Boiling and Frying Multi Color,Home&Kitchen|Kitchen&HomeAppliances|SmallKitchenAppliances|EggBoilers,353,1199,71%,4.3,629,"Cook up to 7 eggs in soft medium or hard boiled firmness while saving time and water. Eggs come out consistently perfect shell is easy to peel and clean up is super easy!|This Egg Boiler takes only 10 minutes to cook the eggs Fill measuring cup with water to desired doneness press the power button once and within minutes your eggs will be ""Egg-Celent!"" Fun and simple to use for family members of all ages!|Multi-functional egg shelf design varied size of eggs can be steamed automatic cut - off function|You can consistently prepare eggs the way you like without fat or oil.",https://m.media-amazon.com/images/I/41yKM0rHKQL._SX300_SY300_QL70_FMwebp_.jpg,https://www.amazon.in/Egg-Boiler-Electric-Automatic-Steaming/dp/B0B25DJ352/ref=sr_1_105?qid=1672923596&s=kitchen&sr=1-105
B013B2WGT6,HealthSense Chef-Mate KS 33 Digital Kitchen Weighing Scale & Food Weight Machine for Health Fitness Home Baking & Cooking with Free Bowl 1 Year Warranty & Batteries Included,Home&Kitchen|Kitchen&HomeAppliances|SmallKitchenAppliances|DigitalKitchenScales,1099,1899,42%,4.3,15276,Multiple Units: The Chef-Mate KS 33 Kitchen Scale efficiently weighs in g ml lb:oz and fl’oz. Simply touch the UNIT button for the desired conversion.|TARE Function: This function allows you to set the scale to zero with your bowl already placed on the scale to weigh liquid or fragile ingredients.|High Precision: This scale is built with high precision sensors to give you the right measurements to aid in your cooking.|Dimensions: The Chef-Mate KS 33 Kitchen Scale: 15.5 x 21.7 cm | BPA Free Bowl: 18 x 6.3 cm | Display Size: 6.6 x 2.9.|Box Contents: The Chef-Mate KS 33 Kitchen Scale 1 BPA Free Bowl 2 AAA Batteries Warranty Card and Instruction Manual.,https://m.media-amazon.com/images/W/WEBP_402378-T1/images/I/410d2Vda6QS._SY300_SX300_QL70_FMwebp_.jpg,https://www.amazon.in/Health-Sense-Chef-Mate-Digital-Scale-KS33/dp/B013B2WGT6/ref=sr_1_106?qid=1672923596&s=kitchen&sr=1-106
B097RJ867P,PHILIPS Digital Air Fryer HD9252/90 with Touch Panel uses up to 90% less fat 7 Pre-set Menu 1400W 4.1 Liter with Rapid Air Technology (Black) Large,Home&Kitchen|Kitchen&HomeAppliances|SmallKitchenAppliances|DeepFatFryers|AirFryers,8799,11595,24%,4.4,2981,Philips Airfryer HD9252/90 (Large 4.1 L) lets you cook great tasting food with up to 90% less fat*|Patented Rapid Air technology with unique starfish design pan ensures evenly fried results without flipping the food|Fry. Bake. Grill. Roast. And even reheat!|Touch screen with 7 presets and Keep Warm Function. Try new recipes at the touch of a button.|Auto-shut off function when the basket is removed|Extra-long 1.8 m cord length for easy placement in your kitchen|Dishwasher-safe and Easy-to-Clean,https://m.media-amazon.com/images/W/WEBP_402378-T2/images/I/31nZs1BL4tL._SX300_SY300_QL70_FMwebp_.jpg,https://www.amazon.in/PHILIPS-Digital-HD9252-90-Technology/dp/B097RJ867P/ref=sr_1_107?qid=1672923596&s=kitchen&sr=1-107
B091V8HK8Z,Milton Go Electro 2.0 Stainless Steel Electric Kettle 1 Piece 2 Litres Silver | Power Indicator | 1500 Watts | Auto Cut-off | Detachable 360 Degree Connector | Boiler for Water,Home&Kitchen|Kitchen&HomeAppliances|SmallKitchenAppliances|Kettles&HotWaterDispensers|ElectricKettles,1345,1750,23%,3.8,2466,Electric kettle is a handy appliance that makes your work easy and less time-taking. Ergonomically designed body Convenient Spout makes easy to pour. You can easily and quickly used it to prepare your coffee hot tea or milk etc at anytime and anywhere.|This Product Is Under 1 Year Warranty From The Date Of Retail Purchase Against Any Manufacturing Defects In Material And Workmanship. The Warranty Does Not Cover Damages Resulting From Accidents Mishandling Or Tampering With The Mechanism. Warranty Valid Against Producing Original Bill Endorsed By Seller.|Material: Stainless Steel Color: Silver Package Contents: 1 - Piece Insta Electric Kettle (2 Litres)|Just the place the kettle wherever you feel convenient and make your favorite beverage within a short span of time. Power indicator suggesting On/Off and Convenient On-Off button. Automatic Shut-off for safety and power saving.|Sturdy handle lets you touch it immediately after it stops functioning without having to worry about burning your hands. Wide mouth for easy cleaning Hinded Lid for convenience. Supply: 230 Volts AC 50 Hz. Power: 1500 Watts.,https://m.media-amazon.com/images/W/WEBP_402378-T2/images/I/415mgfOmzUS._SX300_SY300_QL70_FMwebp_.jpg,https://www.amazon.in/Milton-Electric-Stainless-Kettle-Litres/dp/B091V8HK8Z/ref=sr_1_108?qid=1672923596&s=kitchen&sr=1-108
B071VNHMX2,Philips Daily Collection HD2582/00 830-Watt 2-Slice Pop-up Toaster (White),Home&Kitchen|Kitchen&HomeAppliances|SmallKitchenAppliances|Pop-upToasters,2095,2095,0%,4.5,7949,Frequency: 50-60 Hz Wattage: 830 W Integrated cord storageoperating Voltage: 220 - 240 volts. Power : 760-900 W,https://m.media-amazon.com/images/W/WEBP_402378-T1/images/I/31CLpobJstL._SY300_SX300_QL70_FMwebp_.jpg,https://www.amazon.in/Philips-Collection-HD2582-00-830-Watt/dp/B071VNHMX2/ref=sr_1_109?qid=1672923596&s=kitchen&sr=1-109
B08MVSGXMY,Crompton Insta Comfy 800 Watt Room Heater with 2 Heat Settings(Grey Blue),Home&Kitchen|HeatingCooling&AirQuality|RoomHeaters|ElectricHeaters,1498,2300,35%,3.8,95,The advanced quartz tubes get quickly heated and its dual heat setting features allow you to adjust the temperature as per your comfort|Fused with elegant and sleek design that goes well with your décor|High efficient quick heating quartz rod with two setting 400W+400W|Rust free stainless steel reflector along with Tip-Over proctection for a safer experience|An ISI approved product powered with shock proof body and a carrying handle|Power Requirement - 200-220E 50HZ 800W Two Settings 400W+400W|Warranty: 1 years warranty provided by crompton from date of purchase covers on manufacturing defects kindly read the usermanual for more details,https://m.media-amazon.com/images/I/41v9yj848iL._SX300_SY300_QL70_FMwebp_.jpg,https://www.amazon.in/Crompton-Insta-Comfy-Heater-Settings/dp/B08MVSGXMY/ref=sr_1_110?qid=1672923596&s=kitchen&sr=1-110
B00H0B29DI,USHA Heat Convector 812 T 2000-Watt with Instant Heating Feature (Black),Home&Kitchen|HeatingCooling&AirQuality|RoomHeaters|HeatConvectors,2199,2990,26%,3.8,1558,Meant for Spot Heating|Ideal for a small room only i.e. up to 12 sq. ft|Twin Turbo Design for fast & efficient heating|Side Vents to draw in air easily|ISI Mark|Inbuilt fan ensure instant heating|Customer Care Number: 18133111,https://m.media-amazon.com/images/I/41A8H7PSidL._SY300_SX300_QL70_FMwebp_.jpg,https://www.amazon.in/Usha-Convector-2000-Watt-Instant-Heating/dp/B00H0B29DI/ref=sr_1_111?qid=1672923596&s=kitchen&sr=1-111
B01GZSQJPA,Philips HL7756/00 Mixer Grinder 750W 3 Jars (Black),Home&Kitchen|Kitchen&HomeAppliances|SmallKitchenAppliances|MixerGrinders,3699,4295,14%,4.1,26543,Wattage: 750 W; Voltage: 230 V;No of Jars: 3; Jar Size: Wet Jar (1.5 Litres) Multipurpose Jar (1 Litre) Chutney Jar (0.3 Litres); Jar Material: Stainless Steel; Body Material: ABS; Blade Material: Stainless Steel; Speed Control: 3 Speed Control + Pulse|Burning smell during first few usage is normal due to varnish coating on motor and will stop after few usage cycles. Your mixer grinder's powerful motor may make some noise. If the noise level/smell seem abnormal please contact Customer Care.;This product does not require installation. Please allow the motor to cool for some time between product uses.|New and powerful 750 W Turbo Motor with advanced air ventilation & sturdy coupler allows 25 minutes* continuous grinding even for tough ingredients like black gram dal.;Along with specialised blades for toughest ingredients masalas chutneys shakes and purees this appliance comes with leakproof food-grade stainless steel jars with a semi-transparent lid that allows you to see the ingredients for perfect consistency|Includes: Mixer grinder Wet Jar Multipurpose Jar Chutney Jar|Size Name: Standard,https://m.media-amazon.com/images/I/31eyLyEftOL._SX300_SY300_QL70_FMwebp_.jpg,https://www.amazon.in/Philips-HL7756-00-750-Watt-Grinder/dp/B01GZSQJPA/ref=sr_1_115?qid=1672923596&s=kitchen&sr=1-115
B08VGFX2B6,Kuber Industries Waterproof Round Non Wovan Laundry Bag/Hamper|Metalic Printed With Handles|Foldable Bin & 45 Liter Capicity|Size 37 x 37 x 49 Pack of 1 (Beige & Brown)-KUBMART11450,Home&Kitchen|HomeStorage&Organization|LaundryOrganization|LaundryBaskets,177,199,11%,4.1,3688,PACKAGE CONTAIN: 1 Piece Laundry Basket|MATERIAL: Non Woven COLOR: Beige & Black|PRODUCT DIMENSION: 37 x 37 x 49 CM|EASILY FOLDABLE: Built-in handles for easy transport from the hamper to your washing machine. Easily folds open to put into use and quickly folds flat for home storage when not in use.|Easy To Use: This is a multi-purpose organizer that can be used for keeping various things. You can set a few bags for various items such as office clothes home clothes daily essentials and many more. This will help you get the things and will also save time in re-organization.,https://m.media-amazon.com/images/I/41wqOJ5t9QL._SX300_SY300_QL70_FMwebp_.jpg,https://www.amazon.in/Kuber-Industries-Foldable-Laundry-KUBMART11450/dp/B08VGFX2B6/ref=sr_1_116?qid=1672923596&s=kitchen&sr=1-116
B09GYBZPHF,Lifelong LLMG93 500 Watt Duos Mixer Grinder 2 Stainless Steel Jar (Liquidizing and Chutney Jar)| ABS Body Stainless Steel Blades 3 Speed Options with Whip (1 Year Warranty Black),Home&Kitchen|Kitchen&HomeAppliances|SmallKitchenAppliances|MixerGrinders,1149,2499,54%,3.8,4383,2 jars liquidizing jar (1.25 Litres) and chutney jar (0.4 litres)|Operating Voltage: 220 - 240 volts Frequency: 50Hz 1Phase|1 Year Lifelong Online Retail Pvt. Ltd. Warranty|The mixer has three blades at the bottom that grinds all your ingredients to a smooth paste or powder ; Revolutions: 18000 RPM ; Material: Stainless Steel|3 speed control motor; Multi-functional blade system|Operating noise levels between 80-90 dB; Initial burning smell is to be expected due to evaporating varnish which is normal,https://m.media-amazon.com/images/W/WEBP_402378-T1/images/I/31D9nttNSPL._SX300_SY300_QL70_FMwebp_.jpg,https://www.amazon.in/Lifelong-LLMG93-Stainless-Liquidizing-Warranty/dp/B09GYBZPHF/ref=sr_1_118?qid=1672923596&s=kitchen&sr=1-118
B0B4KPCBSH,IKEA Frother for Milk,Home&Kitchen|Kitchen&HomeAppliances|CoffeeTea&Espresso|CoffeeGrinders|ElectricGrinders,244,499,51%,3.3,478,BATTERIES ARE SOLD SEPARATELY|2AA Batteries are recommended|New Batteries are recommended to work properly|Frothes milk up in 15-20 seconds.|Can be used for both cold and hot milk.,https://m.media-amazon.com/images/W/WEBP_402378-T1/images/I/31iBzpNszEL._SX300_SY300_QL70_FMwebp_.jpg,https://www.amazon.in/Ikea-45454-IKEA-Frother-Milk/dp/B0B4KPCBSH/ref=sr_1_119_mod_primary_new?qid=1672923596&s=kitchen&sbo=RZvfv%2F%2FHxDF%2BO5021pAnSA%3D%3D&sr=1-119
B09CGLY5CX,Crompton Insta Comfort Heater 2000 Watts Heat Convector with Adjustable Thermostats Hybrid Cyan Standard (‎ACGRH- INSTACOMFORT),Home&Kitchen|HeatingCooling&AirQuality|RoomHeaters|ElectricHeaters,1959,2400,18%,4,237,Two heat setting|Adjustable Thermostat|Over heat protection|Thermal cut off|Vertical & horizontal mounting,https://m.media-amazon.com/images/I/31uLbVqjaqL._SX300_SY300_QL70_FMwebp_.jpg,https://www.amazon.in/Crompton-convector-adjustable-Thermostats-Standard/dp/B09CGLY5CX/ref=sr_1_120_mod_primary_new?qid=1672923596&s=kitchen&sbo=RZvfv%2F%2FHxDF%2BO5021pAnSA%3D%3D&sr=1-120
B09JN37WBX,Lint Remover Woolen Clothes Lint Extractor Battery Lint Removing Machine Bhur Remover,Home&Kitchen|Kitchen&HomeAppliances|VacuumCleaning&Ironing|IronsSteamers&Accessories|LintShavers,319,749,57%,4.6,124,Smoothly takes off the lint from fabric suitable for sweaters woollens blanket sports wear|Dual protection The adjustable height spacer protects your garments from being cut or snagged or caught. It also protects and reinforces your hands from accidentally touching the shaver foil.|Battery Powered AC-220V at 50 Hz and 2 W Power|Fibre And Lint StoremanHair Sucker Remover for Any Fabric Clothing|Rotatory Sharp Blades & Remove the Lint Quickly|Flatly Lay Down The Textures & Remove Lint & Fibre|Battery Operated Lint Works Properly and to the best of the Capacity of the Batteries whatever you add,https://m.media-amazon.com/images/W/WEBP_402378-T1/images/I/31g2BiAmVjL._SY300_SX300_QL70_FMwebp_.jpg,https://www.amazon.in/Remover-Clothes-Extractor-Battery-Removing/dp/B09JN37WBX/ref=sr_1_121?qid=1672923596&s=kitchen&sr=1-121
B01I1LDZGA,Pigeon Kessel Multipurpose Kettle (12173) 1.2 litres with Stainless Steel Body used for boiling Water and milk Tea Coffee Oats Noodles Soup etc. 600 Watt (Black & Silver),Home&Kitchen|Kitchen&HomeAppliances|SmallKitchenAppliances|Kettles&HotWaterDispensers|ElectricKettles,1499,1775,16%,3.9,14667,Warranty: 1 year on product|Power: 600 watts ; Power: 230v50HzAC ; Operating Mode: Corded|Includes: Kettle|360 degree swivel base|Cool touch handle and lid knob,https://m.media-amazon.com/images/I/41orhoQwtGL._SX300_SY300_QL70_FMwebp_.jpg,https://www.amazon.in/Pigeon-Kessel-1-2-Litre-Multi-purpose-Kettle/dp/B01I1LDZGA/ref=sr_1_125_mod_primary_new?qid=1672923596&s=kitchen&sbo=RZvfv%2F%2FHxDF%2BO5021pAnSA%3D%3D&sr=1-125
B0BN2576GQ,C (DEVICE) Lint Remover for Woolen Clothes Electric Lint Remover Best Lint Shaver for Clothes Pack of 1,Home&Kitchen|Kitchen&HomeAppliances|VacuumCleaning&Ironing|IronsSteamers&Accessories|LintShavers,469,1599,71%,3.7,6,✅REJUVENATE FABRICS & KEEP TIDY - Restore your clothes and fabrics to a fresh new look! The powerful engine can quickly and gently remove fluffs pilling fuzzes and bobbles from materials like bed sheets cushions sweaters woolen coats curtains carpets and more!|✅MAKE ALL FABRICS LOOK BRAND NEW: Even the highest quality of fabrics require a little rejuvenation every now and then and this Fabric Shaver features a sharp stainless steel razor blade that will make quick work of damaged materials and make them look good as new.|✅ERGONOMIC DESIGN WITH A BATTERY POWERED MOTOR: Specially designed and lightweight with a 180° handle so it's easy to grip while you effortlessly your fabrics at any angle. The motor generates a strong suction when the blades are rotating for maximum effect.|✅EASY TO USE: Simply push the switch-on button and gently skim it across the fabric in a circular motion to remove all the unwanted excess. Once the fabric is back in pristine condition the excess tray slides out to empty. The expanded blade surface covers a larger area finishing the job quicker and easier.|✅DUAL PROTECTION The adjustable height spacer protects your garments from being cut or snagged or caught. It also protects and reinforces your hands from accidentally touching the shaver foil. A cleaning brush is included in the pack to help you easily clean your appliance after use.,https://m.media-amazon.com/images/W/WEBP_402378-T1/images/I/416wtLbGHvL._SX300_SY300_QL70_FMwebp_.jpg,https://www.amazon.in/DEVICE-Remover-Woolen-Clothes-Electric/dp/B0BN2576GQ/ref=sr_1_126?qid=1672923596&s=kitchen&sr=1-126
B06XPYRWV5,Pigeon by Stovekraft 2 Slice Auto Pop up Toaster. A Smart Bread Toaster for Your Home (750 Watt) (black),Home&Kitchen|Kitchen&HomeAppliances|SmallKitchenAppliances|Pop-upToasters,1099,1795,39%,4.2,4244,2 slice capacity and auto pop up|Cool touch body and variable browning control|Bread slice centering device for even toasting|Easy slide out crumb tray and cord storage|Power: 750 watts|Warranty: 1 year warranty provided by the manufacturer from date of purchase,https://m.media-amazon.com/images/W/WEBP_402378-T1/images/I/31Sgt4ZRNXL._SX300_SY300_QL70_FMwebp_.jpg,https://www.amazon.in/Pigeon-2-Slice-Pop-up-Toaster-Black/dp/B06XPYRWV5/ref=sr_1_124?qid=1672923597&s=kitchen&sr=1-124
B01N1XVVLC,Bajaj OFR Room Heater 13 Fin 2900 Watts Oil Filled Room Heater with 400W PTC Ceramic Fan Heater ISI Approved (Majesty 13F Plus Black),Home&Kitchen|HeatingCooling&AirQuality|RoomHeaters|FanHeaters,9590,15999,40%,4.1,1017,Full Room Warmth: 25 Watts 13 Fin Oil Filled Radiator for Noiseless Full Room Comfort During Winters|Personalized Comfort: Customized to your heating needs with an adjustable thermostat and three heat settings (1 W/ 15 W/ 25 W). Rated Voltage : 230 V|Peace of Mind: Featuring safety tilt and an auto thermal shutoff to prevent overheating|Efficient: RH 13F Plus comes with a 4 Watt PTC ceramic fan heater for better heating efficiency|Mobility: Equipped with Castor wheels for ease of access|Reliable & Safe: Our room heaters are dependable and they also come with a 2 Year warranty,https://m.media-amazon.com/images/I/41PhEVR4X4L._SX300_SY300_QL70_FMwebp_.jpg,https://www.amazon.in/Bajaj-Majesty-Filled-Radiator-Heater/dp/B01N1XVVLC/ref=sr_1_125?qid=1672923597&s=kitchen&sr=1-125
B00O2R38C4,Luminous Vento Deluxe 150 mm Exhaust Fan for Kitchen Bathroom with Strong Air Suction Rust Proof Body and Dust Protection Shutters (2-Year Warranty White),Home&Kitchen|HeatingCooling&AirQuality|Fans|ExhaustFans,999,1490,33%,4.1,12999,Performance: Sweep Size: 150 mm Cut Out Size: Sq. 192 x 192 mm Power: 30 Watt Air Delivery Rate: 250 CMH RPM: 1350 Suitable Room Size: 6 x 6 x 9 feet|Strong Air Suction: The motor produces an RPM of 1350 that enables this ventilation fan to draw out stale air quickly and make the room fresh|Blade Design: The blades are specially designed to produce the highest amount of rotation making the ventilation process quick and efficient|Rust Proof Body: Maintain the pristine appearance of your fan for a long time because it is built with an effective rust-proof body that will withstand corrosion over time|Dust Protection Shutters: When not in use these shutters will remain shut to prevent dust and insects from entering keeping your home neat and tidy|Air Delivery Rate: High-end engineering of this exhaust fan allows it to create an air delivery rate of 250 CMH to keep the room cool|Sweep Size: This exhaust fan produces the lowest amount of buffeting while maintaining efficient performance as blades are positioned perfectly at 150 mm,https://m.media-amazon.com/images/W/WEBP_402378-T2/images/I/21c-ZYPFJ5L._SX300_SY300_QL70_FMwebp_.jpg,https://www.amazon.in/Luminous-Vento-Deluxe-30-Watt-Ventilator/dp/B00O2R38C4/ref=sr_1_126?qid=1672923597&s=kitchen&sr=1-126
B0B2CZTCL2,Wipro Vesta 1.8 litre Cool touch electric Kettle with Auto cut off | Double Layer outer body | Triple Protection - Dry Boil Steam & Over Heat |Stainless Steel Inner Body | (Black 1500 Watt),Home&Kitchen|Kitchen&HomeAppliances|SmallKitchenAppliances|Kettles&HotWaterDispensers|Kettle&ToasterSets,1299,1999,35%,3.8,311,Black Kettle with cool touch function enabled by double layer protection|Three levels of protection with Auto shut off – Steam Sensor  Dry Boil Protection and Over heat safeguard|Boils water within minutes for 5-6 people at a time that could also be used to make tea  coffee or instant noodles/ Soup etc|Food grade stainless steel with no plastic|Easy Usage with Pirouette base with 360 degree agility,https://m.media-amazon.com/images/I/31iKMkOV-DL._SX300_SY300_QL70_FMwebp_.jpg,https://www.amazon.in/electric-Kettle-Double-Triple-Protection/dp/B0B2CZTCL2/ref=sr_1_127?qid=1672923597&s=kitchen&sr=1-127
B00PVT30YI,Kitchen Mart Stainless Steel South Indian Filter Coffee Drip Maker Madras Kappi Drip Decotion Maker160ml (2 Cup),Home&Kitchen|Kitchen&HomeAppliances|CoffeeTea&Espresso|DripCoffeeMachines,292,499,41%,4.1,4238,Material: Food Grade stainless steel; Make authentic south Indian Traditional Filter coffee decotion|Durable & Easy to Use can use any brand's freshly roasted and grounded Coffee Grand Filter Coffee|Capaciy: 160ML (Makes upto 2 cups of coffee Decoction)|Item package quantity: 1 Coffee Filter(Small Size)|Style Name: Classic,https://m.media-amazon.com/images/W/WEBP_402378-T1/images/I/31hwosM2Q1L._SX300_SY300_QL70_FMwebp_.jpg,https://www.amazon.in/Kitchen-Stainless-Indian-Filter-Coffee/dp/B00PVT30YI/ref=sr_1_128?qid=1672923597&s=kitchen&sr=1-128
B00SH18114,Ikea 903.391.72 Polypropylene Plastic Solid Bevara Sealing Clip (Multicolour) - 30 Pack Adjustable,Home&Kitchen|Kitchen&HomeAppliances|SmallKitchenAppliances|VacuumSealers,160,299,46%,4.6,2781,30 units|Perfect to Seal Food/Snack|Keep Food Fresh|Freezer Safe|Dishwasher Safe,https://m.media-amazon.com/images/I/41k+HQz9JbL._SX300_SY300_.jpg,https://www.amazon.in/Ikea-903-391-72-Sealing-assorted-30-pack/dp/B00SH18114/ref=sr_1_129_mod_primary_new?qid=1672923597&s=kitchen&sbo=RZvfv%2F%2FHxDF%2BO5021pAnSA%3D%3D&sr=1-129
B00E9G8KOY,HUL Pureit Germkill kit for Classic 23 L water purifier - 1500 L Capacity,Home&Kitchen|Kitchen&HomeAppliances|WaterPurifiers&Accessories|WaterPurifierAccessories,600,600,0%,4.1,10907,Compatible only for Pureit Classic 23 Liter water purifier|Germkill Kit (GKK) Capacity - 1500 Liters|The Germkill Kit (GKK) contains 3 Parts - Activated Carbon Germkill Processorᵀᴹ and Polisher|Activated Carbon Filter - Removes harmful parasites & pesticides|Germkill Processorᵀᴹ - Uses programmed Germkill technology to remove invisible harmful viruses & bacteria|Polisher - Removes chlorine odor along with other impurities to purify water and improve its taste|For GKK replacement instructions refer to the user manual pdf (in Product guides & documents section),https://m.media-amazon.com/images/I/41OxPvBpwYL._SX300_SY300_QL70_FMwebp_.jpg,https://www.amazon.in/HUL-Pureit-Germkill-Classic-Purifier/dp/B00E9G8KOY/ref=sr_1_130?qid=1672923597&s=kitchen&sr=1-130
B00H3H03Q4,HUL Pureit Germkill kit for Classic 23 L water purifier - 3000 L Capacity,Home&Kitchen|Kitchen&HomeAppliances|WaterPurifiers&Accessories|WaterCartridges,1130,1130,0%,4.2,13250,Compatible only for Pureit Classic 23 Liter water purifier|Germkill Kit (GKK) Capacity - 3000 Liters|The Germkill Kit (GKK) contains 3 Parts - Activated Carbon Germkill Processorᵀᴹ and Polisher|Activated Carbon Filter - Removes harmful parasites & pesticides|Germkill Processorᵀᴹ - Uses programmed Germkill technology to remove invisible harmful viruses & bacteria|Polisher - Removes chlorine odor along with other impurities to purify water and improve its taste|For GKK replacement instructions refer to the user manual pdf (in Product guides & documents section),https://m.media-amazon.com/images/I/41rkDPlAt+L._SY300_SX300_.jpg,https://www.amazon.in/HUL-Pureit-Germkill-Classic-Purifier/dp/B00H3H03Q4/ref=sr_1_131?qid=1672923597&s=kitchen&sr=1-131
B0756K5DYZ,Prestige Iris 750 Watt Mixer Grinder with 3 Stainless Steel Jar + 1 Juicer Jar (White and Blue),Home&Kitchen|Kitchen&HomeAppliances|SmallKitchenAppliances|MixerGrinders,3249,6295,48%,3.9,43070,Motor Warranty: 2; Product Warranty: 2;|Operating noise levels between 80-90 dB; Initial burning smell is to be expected due to evaporating varnish|i) Jar safety lock to ensure safety - product won't start if not locked correctly ii) Do not run the mixer grinder for more than 5 minutes continuously give a gap of 2 minutes if you need to use for more time|Wattage: 750 W; Voltage: 230 V; Revolution: 20000 RPM|4 Super efficient blades and Stainless Steel jars along With Polycarbonate Jar. ideal for larger fruits and veggies|The grinder features an overload protection switch that cuts off power supply to the appliance to prevent the motor from overheating|No of Jars: 4; Jar Size: Wet grinding jar (1.5L) Juicer Jar(1.5) LDry grinding jar (1 L) Chutney Jar (300ml); Jar Material: Stainless Steel + Juice Jar( Polycarobonate); Body Material: ABS Plastic; Cord Material: PVC with copper wire; Blade Material: Stainless Steel; Speed Control: 3 speed control|Powerful 750w motor,https://m.media-amazon.com/images/W/WEBP_402378-T1/images/I/41v0JSmcIuL._SY300_SX300_QL70_FMwebp_.jpg,https://www.amazon.in/Prestige-Iris-Grinder-Stainless-Juicer/dp/B0756K5DYZ/ref=sr_1_132?qid=1672923597&s=kitchen&sr=1-132
B0188KPKB2,Preethi Blue Leaf Diamond MG-214 mixer grinder 750 watt (Blue/White) 3 jars & Flexi Lid FBT motor with 2yr Guarantee & Lifelong Free Service,Home&Kitchen|Kitchen&HomeAppliances|SmallKitchenAppliances|MixerGrinders,3599,9455,62%,4.1,11828,Country of Origin: India. 2 years Guarantee on product with Life Long Free Service - No Labour Charge.|Operating voltage: 230 volts High Grade Nylon Couplers for smooth trouble free usage. Flex Cord: PVC insulated 3 Core|This product does not require installation. please contact brand customer care|Since your mixer grinder runs on a powerful motor there will be some noise. Product Operating Noise Level : 80 Db(Mixer Grinder industry wide acceptable levels: 80-90 DB) ; human voice as a reference(50-60 db). If noise level seems to be higher than this please contact Brand Service Centre|Includes: Jar (1.5 litres) Chutney jar (0.5 litre) Chutney jar (0.4 litre) Dome 1.5 popular 0.5 Dome 0.4 CG Lid  Flexi lid (1.5 litres) Stirrer Instructional manual Customer care list and Warranty card. Flexi Lid - This flexi lid helps provide 4 capacities in 3 jars. The flexi lid helps you in converting the capacity of a jar in case you are not sure about the quantities. With flexi lid there is always room for adjustment. It converts 1.5 litre jar to 1.0 litre capacity jar.|India's No 1 Mixer-Grinder Brand(as per Francis Kanoi) Suitable for Wet Grinding Liquidizing|Blades are machine-ground polished to give you that quick and superior grinding performance. Adapt your jar to suit your various grinding needs 100 percent stainless steel jars and blades. Can grind even the toughest ingredients with ease,https://m.media-amazon.com/images/W/WEBP_402378-T1/images/I/41JrUgIbYOL._SX300_SY300_QL70_FMwebp_.jpg,https://www.amazon.in/Preethi-Blue-Leaf-Diamond-750-Watt/dp/B0188KPKB2/ref=sr_1_133?qid=1672923597&s=kitchen&sr=1-133
B091KNVNS9,Themisto 350 Watts Egg Boiler-Blue,Home&Kitchen|Kitchen&HomeAppliances|SmallKitchenAppliances|EggBoilers,368,699,47%,4.1,1240,"WHATS INCLUDED? Egg Cooker base; Dishwasher Safe Removable Parts: 7-Egg Tray Measuring cup with firmness markings Clear Lid and Instruction Manual|COMPACT SPACE-SAVING DESIGN: Perfect as a back to school gift for dorms apartments RV campers camping etc. Small and lightweight it easily fits into drawers for storage or just leave out on the counter as a fun and colorful accent to any home kitchen|SEVEN EGG CAPACITY: Cook up to 7 eggs in soft medium or hard boiled firmness while saving time and water|EASE OF USE: Fill measuring cup with water to desired doneness press the power button once and within minutes your eggs will be ""Egg-Celent!"" Fun and simple to use for family members of all ages! The built-in timer buzzer and auto-shut off gets it right everytime! Faster than conventional stovetop methods!",https://m.media-amazon.com/images/W/WEBP_402378-T2/images/I/315o5vpD66L._SX300_SY300_QL70_FMwebp_.jpg,https://www.amazon.in/Themisto-350-Watts-Egg-Boiler-Blue/dp/B091KNVNS9/ref=sr_1_134?qid=1672923597&s=kitchen&sr=1-134
B075JJ5NQC,Butterfly Smart Mixer Grinder 750W 4 Jars (Grey),Home&Kitchen|Kitchen&HomeAppliances|SmallKitchenAppliances|MixerGrinders,3199,4999,36%,4,20869,Wattage: 750 W; Voltage: 220-240V 50-60Hz ; Revolution: 18500|No of Jars: 4; Jar Size: 0.40.751 in Ltr; Jar Material: Stainless Steel jars and PC Juicer Jar; Body Material: ABS body; Cord Material: 180 CM; Blade Material: Stainless Steel; Speed Control: 3 speed with whip|Do not worry if you experience some burning smell when you run your mixer grinder for the 1st time .This is due to the motor varnish getting heated for the 1st time. The problem should not recur in subsequent uses. If it does please contact Brand Service Centre|Read Manual Before Use.|LED light to indicate power ON status and Knob. Suitable for: Wet Grinding Chutney Grinding Grating Mincing Dry Grinding Blending|Juicer Type: Centrifugal Juicer ; Non-slip Feet: Yes ; Auto Switch Off: Yes ; Locking System: No; Special rubber shoes for extra firm grip; Vacuum rubber shoes for firm grip|Automatic overload cut off facility,https://m.media-amazon.com/images/W/WEBP_402378-T1/images/I/41opVWa6H1L._SX300_SY300_QL70_FMwebp_.jpg,https://www.amazon.in/Butterfly-Smart-750-Watt-Mixer-Grinder/dp/B075JJ5NQC/ref=sr_1_135?qid=1672923597&s=kitchen&sr=1-135
B0B5KZ3C53,KENT Smart Multi Cooker Cum Kettle 1.2 Liter 800 Watts Electric Cooker with Steamer & Boiler for Idlis Instant Noodles Momos Eggs & Steam Vegetables Inner Stainless Steel & Cool Touch Outer Body,Home&Kitchen|Kitchen&HomeAppliances|SmallKitchenAppliances|Rice&PastaCookers,1599,2900,45%,3.7,441,KENT Multi-Cooker is a smart and efficient kitchen appliance for cooking steaming and boiling|Multi-cooking feature to make idlis boil eggs steam veggies or momos or make masala tea|800W high-performance ensures instant results|Stainless steel inner pot and transparent glass lid|Cool-touch handle and auto shut-off feature offer safety and convenience|Features Swivel Power Base for added convenience|Ideal for nuclear families bachelors and travelers,https://m.media-amazon.com/images/W/WEBP_402378-T2/images/I/31tiptnSbZL._SX300_SY300_QL70_FMwebp_.jpg,https://www.amazon.in/KENT-Electric-Steamer-Vegetables-Stainless/dp/B0B5KZ3C53/ref=sr_1_139?qid=1672923597&s=kitchen&sr=1-139
B09NTHQRW3,InstaCuppa Portable Blender for Smoothie Milk Shakes Crushing Ice and Juices USB Rechargeable Personal Blender Machine for Kitchen with 2000 mAh Rechargeable Battery 150 Watt Motor 400 ML,Home&Kitchen|Kitchen&HomeAppliances|SmallKitchenAppliances|HandBlenders,1999,2499,20%,4.1,1034,Blends Fast and Quick: Our personal blender is powered with a 150 Watt motor and fitted with 304 stainless steel blades so you can blend your shakes smoothies crush ice and anything else in seconds|Durable and Wireless: Built with a 2000 mAh rechargeable battery our portable blender has a long battery life and can be charged by any device that has a USB port. Charging cable included|Lightweight and Portable: Blend anywhere at any time with our smoothie blender that can be easily stowed and used in places like your office and gym or while you're camping and traveling|Versatile and Multi-Purpose: Perfect for making anything from protein shakes to smoothies to milkshakes and even baby food - our rechargeable blender makes drink preparation effortless and fun|Hassle-Free Cleaning: With a cup that detaches easily cleaning is a breeze with our USB blender - you can also just add water and soap to the blender and run it a few times to clean it thoroughly,https://m.media-amazon.com/images/W/WEBP_402378-T2/images/I/312FrvLA2RL._SX300_SY300_QL70_FMwebp_.jpg,https://www.amazon.in/InstaCuppa-Portable-Smoothie-Crushing-Rechargeable/dp/B09NTHQRW3/ref=sr_1_140?qid=1672923597&s=kitchen&sr=1-140
B008YW3CYM,USHA EI 1602 1000 W Lightweight Dry Iron with Non-Stick Soleplate (Multi-colour),Home&Kitchen|Kitchen&HomeAppliances|VacuumCleaning&Ironing|IronsSteamers&Accessories|Irons|DryIrons,616,1190,48%,4.1,37126,Lightweight for everyday ironing|Non-stick soleplate glides effortlessly over the fabric|Plastic body to protect from electric shocks|Thermal fuse for overheat cut-off protection Spray - No|360⁰ swivel cord for easy operation|1.8 m long chord|Indicator lamp for thermostat function indication,https://m.media-amazon.com/images/W/WEBP_402378-T2/images/I/31R2gaVLwYL._SX300_SY300_QL70_FMwebp_.jpg,https://www.amazon.in/Usha-EI-1602-1000-Watt-Lightweight/dp/B008YW3CYM/ref=sr_1_141?qid=1672923597&s=kitchen&sr=1-141
B07QHHCB27,KENT 16044 Hand Blender Stainless Steel 400 W | Variable Speed Control | Easy to Clean and Store | Low Noise Operation,Home&Kitchen|Kitchen&HomeAppliances|SmallKitchenAppliances|HandBlenders,1499,2100,29%,4.1,6355,KENT 400W Hand Blender is a handy yet powerful kitchen appliance to make kitchen chores easy|Its variable speed control helps adjust the speed easily according to specific recipe thus hassle-free food preparations|The blender is an ideal choice for both hot and cold blending. Make anything such as shakes soups or smoothies|The durable and sharp stainless steel blades are rust-resistant and ensure perfect results every time|The desirable speed of this high-power 400W motor make low noise operations|The detachable shaft makes the blender easy to clean and store,https://m.media-amazon.com/images/W/WEBP_402378-T1/images/I/21-SFWqfgyS._SX300_SY300_QL70_FMwebp_.jpg,https://www.amazon.in/Kent-KENT-Hand-Blender/dp/B07QHHCB27/ref=sr_1_142?qid=1672923597&s=kitchen&sr=1-142
B0BMFD94VD,White Feather Portable Heat Sealer Mini Sealing Machine for Food Storage Vacuum Bag Chip Plastic Snack Bags Package Home Closer Storage Tool (Multicolor) Random Colour,Home&Kitchen|Kitchen&HomeAppliances|SmallKitchenAppliances|VacuumSealers,199,499,60%,3.3,12,Designed with ease of use in mind - Place edge of poly or mylar bag in your sealer and slowly pull the bag through|Airtight seal - Create airtight seal and prevent your food from tasting bland and stale and lock in freshness and flavor. Also safely pack cosmetics when traveling|Professional Heat Sealer will easily reseal original plastic bags so food will stop being exposed to dust and bacteria. Store food in original packaging & help save the Earth|Professional Heat Sealer will easily reseal original plastic bags so food will stop being exposed to dust and bacteria. Store food in original packaging & help save the Earth|2 AA BATTERIES REQUIRED NOT INCLUDED,https://m.media-amazon.com/images/I/31O1Y16P8xL._SY300_SX300_QL70_FMwebp_.jpg,https://www.amazon.in/White-Feather-Portable-Sealing-Multicolor/dp/B0BMFD94VD/ref=sr_1_143?qid=1672923597&s=kitchen&sr=1-143
B00HZIOGXW,Crompton IHL 152 1500-Watt Immersion Water Heater with Copper Heating Element (Black),Home&Kitchen|HeatingCooling&AirQuality|WaterHeaters&Geysers|ImmersionRods,610,825,26%,4.1,13165,PRODUCT: Crompton's shock-proof immersion water heater with fast heating|TECHNICAL SPECIFICATIONS: Wattage: 1500 W; Dimensions: 78 X 50 X 320 mm|DURABLE AND FUNCTIONAL: Copper heating element nickel plating to resist corrosion neon ON/ OFF lamp|DESIGN: Light weight construction and in-built water level indicator|QUALITY COMPONENTS: Bakelite body with shockproof plastic handle to ensure safety,https://m.media-amazon.com/images/W/WEBP_402378-T1/images/I/41ORNeJrRxL._SX300_SY300_QL70_FMwebp_.jpg,https://www.amazon.in/Crompton-CG-IHL-1500-Watt-Immersion-Compatible/dp/B00HZIOGXW/ref=sr_1_144?qid=1672923597&s=kitchen&sr=1-144
B09CKSYBLR,InstaCuppa Rechargeable Mini Electric Chopper - Stainless Steel Blades One Touch Operation for Mincing Garlic Ginger Onion Vegetable Meat Nuts (White 250 ML Pack of 1 45 Watts),Home&Kitchen|Kitchen&HomeAppliances|SmallKitchenAppliances|MiniFoodProcessors&Choppers,999,1499,33%,4.1,1646,InstaCuppa USB rechargeable electric food chopper has a long-lasting 1300 mAh lithium-ion battery and takes 3-4 hours to charge it fully. With one full charge you can use this device up to 30 times|This mini USB chopper comes with a high-performance 45W motor and sharp stainless steel blades (3 blades). Moreover you can quickly process most of the ingredients in 30 to 60 seconds|This mini electric chopper is extremely easy to use. Just put the ingredients in the mini food processor place the lid and press the ON button for a few seconds to mince the food. That's it!; Travel Friendly - this mini food chopper is compact lightweight and perfect for travel. You can carry this rechargeable chopper in your backpack or suitcase very easily|This USB rechargeable chopper's components are straightforward to clean. The bowl and the blades are top-rack dishwashers safe. Moreover it is easy to assemble and dismantle this mini chopper|Material Type: Plastic,https://m.media-amazon.com/images/I/411ipFfM1vL._SX300_SY300_QL70_FMwebp_.jpg,https://www.amazon.in/InstaCuppa-Rechargeable-Mini-Electric-Chopper/dp/B09CKSYBLR/ref=sr_1_145?qid=1672923597&s=kitchen&sr=1-145
B072J83V9W,Philips PowerPro FC9352/01 Compact Bagless Vacuum Cleaner (Blue),Home&Kitchen|Kitchen&HomeAppliances|VacuumCleaning&Ironing|Vacuums&FloorCare|Vacuums|CanisterVacuums,8999,9995,10%,4.4,17994,Powercyclone 5 technology separates dust from air Action radius: 9 m Cord length: 6m|1900W motor for strong suction power Sound power level: 82 dB Airflow (max): 37 l/s Dimensions of product (LxWxH): 410 x 281 x 247mm|Suction power (max):370W Input power (IEC): 1900W  Vacuum (max) :33kPa. Weight of product: 4.5 kg|Turbo Brush removes 25 percent more hairs and dust  Multiclean nozzle for thorough floor cleaning|Advanced dust container design for hygienic emptying|Activelock couplings easily adjust to every task|Soft brush integrated into handle always ready to use,https://m.media-amazon.com/images/I/41xQDop2T5L._SX300_SY300_QL70_FMwebp_.jpg,https://www.amazon.in/Philips-PowerPro-FC9352-01-Compact/dp/B072J83V9W/ref=sr_1_146?qid=1672923597&s=kitchen&sr=1-146
B09MTLG4TP,SAIELLIN Electric Lint Remover for Clothes Fabric Shaver Lint Shaver for Woolen Clothes Blanket Jackets Stainless Steel Blades Clothes and Furniture Lint Roller for Fabrics Portable Lint Shavers (White Orange),Home&Kitchen|Kitchen&HomeAppliances|VacuumCleaning&Ironing|IronsSteamers&Accessories|LintShavers,453,999,55%,4.3,610,Lint Remover for Clothes and bubble remover for clothes with a powerful motor (5W Rated Power) to work at high speed.|【Elegant & Ergonomic Design】Ergonomic design the pilling remover for clothes has an easy-grip handle which offers users a comfortable experience.|【Easy to Use and Clean】This fabric remover shaver is corded and easy to use at anytime and anywhere. It also features a detachable collection container that can be conveniently clean at quick|Up to 7700 rounds/min blade rotation for effective removal and comes with a brush as cleaner|Easily remove fabric fluff fuzz bobbles pills burr or roye from all types of woolen and cotton garments and fabrics. It is a rua remover machine|Fabric shaver fuzz remover small and portable a perfect garment care tool.|Also an upgraded floating blade can effectively shave lints and burr remover protect your clothing when blade direction changes up and down according to the size of lint,https://m.media-amazon.com/images/I/41J7JQ+P7WL._SX300_SY300_.jpg,https://www.amazon.in/SAIELLIN-Clothes-Sweater-Defuzzer-Trimmer/dp/B09MTLG4TP/ref=sr_1_147?qid=1672923597&s=kitchen&sr=1-147
B097XJQZ8H,Cookwell Bullet Mixer Grinder (5 Jars 3 Blades Silver),Home&Kitchen|Kitchen&HomeAppliances|SmallKitchenAppliances|MixerGrinders,2464,6000,59%,4.1,8866,Compact and consumes less space as compared to the bulky food processors and mixers|Easy to operate clean detachable and easily washable parts|This complete kitchen machine offers all-in-one solution and performs four functions - those of a mixer grinder juicer and chopper|Blender for fresh and healthy vegetables or fruit juices in seconds and grinder for dry spices and chutney,https://m.media-amazon.com/images/I/41nBjnlp-ML._SY300_SX300_QL70_FMwebp_.jpg,https://www.amazon.in/Cookwell-Bullet-Mixer-Grinder-Silver/dp/B097XJQZ8H/ref=sr_1_148?qid=1672923597&s=kitchen&sr=1-148
B00935MD1C,Prestige PRWO 1.8-2 700-Watts Delight Electric Rice Cooker with 2 Aluminium Cooking Pans - 1.8 Liters White,Home&Kitchen|Kitchen&HomeAppliances|SmallKitchenAppliances|Rice&PastaCookers,2719,3945,31%,3.7,13406,Content: Prestige Delight Electric Rice Cooker (1.8 Open Type with Aluminium Cooking Pan-2U)|Net Quantity: 1 Unit.Voltage : 230 V|Voltage: 230V; Wattage: 700W|Warranty: 1 Year|Troubleshooting guidelines: Do not wash the main body of cooker or immerse it in water. Its electrical insulation may get damaged. Read user manual carefully before use|Capacity - Cooks upto 1000g of raw rice|Great features - Stainless steel close fit lid with keep warm mode 5 year warranty on the heating plate detachable power cord,https://m.media-amazon.com/images/I/41f4XKOolpL._SX300_SY300_QL70_FMwebp_.jpg,https://www.amazon.in/Prestige-PRWO-1-8-2-700-Watts-Aluminium/dp/B00935MD1C/ref=sr_1_149?qid=1672923597&s=kitchen&sr=1-149
B0BR4F878Q,Swiffer Instant Electric Water Heater Faucet Tap Home-Kitchen Instantaneous Water Heater Tank less for Tap LED Electric Head Water Heaters Tail Gallon Comfort(3000W) ((Pack of 1)),Home&Kitchen|HeatingCooling&AirQuality|WaterHeaters&Geysers|InstantWaterHeaters,1439,1999,28%,4.8,53803,✔Quick Electric Hot Water Tap Heating tube: high-purity copper liner heating element Rated voltage: 220V/50HZ Rated Power: 3000W|✔When you receive Swiffer Water tankless instant electric tap water heater please do not test it in your hands you need install it well and then test or it will be dangerous. Please operate it according to the instructions.|✔Support and well-being of dual-use electric faucet while heated the water the lower the temperature whereas the smaller the flow the higher the temperature.|✔Power unified are the 3000-watt 5 seconds fast heat! Your hands won't feel cold when washing dishes or doing the laundry or washing vegetables. Of course washing face and brushing teeth with warm water every morning are great enjoyments.|✔Your hands won't feel cold when washing dishes or doing the laundry. Of coursewashing face and brushing teeth with warm water every morning are great enjoyments.|✔When you receive the water heater please do not test it in your hands you need install it well and then test or it will be dangerous. Please operate it according to the instructions.|100% Brand New And High Quality ! Surface Treatment: Polished Installation Type: Deck Mounted Number of Handles: Single Handle|Temperature Mode of Water Heater - The tankless water heater electric heats the flow passing through it to a +60 degrees Celsius temperature. It takes at least 5 seconds to heat the water. The heated water temperature is from 30 to 40 degrees in winter and from 30 to 60 degrees in summer.,https://m.media-amazon.com/images/I/41+t2HWvwFL._SY300_SX300_.jpg,https://www.amazon.in/Swiffer-Instant-Electric-Home-Kitchen-Instantaneous/dp/B0BR4F878Q/ref=sr_1_150?qid=1672923597&s=kitchen&sr=1-150
B0B3G5XZN5,InstaCuppa Portable Blender for Smoothie Milk Shakes Crushing Ice and Juices USB Rechargeable Personal Blender Machine for Kitchen with 4000 mAh Rechargeable Battery 230 Watt Motor 500 ML,Home&Kitchen|Kitchen&HomeAppliances|SmallKitchenAppliances|HandBlenders,2799,3499,20%,4.5,546,Blends Fast and Quick: Our personal blender is powered with a 230 Watt motor and fitted with 304 stainless steel blades so you can blend your shakes smoothies crush ice and anything else in seconds|Durable and Wireless: Built with a 4000 mAh rechargeable battery our portable blender has a long battery life and can be charged by any device that has a USB port. USB-C Type Charging cable included|Lightweight and Portable: Blend anywhere at any time with our smoothie blender that can be easily stowed and used in places like your office and gym or while you're camping and traveling|Versatile and Multi-Purpose: Perfect for making anything from protein shakes to smoothies to milkshakes and even baby food - our rechargeable blender makes drink preparation effortless and fun|Hassle-Free Cleaning: With a cup that detaches easily cleaning is a breeze with our USB blender - you can also just add water and soap to the blender and run it a few times to clean it thoroughly,https://m.media-amazon.com/images/I/31ZbGgybh0L._SX300_SY300_QL70_FMwebp_.jpg,https://www.amazon.in/InstaCuppa-Portable-Smoothie-Crushing-Rechargeable/dp/B0B3G5XZN5/ref=sr_1_148?qid=1672923598&s=kitchen&sr=1-148
B07WKB69RS,Lifelong LLWH106 Flash 3 Litres Instant Water Heater for Home Use 8 Bar PressurePower On/Off Indicator and Advanced Safety (3000W ISI Certified 2 Years Warranty),Home&Kitchen|HeatingCooling&AirQuality|WaterHeaters&Geysers|InstantWaterHeaters,2088,5550,62%,4,5292,8 bar pressure rated: High pressure withstanding enabling to use in high-rise buildings ISI Certified|The high density and thick PUF ensures retention of internal heat and temperature resulting in better energy efficiency and reduced electricity bills|Thermoplastic outer body prevents rusting and corrosion|Neon indicator for power on and heating - gives status of water heating and readiness|Thermostat and cut-out conforms to international standards ensuring enhanced safety,https://m.media-amazon.com/images/W/WEBP_402378-T2/images/I/31TKp-ARDUL._SX300_SY300_QL70_FMwebp_.jpg,https://www.amazon.in/Lifelong-Flash-Instant-Heater-Certified/dp/B07WKB69RS/ref=sr_1_149?qid=1672923598&s=kitchen&sr=1-149
B09DL9978Y,Hindware Atlantic Compacto 3 Litre Instant water heater with Stainless Steel Tank Robust Construction Pressure Relief Valve And I-thermostat Feature (White And Grey),Home&Kitchen|HeatingCooling&AirQuality|WaterHeaters&Geysers|InstantWaterHeaters,2399,4590,48%,4.1,444,Stainless Steel Tank|Copper Heating element|ISI Certified|Class 1 Working Pressure|Superior Safety,https://m.media-amazon.com/images/I/21nPIBIwF0L._SX300_SY300_QL70_FMwebp_.jpg,https://www.amazon.in/Hindware-Atlantic-Compacto-Instant-HI03PDW30/dp/B09DL9978Y/ref=sr_1_151?qid=1672923598&s=kitchen&sr=1-151
B06XMZV7RH,ATOM Selves-MH 200 GM Digital Pocket Scale,Home&Kitchen|Kitchen&HomeAppliances|SmallKitchenAppliances|DigitalKitchenScales,308,499,38%,3.9,4584,Auto Calibration|Tare Full Capacity|Auto Off: 30 Seconds Off|2AAA Battery Included,https://m.media-amazon.com/images/W/WEBP_402378-T2/images/I/41Oo66iQH7L._SY445_SX342_QL70_FMwebp_.jpg,https://www.amazon.in/Atom-Selves-A100-Digital-Pocket-Silver/dp/B06XMZV7RH/ref=sr_1_152?qid=1672923598&s=kitchen&sr=1-152
B09WMTJPG7,Crompton InstaBliss 3-L Instant Water Heater (Geyser) with Advanced 4 Level Safety,Home&Kitchen|HeatingCooling&AirQuality|WaterHeaters&Geysers|InstantWaterHeaters,2599,4400,41%,4.1,14947,PRODUCT: Crompton's instant water heater with fast heating function|TECHNICAL SPECIFICATIONS: Wattage: 3000W; Capacity: 3L; Pressure 6.5 bar|WARRANTY: 5 year warranty on Tank 2 year warranty on Element and 2 year warranty on Product provided by Crompton from date of purchase|4 LEVEL SAFETY: Steam Thermostat automatic thermal cut-out pressure release valve and a fusible plug to ensure complete safety.|ANTI-RUST: Rust free PP body along with a weldless tank design that enhances resistance to corrosion and ensures long life,https://m.media-amazon.com/images/I/31yPDf0htkL._SX300_SY300_QL70_FMwebp_.jpg,https://www.amazon.in/Crompton-InstaBliss-Instant-Heater-Advanced/dp/B09WMTJPG7/ref=sr_1_153?qid=1672923598&s=kitchen&sr=1-153
B09ZK6THRR,Croma 1100 W Dry Iron with Weilburger Dual Soleplate Coating (CRSHAH702SIR11 White),Home&Kitchen|Kitchen&HomeAppliances|VacuumCleaning&Ironing|IronsSteamers&Accessories|Irons|DryIrons,479,1000,52%,4.2,1559,Powerful heating element|Non-stick coated soleplate for smooth gliding & scratch protection|Convenient 360degree swivel cord|In-built thermal fuse for overheat protection|Adjustable thermostat setting suitable for different fabric|Cool touch body with comfortable grip|Even heat distribution over its soleplate|Warranty : 2 years warranty from the date of purchase,https://m.media-amazon.com/images/I/31k9FfzMGzL._SX300_SY300_QL70_FMwebp_.jpg,https://www.amazon.in/Croma-Weilburger-Soleplate-Coating-CRSHAH702SIR11/dp/B09ZK6THRR/ref=sr_1_154?qid=1672923598&s=kitchen&sr=1-154
B07MP21WJD,Lint Roller with 40 Paper Sheets 22 x 5 cm (Grey),Home&Kitchen|Kitchen&HomeAppliances|VacuumCleaning&Ironing|IronsSteamers&Accessories|LintShavers,245,299,18%,4.1,1660,This product will be an excellent pick for you|This product comes in a proper packaging|It ensures you get the best usage for a longer period|It is made up of premium quality material,https://m.media-amazon.com/images/W/WEBP_402378-T2/images/I/31MNWLE6vuL._SY300_SX300_QL70_FMwebp_.jpg,https://www.amazon.in/Ikea-Lint-Roller-Paper-Sheets/dp/B07MP21WJD/ref=sr_1_156_mod_primary_new?qid=1672923598&s=kitchen&sbo=RZvfv%2F%2FHxDF%2BO5021pAnSA%3D%3D&sr=1-156
B09XB1R2F3,Portable Lint Remover Pet Fur Remover Clothes Fuzz Remover Pet Hairball Quick Epilator Shaver Removing Dust Pet Hair from Clothing Furniture Perfect for ClothingFurnitureCouchCarpet (Standard),Home&Kitchen|Kitchen&HomeAppliances|VacuumCleaning&Ironing|IronsSteamers&Accessories|LintShavers,179,799,78%,3.5,132,Warm Advice: Not suitable for thin knitted fabrics such as shirt sweater pants. When using your fuzz remover please use it a little lightly.|Battery-free: This lint shaver doesn't need any batteries so you can use it to remove lint and fuzz at any time and any place.|Double-side Use: Pure copper can quickly remove fur balls lint hairs and round brush can easily smooth fur coat.|Material: Lint brush is made of pure copper head and smooth plastic handle which makes it using much longer.|Multifunction: Great lint removers for cleaning your clothing bedding furniture carpet pet hair and car upholstery.,https://m.media-amazon.com/images/I/51d1BSuCGfL._SY300_SX300_QL70_FMwebp_.jpg,https://www.amazon.in/Portable-Hairball-Epilator-Removing-Furniture/dp/B09XB1R2F3/ref=sr_1_157?qid=1672923598&s=kitchen&sr=1-157
B08Y5QJXSR,atomberg Renesa 1200mm BLDC Motor with Remote 3 Blade Energy Saving Ceiling Fan (Matt Black),Home&Kitchen|HeatingCooling&AirQuality|Fans|CeilingFans,3569,5190,31%,4.3,28629,SUPER ENERGY EFFICIENT BLDC MOTOR: Consumes only 28W(at speed 5). Save up to Rs 1500 every year on your electricity bill. Runs 3 times longer on an inverter battery as compared to an ordinary fan.|INVERTER STABILIZATION TECHNOLOGY: Runs consistently at the same speed even with fluctuating input voltage between 140-285V.|HIGH SPEED & AIRFLOW: Powered by the atomSENSE algorithm the Renesa operates at speeds upto 360 RPM and delivers air at the rate of 235 CMM.|SMART REMOTE: 3 smart features - Boost mode timer and sleep mode to provide you the best experience. Change the speed of the fan at the click of a button NO REGULATOR REQUIRED.|2+1 YEAR ON-SITE WARRANTY: Atomberg Renesa comes with a standard two years warranty. Additional one year warranty can be availed by registering your purchase on the Atomberg website.,https://m.media-amazon.com/images/W/WEBP_402378-T1/images/I/31NRaw6L7KL._SX300_SY300_QL70_FMwebp_.jpg,https://www.amazon.in/Atomberg-Renesa-Motor-Remote-Ceiling/dp/B08Y5QJXSR/ref=sr_1_158?qid=1672923598&s=kitchen&sr=1-158
B07WJXCTG9,Pigeon by Stovekraft Amaze Plus Electric Kettle (14313) with Stainless Steel Body 1.8 litre used for boiling Water making tea and coffee instant noodles soup etc. 1500 Watt (Silver),Home&Kitchen|Kitchen&HomeAppliances|SmallKitchenAppliances|Kettles&HotWaterDispensers|ElectricKettles,699,1345,48%,3.9,8446,CLASSIC DESIGN : The classical mirror polish of the appearance makes your electric kettle 1.8 Litre unique and aesthetic which can match any type of kitchen design and 360° swivel base is connected with standard power cord for safe usage and convenient storage|CORDLESS POURING: The electric kettle 1.8 Litre can be easily lifts from its swivel base for easy filling at the sink and graceful serving without the hassle of a power cord; it can also be returned to its power source from any direction great for right and left-handed users.|CONVENIENT : The cordless & BPA-Free electric kettle 1.8 Litre makes a striking presence on any kitchen counter or buffet in preparing and serving and it is easy for storage|FAST BOIL : This 1500 Watt electric kettle 1.8 litre has concealed heating elements and can boil up to 1.8 litres of water in 5 to 7 minutes quicker and safer. Start your day with a cup of instant lemon tea green tea hot water.|EASY CLEAN : Use white vinegar baking soda water cleaning bottle brush and microfiber cloth to clean your electric kettle 1.8 litre and keep it looking new.|Warranty: 1 Year Warrany from the Manufacturer on Manufacturing Defects|Water Level Indicator: No; Colour: Silver; Capacity: 1.5 Litre|Customer Care no: 080-26985800,https://m.media-amazon.com/images/W/WEBP_402378-T2/images/I/31na34LxwmL._SX300_SY300_QL70_FMwebp_.jpg,https://www.amazon.in/Pigeon-stovekraft-Amaze-Plus-1-8/dp/B07WJXCTG9/ref=sr_1_159?qid=1672923598&s=kitchen&sr=1-159
B09NBZ36F7,Usha CookJoy (CJ1600WPC) 1600 Watt Induction cooktop (Black),Home&Kitchen|Kitchen&HomeAppliances|SmallKitchenAppliances|InductionCooktop,2089,4000,48%,4.2,11199,Keep Warm Function :- This will keep food warm and ready-to-eat after it has been cooked|Pause  :- Allows you cook at stop and re-start the program your own pace|Auto switch to power saving mode to prevent overheating|Pan sensor technology – operates only when Cookware is placed on|5 Pre-set Indian menu Timer: 1 min to 3 hours,https://m.media-amazon.com/images/W/WEBP_402378-T1/images/I/41-kc5sVOQL._SX300_SY300_QL70_FMwebp_.jpg,https://www.amazon.in/CookJoy-CJ1600WPC-Induction-cooktop-Black/dp/B09NBZ36F7/ref=sr_1_163?qid=1672923598&s=kitchen&sr=1-163
B0912WJ87V,Reffair AX30 [MAX] Portable Air Purifier for Car Home & Office | Smart Ionizer Function | H13 Grade True HEPA Filter [Internationally Tested] Aromabuds Fragrance Option - Black,Car&Motorbike|CarAccessories|InteriorAccessories|AirPurifiers&Ionizers,2339,4000,42%,3.8,1118,[NEW LAUNCH - INNOVATIVE DESIGN] EFFICIENT PURIFICATION TECHNOLOGY - Reffair AX30 has the tapered design with an H13 HEPA filter and Smart Negative Ions feature which makes this device perform better and it comes with an effective CADR of 16.2 m³/h. AX30 is Re-designed in the year 2021 especially for Indian market conditions.|TESTED & RELIABLE PERFORMANCE - Reffair AX30 is tested successfully in many international laboratories and assures you peace of mind with reliable purification performance. WIDE APPLICATION - Reffair AX30 is portable and lightweight which makes it easier to use at various locations like home office small room desktop or inside the car.|HIGH GRADE FILTER - HEPA filters are most trusted and widely used for air purification needs in the world because they provide the best purification results. Reffair AX30 is equipped with H13 HEPA FILTER which can efficiently remove 99.97% of dust pollen cigarette smoke odors mold spores and pet dander. It is suitable for those who suffer from allergies cough sneezing and for the entire family who loves to travel together.|100% SAFE TO USE - Many car air purifiers & Ionizers come with built-in non-certified batteries which expose the car to the risk of fire & also cause regular battery drain problems. Reffair AX30 has no battery inside which means that the product is safer to use even at higher temperatures. ENERGY EFFICIENT - It is rated highly energy-efficient product and consumes up to 70% less energy than ionizers hence keeping your car batteries safe from draining out faster.|AFTER-SALES SUPPORT - Reffair AX30 comes with a one-year limited warranty from the date of purchase. In case if you face any problem with our product please contact us before leaving any review. Our friendly customer care team is always ready to enhance your product experience. Filter life is up to 6 months and Authentic Reffair replacement filter is always available at B0912LC8R9 (ASIN).,https://m.media-amazon.com/images/W/WEBP_402378-T2/images/I/31y+z3bqZcL._SY300_SX300_.jpg,https://www.amazon.in/Reffair-AX30-MAX-Internationally-Aromabuds/dp/B0912WJ87V/ref=sr_1_164?qid=1672923598&s=kitchen&sr=1-164
B0BMTZ4T1D,!!1000 Watt/2000-Watt Room Heater!! Fan Heater!!Pure White!!HN-2500!!Made in India!!,Home&Kitchen|HeatingCooling&AirQuality|RoomHeaters|FanHeaters,784,1599,51%,4.5,11,2000 Watt Fan heater with dual heat setting|Can be used as gift option|Eco Friendly and pocket freindly|Do not worry if you feel any burning smell that is due to burning of element|Extra focus on packaging of product to make sure customer get product in working condition,https://m.media-amazon.com/images/W/WEBP_402378-T1/images/I/314HwKNEFEL._SX300_SY300_QL70_FMwebp_.jpg,https://www.amazon.in/2000-Watt-Heater-White-HN-2500-India/dp/B0BMTZ4T1D/ref=sr_1_165?qid=1672923598&s=kitchen&sr=1-165
B07Z51CGGH,Eureka Forbes Wet & Dry Ultimo 1400 Watts Multipurpose Vacuum CleanerPower Suction & Blower with 20 litres Tank Capacity6 Accessories1 Year WarrantyCompactLight Weight & Easy to use (Red),Home&Kitchen|Kitchen&HomeAppliances|VacuumCleaning&Ironing|Vacuums&FloorCare|Vacuums|Wet-DryVacuums,5499,9999,45%,3.8,4353,Note-This vacuum cleaner comes with an auto shut off technology that automatically shuts off the vacuum cleaner to protect from overheating|Post Purchase virtual Demo is provided on this product .A dedicated customer service executive is assigned to give live demo of the product over a video call|Wet & Dry Cleaning : Has the ability to clean both wet and dry spills which makes it extremely versatile. It completely does away with the need to carry separate equipment for wet and dry spills.|1400 Watts Powerful Motor : This Vacuum Cleaner is powered with best in class 1400 W motor delivering powerful suction of 16 KPA to remove dirt & dirt mite.|Powerful Blower: Powered with powerful blower to blow away dust and dirt.|Large capacity of 20 litres storage that helps you clean at a stretch without having you to empty the dust tank often.|Top quality wheels for smooth mobility with rubber wheels to avoid marks on the floor,https://m.media-amazon.com/images/W/WEBP_402378-T1/images/I/41jJqhC9nfL._SX300_SY300_QL70_FMwebp_.jpg,https://www.amazon.in/Eureka-Forbes-Wet-Dry-Ultimo/dp/B07Z51CGGH/ref=sr_1_166?qid=1672923598&s=kitchen&sr=1-166
B0BDG6QDYD,Activa Heat-Max 2000 Watts Room Heater (White color ) with ABS body,Home&Kitchen|HeatingCooling&AirQuality|RoomHeaters|FanHeaters,899,1990,55%,4.1,185,You will not have to worry about any overheating issue with this room heater presented by Activa. It comes with over heat safety protection that prevents it from damages caused by overheating.|This Activa room heater features two heat settings with 1000 watts and 2000 watts for the right amount of heat intensity that is suitable for all size of Rooms Offices and other places.|Thermal cut off for more added Safety and Protection 100% pure copper wire motor for longer life As per BIS Approved ISI Specification.|Air throw range of 10 feet which is ideal for your room offices ; Product can be placed both vertically and horizontally (kindly refer to images)|Lightweight for easy portability between rooms; Plastic body with rust-free metal grill front which suits your room attire.|Do not worry if you experience some burning smell when you run your room heater for the 1st time. This is due to the motor varnish getting heated for the 1st time. The problem should not recur in subsequent usage.|MANUFACTURED UNDER THE GUIDANCE OF HIGHLY QUALIFIED ENGINEERS TO ENSURE THE LIFE OF PRODUCT FOR HELP OR GUIDANCE CALL ON OUR CC 9999427599 NOTE: PRODUCT WILL BE REPAIRED IN OUR SERVICE CENTER. EXCLUSIVES COMES WITH 1 YEAR WARRANTY PROTECTION ON MOTOR .,https://m.media-amazon.com/images/W/WEBP_402378-T1/images/I/41s6tfIVmeL._SX300_SY300_QL70_FMwebp_.jpg,https://www.amazon.in/Activa-Heat-Max-Watts-Heater-White/dp/B0BDG6QDYD/ref=sr_1_167?qid=1672923598&s=kitchen&sr=1-167
B00YQLG7GK,PHILIPS HL1655/00 Hand Blender White Jar 250W,Home&Kitchen|Kitchen&HomeAppliances|SmallKitchenAppliances|HandBlenders,1695,1695,0%,4.2,14290,Steel rod rust proof metal rod for hot/cold blending. The voltage is 230 volts and the RPM is 18000 rpm with cord length : 1.2 m and power 250 W. Item comes with 2 years warranty.|20 minutes blending of hot & cold dishes removable blades for whisking & whipping length of the product:13 inches frequency: 50 Hz|Includes: Hand blender & whisk|The product is supplied with two blades blending blade is attached with unit and whisking blade placed in packaging box.|Avoid heating it is advised not to use product >1 minute If material is large then advise to process blending in multiple batches. Don’t use product with excess load else the bar assembly may get heated and damage product.|If blades are not rotating then please rotate blades offline (product is not switched on) with help of fingers and use product|Easy clean wall bracket for easy storage easy single trigger operation. Product is made in India,https://m.media-amazon.com/images/W/WEBP_402378-T1/images/I/31MVkjIpLiL._SX300_SY300_QL70_FMwebp_.jpg,https://www.amazon.in/Philips-Collection-HL1655-00-250-Watt/dp/B00YQLG7GK/ref=sr_1_169?qid=1672923598&s=kitchen&sr=1-169
B00SMJPA9C,Bajaj DX-2 600W Dry Iron with Advance Soleplate and Anti-Bacterial German Coating Technology Grey,Home&Kitchen|Kitchen&HomeAppliances|VacuumCleaning&Ironing|IronsSteamers&Accessories|Irons|DryIrons,499,940,47%,4.1,3036,Non-stick coated sole plate|Super clean surface finish|Extra lift at the back for easy gliding on clothes Extra Light Weight|Cool touch handle with comfortable grip|180 degree swivel cord|Warranty: 2 years on product|Power: 600 watts; Operating voltage: 230 volts,https://m.media-amazon.com/images/W/WEBP_402378-T2/images/I/41+82+4rUCL._SX300_SY300_.jpg,https://www.amazon.in/Bajaj-DX-600-Watt-Light-Weight/dp/B00SMJPA9C/ref=sr_1_170?qid=1672923598&s=kitchen&sr=1-170
B0B9RN5X8B,V-Guard Zio Instant Water Geyser | 3 Litre | 3000 W Heating | White-Blue | | 2 Year Warranty,Home&Kitchen|HeatingCooling&AirQuality|WaterHeaters&Geysers|InstantWaterHeaters,2699,4700,43%,4.2,1296,POWERFUL INSTANT HEATING: The geyser is powered by a superior 3 kW heating element with a copper sheath and high-grade magnesium oxide insulation for quick movement of heat|ADVANCED 4 LAYER SAFETY: Pressure release valve for safer operations at higher pressures ISI marked thermostat for cutting off power supply when temperature exceeds 55°C Overheating protection through disc type snap action safety device operating at 90°C & Anti-siphon Protection for preventing the reverse flow of water|STYLISH & ENERGY EFFICIENT : This Instant Water Heater maintains maximum heat retention with eco-friendly insulation and has an stylish colour display panel indicating the status of heat and power|HIGH DURABILITY: Robust Inner Tank of Zio is made of high-grade 304 Stainless Steel | Rust-proof high-quality engineering polymer constitutes the Outer Body preventing rust formation|WARRANTY: V-Guard Zio has a warranty of 2 Year on Product 2 Year on Heating Element and 5 Year on Inner Tank|PAN INDIA INSTALLATION AVAILABLE: Installation can be availed at INR 299 (Incl. GST) while the Inlet and Outlet Connection Pipes can be purchased from the technician on a chargeable basis (INR.250)|PAN INDIA SERVICE NETWORK: V-Guard Instant Water Geysers have a Pan India Service Network. You can also reach us at 1800-103-1300 (Toll Free) | 1860-180-3000 (Toll) or send a “Hi” via WhatsApp to +91963350333 or email us at customercare@vguard.in,https://m.media-amazon.com/images/I/21ndIZtC7HL._SX300_SY300_QL70_FMwebp_.jpg,https://www.amazon.in/V-Guard-Instant-Heating-White-Blue-Warranty/dp/B0B9RN5X8B/ref=sr_1_171?qid=1672923598&s=kitchen&sr=1-171
B08QW937WV,Homeistic Applience™ Instant Electric Water Heater Faucet Tap For Kitchen And Bathroom Sink Digital Water Heating Tap with Shower Head ABS Body- Shock Proof (Pack Of 1. White),Home&Kitchen|HeatingCooling&AirQuality|WaterHeaters&Geysers|InstantWaterHeaters,1448,2999,52%,4.5,19,Save time and energy saving;convenient;economical and practical.|A must kitchen accessory for housewives: your hands won't feel cold when washing dishes|2 types for you to choose: under inflow and lateral inflow|Heating tube: high-purity copper liner heating element Rated voltage: 220V/50HZ Rated Power: 3000W|Package Contents: 1 x Electric Water Faucet,https://m.media-amazon.com/images/I/31dCji7nmsL._SX300_SY300_QL70_FMwebp_.jpg,https://www.amazon.in/Homeistic-Applience-Electric-bathroom-Tankless/dp/B08QW937WV/ref=sr_1_173?qid=1672923598&s=kitchen&sr=1-173
B0B4PPD89B,Kitchenwell 18Pc Plastic Food Snack Bag Pouch Clip Sealer for Keeping Food Fresh for Home Kitchen Camping Snack Seal Sealing Bag Clips (Multi-Color) | (Pack of 18)|,Home&Kitchen|Kitchen&HomeAppliances|SmallKitchenAppliances|VacuumSealers,79,79,0%,4,97,Made in India !|Perfect for tightly sealing and storing all types of foods and snacks so that the food stays fresh and tastier for longer|MULTI-PURPOSE: Can be used to seal all types of food bags and storages such as potato chips snack bags breads coffee bags and frozen food bags etc.|SEAL THE DEAL! : They are fast and easy to use and their grip is very strong so you can rely on these clips to keep your bags perfectly sealed with minimum effort. It's always good to have these sealing clippers in your kitchen!|PRACTICABILITY: Convenient durable and reusable. The Seal clips provide more choices to meet your different needs. Enjoy your fresh food for long time and keep a healthier lifestyle.|Content : 18 Pieces (3 size x 6 Pcs each),https://m.media-amazon.com/images/W/WEBP_402378-T2/images/I/41tVoAxz0QL._SX300_SY300_QL70_FMwebp_.jpg,https://www.amazon.in/Kitchenwell-Plastic-Keeping-Kitchen-Multi-Color/dp/B0B4PPD89B/ref=sr_1_174?qid=1672923598&s=kitchen&sr=1-174
B08GM5S4CQ,Havells Instanio 10 Litre Storage Water Heater with Flexi Pipe and Free installation (White Blue),Home&Kitchen|HeatingCooling&AirQuality|WaterHeaters&Geysers|StorageWaterHeaters,6990,14290,51%,4.4,1771,Suitable for high-rise buildings and pressure pump applications. The multi-function valve prevents pressure to increase beyond 8 bars|It is made of ultra-thick super cold rolled steel plates that provides higher resistance to corrosion resulting in longer life than standard inner tank designs|Whirlpool Technology: It avoids direct contact between cold and hot water flow for faster heating and optimized energy saving resulting in 20 % more hot water output|Colour-changing LEDs that change from blue to amber to indicate the hotness of the water,https://m.media-amazon.com/images/I/31-XtyZy0IL._SX300_SY300_QL70_FMwebp_.jpg,https://www.amazon.in/Havells-Instanio-Storage-Heater-installation/dp/B08GM5S4CQ/ref=sr_1_172?qid=1672923600&s=kitchen&sr=1-172
B00NM6MO26,Prestige PIC 16.0+ 1900W Induction Cooktop with Soft Touch Push Buttons (Black),Home&Kitchen|Kitchen&HomeAppliances|SmallKitchenAppliances|InductionCooktop,2698,3945,32%,4,15034,Indian menu options|Pause function for added convenience|Aerodynamic cooling system|Automatic voltage regulator|1900 watts power|Power saver technology Troubleshooting guidelines: works only with Induction base cookware- bottom diameter between 12cm-26cm Power - 1900 watts powertype of control panel - push button Voltage(V): 230 Type: Innovative|Product dimensions:39 cm (length) x 31 (width) cm x 8 cm (height) weight: 1.7kg,https://m.media-amazon.com/images/I/418WkmFOaTL._SX300_SY300_QL70_FMwebp_.jpg,https://www.amazon.in/Prestige-1900-Induction-Cooktop-button/dp/B00NM6MO26/ref=sr_1_173?qid=1672923600&s=kitchen&sr=1-173
B083M7WPZD,AGARO 33398 Rapid 1000-Watt 10-Litre Wet & Dry Vacuum Cleaner with Blower Function (Red & Black),Home&Kitchen|Kitchen&HomeAppliances|VacuumCleaning&Ironing|Vacuums&FloorCare|Vacuums|Wet-DryVacuums,3199,5999,47%,4,3242,Suitable for Wet & Dry Dual Operations. WiFi Connectivity : No;Large 10 Litres Dust Collection Jar.|Powerful 1000W Motor I Strong 16.5 kPa Suction;Equipped with Blower Function.|360° Swivel wheel for easily cleaning in any direction;6 Metres Long Power Cord.|1 year warranty provided by the manufacturer from date of purchase;Includes: Vacuum cleaner extension tube hose floor brush crevice nozzle multipurpose brush.|Connectivity Technology: Wi-Fi; Material Type: Plastic; Power Source Type: Corded Electric,https://m.media-amazon.com/images/W/WEBP_402378-T2/images/I/415f3fULh8L._SX300_SY300_QL70_FMwebp_.jpg,https://www.amazon.in/AGARO-1000-Watt-10-Litre-Cleaner-Function/dp/B083M7WPZD/ref=sr_1_174?qid=1672923600&s=kitchen&sr=1-174
B07GLSKXS1,KENT 16026 Electric Kettle Stainless Steel 1.8 L | 1500W | Superfast Boiling | Auto Shut-Off | Boil Dry Protection | 360° Rotating Base | Water Level Indicator,Home&Kitchen|Kitchen&HomeAppliances|SmallKitchenAppliances|Kettles&HotWaterDispensers|Kettle&ToasterSets,1199,1950,39%,3.9,2832,1.8L KENT Electric Kettle SS is an ideal pick to serve a family of 5-6 members at a time|You can easily prepare instant coffee tea soup or other hot beverage within minutes|It has a concealed heating element with stainless steel cover that ensure water doesn’t touch the electrical parts|Its flat heating plate is perfect for even heat distribution|The 360° rotation base is for easy pouring and serving|This electric kettle provides protection from dry-boiling and overheating and shuts down automatically once the water is boiled|Its small LED indicator on the base indicates the ‘switch-on’ mode,https://m.media-amazon.com/images/W/WEBP_402378-T1/images/I/41fyxXj8N5L._SX300_SY300_QL70_FMwebp_.jpg,https://www.amazon.in/Kent-16026-1-8-Liter-Electric-Kettle/dp/B07GLSKXS1/ref=sr_1_175?qid=1672923600&s=kitchen&sr=1-175
B09F6KL23R,SKYTONE Stainless Steel Electric Meat Grinders with Bowl 700W Heavy for Kitchen Food Chopper Meat Vegetables Onion  Garlic Slicer Dicer Fruit & Nuts Blender (2L 700 Watts),Home&Kitchen|Kitchen&HomeAppliances|SmallKitchenAppliances|MiniFoodProcessors&Choppers,1414,2799,49%,4,1498,Multifunctional Food Chopper: This food grinder is equipped with 4 stainless steel blades and 2 modes to choose from. You can chop grind various ingredients such as onions meat ham garlic onion small herbs. This electric mincer is an ideal gift for your wife mother.|Sharp and efficient: This electric meat grinder comes with real 700W power which is more efficient and faster. 4 stainless steel blades 4D design allows upper and lower blades to evenly chop food from every 360-degree angle.|Large capacity and durability: the SKYTONE mini chopper is equipped with a stainless steel bowl and a capacity of 2 liters. Compared to glass bowls it is stronger healthier and shockproof ensuring durability.|Easy-to-clean and easy-to-use design - The unit can be disassembled and accessories are easier to clean. The cutter comes with a non-slip mat you can put the bowl on the mat. Everything is practical.|Material: Stainless Steel,https://m.media-amazon.com/images/I/41b8AhOiYBL._SX300_SY300_QL70_FMwebp_.jpg,https://www.amazon.in/SKYTONE-Stainless-Electric-Grinders-Vegetables/dp/B09F6KL23R/ref=sr_1_178?qid=1672923600&s=kitchen&sr=1-178
B094G9L9LT,KENT 16088 Vogue Electric Kettle 1.8 Litre 1500 W | Stainless Steel body | Auto shut off over heating protection | 1 Year Warranty,Home&Kitchen|Kitchen&HomeAppliances|SmallKitchenAppliances|Kettles&HotWaterDispensers|ElectricKettles,999,1950,49%,3.8,305,1500W KENT Vogue Kettle helps you prepare hot beverages like coffee tea or instant soup within minutes|Its 1.8L capacity lets you serve around 5-6 people at a time with ease|With the 360° cordless rotation pouring and serving becomes very easy. Just detach the kettle from the heating plate and pour|The inner body of the kettle is made of 304 stainless steel known for its durability and rust-resistance|Its concealed SS heating plate ensures even heat distribution|The auto-off feature of the kettle shuts down the appliance in case of overheating and dry-boiling,https://m.media-amazon.com/images/W/WEBP_402378-T2/images/I/313V6v-Fj3S._SX300_SY300_QL70_FMwebp_.jpg,https://www.amazon.in/1-8Litre-Electric-Kettle-Stainless-16088/dp/B094G9L9LT/ref=sr_1_179?qid=1672923600&s=kitchen&sr=1-179
B09FZ89DK6,Eureka Forbes Supervac 1600 Watts Powerful Suctionbagless Vacuum Cleaner with cyclonic Technology7 Accessories1 Year WarrantyCompactLightweight & Easy to use (Red),Home&Kitchen|Kitchen&HomeAppliances|VacuumCleaning&Ironing|Vacuums&FloorCare|Vacuums|CanisterVacuums,5999,9999,40%,4.2,1191,Post purchase virtual demo is available for this product|India's no. 1 vacuum cleaner brand (As per syndicated market research data FY 2020-2021)|Cyclone System: Cyclone System helps in increasing the air flow in the dust tank which in turn separates dust from the air. It also helps in maintaining powerful suction and performance of machine.|Powerful Suction: Sure from Forbes Super Vac is powered with best in class 1600 Watts motor delivering powerful suction of 21 KPA to tackle dirt dust and dust mites.|Vario Power: The suction power can be controlled as per user’s need with the help of the variable power control. Set the power to low medium or high speed to suit your varied cleaning requirements.|Range of Accessories: Super Vac comes with range of accessories for different cleaning needs. It provides solution for efficient and hassle-free cleaning. The accessories provided are easy to use and convenient to store|Auto Cord Winder: To protect the power cord from getting cut or damaged the vacuum cleaner has an in-built storage space which enables the cord to be stored in the unit itself. With the press of a button you can extend the cord for usage and also retract it back into the unit for secure storage.,https://m.media-amazon.com/images/W/WEBP_402378-T1/images/I/31ixn2s6IbL._SX300_SY300_QL70_FMwebp_.jpg,https://www.amazon.in/Eureka-Forbes-Powerful-Technology-GFCDSFSVL00000/dp/B09FZ89DK6/ref=sr_1_180?qid=1672923600&s=kitchen&sr=1-180
B0811VCGL5,Mi Air Purifier 3 with True HEPA Filter removes air pollutants smoke odor bacteria & viruses with 99.97% efficiency coverage area up to 484 sq. ft. Wi-Fi & Voice control - Alexa/GA (white),Home&Kitchen|HeatingCooling&AirQuality|AirPurifiers|HEPAAirPurifiers,9970,12999,23%,4.3,4049,True HEPA Filter with filtration efficiency of 99.97% for particle size up to 0.1 microns;OLED touch Display (Shows real time PM2.5 concentration Temperature and humidity Wi-Fi connection and Working mode)|Smart app control Rated Frequency: 50/60 Hz;Works with Google assistant and Amazon Alexa; 360 Degree Air intake with 3 Layer Filtration;High CADR of 380 m3/h|Effective coverage area upto 484 sqft;Warranty: 1 year warranty from date of purchase on main device (excluding filter)|Power: 38 watts;Includes: Air Purifier Filter User Guide Power cord|Size Name: Medium,https://m.media-amazon.com/images/W/WEBP_402378-T2/images/I/41Mktp5hVIL._SX300_SY300_QL70_FMwebp_.jpg,https://www.amazon.in/Mi-Purifier-Filter-Smart-Connectivity/dp/B0811VCGL5/ref=sr_1_182?qid=1672923600&s=kitchen&sr=1-182
B07FXLC2G2,Tata Swach Bulb 6000-Litre Cartridge 1 Piece White Hollow Fiber Membrane,Home&Kitchen|Kitchen&HomeAppliances|WaterPurifiers&Accessories|WaterFilters&Purifiers,698,699,0%,4.2,3160,Pure Power Indicator: Indicated purifying power level of the Tata Swach bulb and signals when to replace it|Advanced auto shut-off mechanism: Stops flow of water once the purifying power of the bulb is exhausted|Tata Swach bulb works on patented TSRF technology; The technology removes harmful bacteria and viruses from water and makes it safe to drink|Included Components: Main UnitUser Manual; Warranty Description: Warranty: 6 Months,https://m.media-amazon.com/images/I/31N5vx+L1KL._SY300_SX300_.jpg,https://www.amazon.in/Tata-Swach-Bulb-6000-Litre-Cartridge/dp/B07FXLC2G2/ref=sr_1_183?qid=1672923600&s=kitchen&sr=1-183
B01LYU3BZF,Havells Ambrose 1200mm Ceiling Fan (Gold Mist Wood),Home&Kitchen|HeatingCooling&AirQuality|Fans|CeilingFans,2199,3190,31%,4.3,9650,Installation is not provided by brand|Blade size- 1200 mm (48 Inches). Rated voltage.: 220 V - 240 V|Metallic paint finish|Motor with decorative ring|Optimum performance even at low voltage|Decorative trims on blades and canopy. Double ball bearings. Power Consumption: 74 W|Warranty: 2 years on product,https://m.media-amazon.com/images/W/WEBP_402378-T2/images/I/31CM9HiuvRL._SX300_SY300_QL70_FMwebp_.jpg,https://www.amazon.in/Havells-Ambrose-1200mm-Ceiling-Gold/dp/B01LYU3BZF/ref=sr_1_187?qid=1672923600&s=kitchen&sr=1-187
B083RC4WFJ,PrettyKrafts Laundry Bag / Basket for Dirty Clothes Folding Round Laundry BagSet of 2 Black Wave,Home&Kitchen|HomeStorage&Organization|LaundryOrganization|LaundryBags,320,799,60%,4.2,3846,Made In India Prettykrafts laundry bin is lightweight yet sturdy and durable and completely collapsible. It is 100% waterproof hence easily cleanable with damp cloth|It has ring on the top and bottom to retain its shape. Even though it is used for storing dirty clothes yet it's modern and stylish design adds to your home décor|Laundry basket big 45 L is a perfect combination of style and need. Proud to be make in India product.|Dimension: Diameter(37)CM x Height(45)CM Package Contains : 2 Laundry Bags|NOTE: The laundry hamper comes with compression packing which may result in crumpled in long-distance transit. It will recover after a period of time,https://m.media-amazon.com/images/I/51zhY6X2NqL._SX300_SY300_QL70_FMwebp_.jpg,https://www.amazon.in/PrettyKrafts-Canvas-Laundry-Storage-Black/dp/B083RC4WFJ/ref=sr_1_188?qid=1672923600&s=kitchen&sr=1-188
B09SFRNKSR,FABWARE Lint Remover for Clothes - Sticky Lint Roller for Clothes Furniture Wool Coat Car Seats Carpet Fabric Dust Cleaner Pet Hair Remover with 1 Handle & 1 Refill Total 60 Sheets & 1 Cover,Home&Kitchen|Kitchen&HomeAppliances|VacuumCleaning&Ironing|IronsSteamers&Accessories|LintShavers,298,499,40%,4.4,290,✅ THE PERFECT ASSISTANT FOR YOUR FAMILY : Fabware Lint roller is perfect for picking up dust dirt lint and removing pet hair. It makes swift work of picking up life's tiny messes when you don't feel like getting the vacuum out. The sticky and easily removable sheets will save you tons of time and energy. Instantly pick up dirt even from your most delicate things. Spend no more than a second to effortlessly replace sheets.|✅ PREMIUM LINT ROLLER VALUE PACK : Fabware Lint rollers features compact lightweight & ergonomic non-slip handle design with extra sticky and easy peeling rolls. The ergonomic designed ABS handle provides a comfortable grip and high durability. Diagonal mark sheets makes it easy to tear off used sheets . 1 Refill and 1 Handle Total 60 sheets in one package with great value.|✅ MULTIFUNCTION-USE : Fabware lint remover will serve as a perfect assistant in your everyday life and makes your life easy. It can tackle everything from curtains to car seats and anything in between. Effectively remove lint dog hair cat hair pet hair fur fuzz human hair dandruff dust snack food residue from clothing bedspreads blanket carpets upholstery and car seats. Perfect for the bedroom furniture laundry room vehicles appliances etc.|✅ EASY TO CARRY : Fabware Lint rollers are portable and travel friendly. This cloth cleaning roller will easily fit in your handbag or your car's glove compartment so you always look presentable on the go. Keep your fabrics lint-free especially in the office at business meetings or while traveling. Easy to carry and using fur remover from clothes at any time when traveling with pets.|✅ RISK-FREE PURCHASE : - We are so confident that you will think we have the best lint roller for cloth in the market. Offering the greatest customer service is what we strive to do daily. If you have any concerns please do not hesitate to contact us and we will do whatever we can to help. Click “ADD TO CART” now and get this Fabware Lint remover Roller & Pet Hair remover from clothes and home today!,https://m.media-amazon.com/images/W/WEBP_402378-T2/images/I/31kDhgD+VYL._SX300_SY300_.jpg,https://www.amazon.in/FABWARE-Lint-Remover-Clothes-Furniture/dp/B09SFRNKSR/ref=sr_1_189?qid=1672923600&s=kitchen&sr=1-189
B07NRTCDS5,Brayden Fito Atom Rechargeable Smoothie Blender with 2000 mAh Battery and 3.7V Motor with 400ml Tritan Jar (Blue),Home&Kitchen|Kitchen&HomeAppliances|SmallKitchenAppliances|JuicerMixerGrinders,1199,1499,20%,3.8,2206,ON-THE-GO-JUICER - Brayden atom Portable blender Blends your favourite soft fruits or milkshakes with Dyna6 blades and 3.7V Opti-Power motor. Take your blender wherever you go.|RECHARGEABLE (NO MORE WIRES) - Fito atom portable juice blender Works without power. Go wireless.2000 mAh rechargeable battery gives 8-10 blending with 4-5 hours of single charge.|LIGHT ‘N’ HANDY - Being light also lets you stay light on weight. Clear Tritan cup with 400ml capacity makes it truly a handy juice blender.|STYLISH BLENDING - Brighter you smarter looks Colourful body with sporty cap makes it a fun drink accessory to carry around. Twin touch safety button gets the style quotient with safety.|SAFETY - The product comes with a Child Lock Safety feature that enables operation only when the bottle unit is tightly fixed to the motor unit and the product's auto cut off protection switches off every 30 seconds for safety.,https://m.media-amazon.com/images/W/WEBP_402378-T2/images/I/31SFYZqCSeL._SX300_SY300_QL70_FMwebp_.jpg,https://www.amazon.in/Brayden-Portable-Smoothie-Blender-Rechargeable/dp/B07NRTCDS5/ref=sr_1_190?qid=1672923600&s=kitchen&sr=1-190
B07SPVMSC6,Bajaj Frore 1200 mm Ceiling Fan (Brown),Home&Kitchen|HeatingCooling&AirQuality|Fans|CeilingFans,1399,2660,47%,4.1,9349,Sweep : 1200mm Power : 56W Air Delivery : 205CMM;Double Ball Bearing : Increases load bearing capacity and durability|Quick-start High Torque Motor : Provides instant comfort by achieving high performance quickly;Ribbed Blades : Improves Blades Stability|Warranty : 2 years on product;Warranty: 2 years|Power: 56 watts;Includes: 1 Ceiling Fan|Mounting Type: Downrod Mount; Material Type: Acrylonitrile Butadiene Styrene; Controller Type: Button Control,https://m.media-amazon.com/images/I/21qojQDoKWL._SX300_SY300_QL70_FMwebp_.jpg,https://www.amazon.in/Bajaj-Frore-1200-Brown-Ceiling/dp/B07SPVMSC6/ref=sr_1_192?qid=1672923600&s=kitchen&sr=1-192
B09H3BXWTK,Venus Digital Kitchen Weighing Scale & Food Weight Machine for Health Fitness Home Baking & Cooking Scale 2 Year Warranty & Battery Included (Weighing Scale Without Bowl) Capacity 10 Kg 1 Gm,Home&Kitchen|Kitchen&HomeAppliances|SmallKitchenAppliances|DigitalKitchenScales,599,2799,79%,3.9,578,High Presicion Strain Guage sensor system : The Kitchen scale equipped with high presicion strain gauge sensor system.|DETACHABLE BOWL Optional : Handy & hygienic BPA FREE plastic bowl serves multi-purpose for washing mixing or weighing both wet & dry ingredients. Flip over the bowl on the scale for easy storage|BATTERIES INCLUDED: The scale comes handy with ready to use 2*AAA Battery . Features Low battery & Overload Indicators Capacity 10 Kg 1 Gm|MADE IN INDIA: Product is specially desigened for the India . Hoffen is a Registered Indian Brand Registered Indian Brand aiming to bring quality innovative products.,https://m.media-amazon.com/images/W/WEBP_402378-T1/images/I/31hgpO4BxQL._SY445_SX342_QL70_FMwebp_.jpg,https://www.amazon.in/Venus-Weighing-Warranty-Included-Capacity/dp/B09H3BXWTK/ref=sr_1_193?qid=1672923600&s=kitchen&sr=1-193
B0073QGKAS,Bajaj ATX 4 750-Watt Pop-up Toaster (White),Home&Kitchen|Kitchen&HomeAppliances|SmallKitchenAppliances|Pop-upToasters,1499,1499,0%,4.3,9331,2 slice pop-up toaster|Variable browning settings|Adjustable browning settings. Frequency : 50Hz|With mid cycle cancel feature. Extra wide slot : Yes. Body housing : Metal. Defrost : No|The appliance comes with a removable crumb tray to keep it clean along with a cord storage space to keep the cord in place|Warranty: 2 years on product|Power: 750 watts; Operating voltage: 230 volts|Includes: Toaster User manual Guarantee card and List of,https://m.media-amazon.com/images/W/WEBP_402378-T2/images/I/313jBpnrJVL._SX300_SY300_QL70_FMwebp_.jpg,https://www.amazon.in/Bajaj-ATX-750-Watt-Pop-up-Toaster/dp/B0073QGKAS/ref=sr_1_194?qid=1672923600&s=kitchen&sr=1-194
B08GJ57MKL,Coway Professional Air Purifier for Home Longest Filter Life 8500 Hrs Green True HEPA Filter Traps 99.99% Virus & PM 0.1 Particles Warranty 7 Years (AirMega 150 (AP-1019C)),Home&Kitchen|HeatingCooling&AirQuality|AirPurifiers|HEPAAirPurifiers,14400,59900,76%,4.4,3837,Coway,https://m.media-amazon.com/images/I/51b5sh94f7L._SX300_SY300_QL70_FMwebp_.jpg,https://www.amazon.in/Coway-Professional-Purifier-Anti-Virus-AP-1019C/dp/B08GJ57MKL/ref=sr_1_195?qid=1672923600&s=kitchen&sr=1-195
B009DA69W6,KENT Gold Optima Gravity Water Purifier (11016) | UF Technology Based | Non-Electric & Chemical Free | Counter Top | 10L Storage | White,Home&Kitchen|Kitchen&HomeAppliances|WaterPurifiers&Accessories|WaterFilters&Purifiers,1699,1900,11%,3.6,11456,Color: Aqua Blue; Product Dimension (LxWxH) : 280X230X385 mm (when Assembled). Purification Stages : 2|Storage Tank Capacity: 5 litres - Raw water 5 litres - Purified water; Filtration Capacity : 0.31 litres per minute. Maximum Input Water Temperature: 35 degreeC. Minimum Input Water Temperature 10 degreeC|Purification by hollow fiber ultra filtration membrane. Use of nano-silver carbon for better disinfection of water|UF Membrane: 0.1 Microns Hollow Fiber Hydrophilic UF Membrane ; Expected Life of UF Membrane: 4000 litres|Transparent tank made of unbreakable ABS food-grade plastic|No chemicals like Chlorine Bromine or Iodine used for purification thereby providing healthier and tastier drinking water. Ideal for entry level water purifier|WQA USA gold seal certified,https://m.media-amazon.com/images/W/WEBP_402378-T1/images/I/31A-v4dVHmL._SX300_SY300_QL70_FMwebp_.jpg,https://www.amazon.in/Gold-Optima-10-Litres-Non-electric-Purifier/dp/B009DA69W6/ref=sr_1_196?qid=1672923600&s=kitchen&sr=1-196
B099PR2GQJ,HOMEPACK 750W Radiant Room Home Office Heaters For Winter,Home&Kitchen|HeatingCooling&AirQuality|RoomHeaters|ElectricHeaters,649,999,35%,3.8,49,Radiant Heaters for Room  Home Office scores high on the aspect of functionality|750W Radiant Room Home Office Heaters For Winter.|Ideal for use in in small rooms this 750 Watts heater provides instant heating during winters.|Make In India. The Material Used is on among the Highest Grade for good Quality Performance and high efficiency.|Superior Heating Element.,https://m.media-amazon.com/images/I/41WPlte6OmL._SY300_SX300_QL70_FMwebp_.jpg,https://www.amazon.in/HOMEPACK%C2%AE-Radiant-Office-Heaters-Portable/dp/B099PR2GQJ/ref=sr_1_197?qid=1672923600&s=kitchen&sr=1-197
B08G8H8DPL,Bajaj Rex 750W Mixer Grinder with Nutri Pro Feature 4 Jars White,Home&Kitchen|Kitchen&HomeAppliances|SmallKitchenAppliances|MixerGrinders,3249,6375,49%,4,4978,750 Watts mixer grinder with multi-function blade|Attractive 4 jars with a capacity of 1.8L 1.5L 1L and 0.4L|ABS material with vibrant color|It comes with Titan Motor|1 year product warranty,https://m.media-amazon.com/images/W/WEBP_402378-T2/images/I/316VkpDJItL._SX300_SY300_QL70_FMwebp_.jpg,https://www.amazon.in/Bajaj-Rex-Mixer-Grinder-White/dp/B08G8H8DPL/ref=sr_1_198?qid=1672923600&s=kitchen&sr=1-198
B08VGM3YMF,Heart Home Waterproof Round Non Wovan Laundry Bag/Hamper|Metalic Printed With Handles|Foldable Bin & 45 Liter Capicity|Size 37 x 37 x 49 Pack of 1 (Grey & Black)-HEARTXY11447,Home&Kitchen|HomeStorage&Organization|LaundryOrganization|LaundryBaskets,199,499,60%,4.1,1996,PACKAGE CONTAIN: 1 Piece Laundry Basket|MATERIAL: Non Woven COLOR: Grey & Black|PRODUCT DIMENSION: 37 x 37 x 49 CM|EASILY FOLDABLE: Built-in handles for easy transport from the hamper to your washing machine. Easily folds open to put into use and quickly folds flat for home storage when not in use.|Easy To Use: This is a multi-purpose organizer that can be used for keeping various things. You can set a few bags for various items such as office clothes home clothes daily essentials and many more. This will help you get the things and will also save time in re-organization.,https://m.media-amazon.com/images/I/41VQTjrYaCL._SX300_SY300_QL70_FMwebp_.jpg,https://www.amazon.in/Heart-Home-Foldable-Organiser-HEARTXY11447/dp/B08VGM3YMF/ref=sr_1_196?qid=1672923601&s=kitchen&sr=1-196
B08TTRVWKY,MILTON Smart Egg Boiler 360-Watts (Transparent and Silver Grey) Boil Up to 7 Eggs,Home&Kitchen|Kitchen&HomeAppliances|SmallKitchenAppliances|EggBoilers,1099,1899,42%,4.3,1811,3 Boiling Modes - The advanced appliance from Milton by Hydro Valves allows you to boil eggs in 3 different modes - Hard Medium and Soft.|Automatic Shut Off - The machine will turn off automatically when the eggs are boiled|Before switching on the appliance make sure that your home's main voltage corresponds to the operating unit.|Customer Support Information - Milton Egg Boilers Customer Support Number : +91 93556 45866 (Available Monday to Saturday from 10:00 AM to 6:00 PM except national holidays),https://m.media-amazon.com/images/I/41yrqUum9EL._SY300_SX300_QL70_FMwebp_.jpg,https://www.amazon.in/MILTON-Smart-Egg-Boiler-Transparent/dp/B08TTRVWKY/ref=sr_1_197?qid=1672923601&s=kitchen&sr=1-197
B07T4D9FNY,iBELL SEK15L Premium 1.5 Litre Stainless Steel Electric Kettle1500W Auto Cut-Off FeatureSilver with Black,Home&Kitchen|Kitchen&HomeAppliances|SmallKitchenAppliances|Kettles&HotWaterDispensers|ElectricKettles,664,1490,55%,4,2198,1.5 LTR | 1500W|1 Year Standard Warranty + 1 Year Additional Warranty on Free Registration,https://m.media-amazon.com/images/W/WEBP_402378-T1/images/I/415pqPUbDVL._SX300_SY300_QL70_FMwebp_.jpg,https://www.amazon.in/Premium-Stainless-Electric-Cut-Off-Feature/dp/B07T4D9FNY/ref=sr_1_199?qid=1672923601&s=kitchen&sr=1-199
B07RX42D3D,Tosaa T2STSR Sandwich Gas Toaster Regular (Black),Home&Kitchen|Kitchen&HomeAppliances|SmallKitchenAppliances|SandwichMakers,260,350,26%,3.9,13127,Consumes Lower Gas|Even Distribution Of Heat|Color: Black Material: Nonstick|Sandwich Made Crispier and Perfect|Warranty: 6 months warranty|Includes: 1- sandwich toaster,https://m.media-amazon.com/images/I/31PzyH4N9xL._SX300_SY300_QL70_FMwebp_.jpg,https://www.amazon.in/Tosaa-Nonstick-Sandwich-Toaster-Regular/dp/B07RX42D3D/ref=sr_1_200?qid=1672923601&s=kitchen&sr=1-200
B08WRKSF9D,V-Guard Divino 5 Star Rated 15 Litre Storage Water Heater (Geyser) with Advanced Safety Features White,Home&Kitchen|HeatingCooling&AirQuality|WaterHeaters&Geysers|StorageWaterHeaters,6499,8500,24%,4.4,5865,【15 LITRE】Storage Water Heater; 【BEE 5 STAR RATED】: Highly Energy Efficient with Extra Thick & High Density CFC Free PUF Insulation for Maximum Heat Retention;【COUNTRY OF ORIGIN】: India|【ANTI-CORROSIVE & SUITABLE FOR HARD WATER USAGE】: Advanced Vitreous Enamel Coating protects the Inner Tank Superior Incoloy 800 Heating Element ensures Sustained Performance Extra Thick Magnesium Anode provides Added Protection|【66% REDUCTION IN LEAKAGE】: Single Weld Line High Grade Mild Steel Tank|【SAFETY ASSURED】: Advanced Thermostat & Thermal Cut-out Mechanism for Dual Overheat Protection; 5-in-1 Multi-function Safety Valve prevents excessive Pressure Build-up Vacuum Formation & Reverse Water Flow|【HYGIENIC & PUNGENT-FREE WATER】: Multi-layer protection against Corrosion & Scaling|【PAN INDIA INSTALLATION AVAILABLE AT INR 350+GST】: Inlet and Outlet Connection Pipes can be purchased from the technician on a chargeable basis (INR.250)|【WITHSTANDS UP TO 8 BAR PRESSURE】: Suitable for High Rise Buildings up to 35 floors and Pressure Pump Application,https://m.media-amazon.com/images/W/WEBP_402378-T1/images/I/31DXRMiRYLL._SX300_SY300_QL70_FMwebp_.jpg,https://www.amazon.in/V-Guard-Divino-Storage-15-Vertical/dp/B08WRKSF9D/ref=sr_1_201?qid=1672923601&s=kitchen&sr=1-201
B09R83SFYV,Akiara® - Makes life easy Mini Sewing Machine with Table Set | Tailoring Machine | Hand Sewing Machine with extension table foot pedal adapter,Home&Kitchen|Kitchen&HomeAppliances|SewingMachines&Accessories|Sewing&EmbroideryMachines,1484,2499,41%,3.7,1067,AFTER SALES SERVICE Tailoring Machine is user-friendly. Please Contact Us by EMAIL if there is any issue during operation. We are always here and happy to assist every customer.,https://m.media-amazon.com/images/W/WEBP_402378-T1/images/I/51oZKPP1qhL._SY300_SX300_QL70_FMwebp_.jpg,https://www.amazon.in/akiara-Machine-Stitching-extension-adapter/dp/B09R83SFYV/ref=sr_1_202?qid=1672923601&s=kitchen&sr=1-202
B07989VV5K,Usha Steam Pro SI 3713 1300 W Steam Iron Powerful steam Output up to 18 g/min Non-Stick Soleplate (White & Blue),Home&Kitchen|Kitchen&HomeAppliances|VacuumCleaning&Ironing|IronsSteamers&Accessories|Irons|SteamIrons,999,1560,36%,3.6,4881,To Prevent Water Leakage keep the iron horizontal when not in use do not fill water completely leave some gap and wait for some time for the iron to heat up before using the iron|1300 Watts for powerful performance 180ml tank capacity ; Frequency: 50 Hz ; Power Consumption: 1300 W ; Power Input: AC 220 - 240 V. Automatic shut-off : Yes. Cordless : No.|Non-stick PTFE coated soleplate for smooth ironing Dry/Steam/Spray ironing|Thermostatic disc for controlling fabric temperature Fine spray to remove tough wrinkles|Number of steam holes: 19 Steam rate: 18 grams/min Indicator lamp for power On/Off|Overheat shut off for safety Easy grip handle Extra-long 1.7 meters cord|Self-cleaning function for longer iron life,https://m.media-amazon.com/images/W/WEBP_402378-T1/images/I/41TMMpVWKqL._SY300_SX300_QL70_FMwebp_.jpg,https://www.amazon.in/Usha-Steam-3713-1300-Watt-White/dp/B07989VV5K/ref=sr_1_203?qid=1672923601&s=kitchen&sr=1-203
B07FL3WRX5,Wonderchef Nutri-blend Complete Kitchen Machine | 22000 RPM Mixer Grinder Blender Chopper Juicer | 400W Powerful motor | SS Blades | 4 Unbreakable Jars | 2 Years Warranty | Online Recipe Book By Chef Sanjeev Kapoor | Black,Home&Kitchen|Kitchen&HomeAppliances|SmallKitchenAppliances|JuicerMixerGrinders,3299,6500,49%,3.7,11217,Performance with Style:India's favourite Mixer-Grinder-Blender Nutri - blend is the perfect combination of superior performance and superb styling that adds beauty to your kitchen Nutri - blend CKM (Complete Kitchen Machine) comes with extra attachments – a Big Jar for yummy shakes Juicer attachment and an exciting Chopper offering an all-in-one solution that functions as a mixer grinder blender juicer and chopper – all in one. Also get the food processor attachment|Powerful Motor: The compact yet powerful machine grinds the toughest of chutneys and masalas and ensures nutrition extraction from all fruits and veggies thanks to its incredibly high speed of 22000 RPM which is almost twice that of normal mixer-grinders|Hands-Free operation: Best thing is you don’t need to keep your hand on the lid during operation for the fear of it flying off. This is because Nutri - blend has the unique inverted design that has the lid screwed safely at the bottom with zero chance of the food spattering out|Stainless Steel Blades: Super quality surgical stainless steel blades are able to grind everything and stay sharp despite working at high speeds. They extract every ounce of immunity enhancing anti-oxidants pain relieving Omega 3s proteins vitamins & minerals from your foods|2 Years Warranty & After Sales Service: Reliable Wonderchef warranty with the best after-sales service in over 12000 pin codes across India. Also buy Spares & Accessories on Amazon,https://m.media-amazon.com/images/I/414eE-M+gfL._SY300_SX300_.jpg,https://www.amazon.in/Wonderchef-Nutri-Blend-CKM-Jars-Black/dp/B07FL3WRX5/ref=sr_1_204?qid=1672923601&s=kitchen&sr=1-204
B0BPCJM7TB,WIDEWINGS Electric Handheld Milk Wand Mixer Frother for Latte Coffee Hot Milk Milk Frother for Coffee Egg Beater Hand Blender Coffee Beater with Stand,Home&Kitchen|Kitchen&HomeAppliances|SmallKitchenAppliances|HandBlenders,259,999,74%,4,43,The battery operated milk frother is easy to control and easy to clean use with 2 AA batteries. Handheld version makes the frother easy to use by hand. Battery operated milk frother will be very easy to install.|15 seconds is enough to make cup of frothy drink by this milk frother you can use it as coffee frother latte frother foam maker hot chocolate maker matcha whisk and other drink blender. Note Not recommended for heavy usage|WIDEWINGS milk frother can be used for cappuccino caffè latte hot chocolate frappè milkshake and any other drinks. It’s easy to make drinks by this milk frother handheld version.|Not Included for safety  please insert new batteries in opposite direction only|OPERATED BY AA 1.5 V x 2 Batteries (NOT included) & Color send as per availabilty.,https://m.media-amazon.com/images/I/41sJ4KQa5xL._SX300_SY300_QL70_FMwebp_.jpg,https://www.amazon.in/WIDEWINGS-Electric-Handheld-Frother-Blender/dp/B0BPCJM7TB/ref=sr_1_205?qid=1672923601&s=kitchen&sr=1-205
B08H673XKN,Morphy Richards Icon Superb 750W Mixer Grinder 4 Jars Silver and Black,Home&Kitchen|Kitchen&HomeAppliances|SmallKitchenAppliances|MixerGrinders,3249,7795,58%,4.2,4664,Wattage: 750 W; Voltage: 220-240V; Revolution: 20000; 4 Jars with Juicer Jar. Juicer Type : Centrifugal Juicer. Locking System : Yes|Don't worry if you experience burning smell when you run your mixer grinder for the 1st time it's due to the varnish. If the issue persists subsequesntly kindly contact the customer care|Since your mixer grinder runs on a powerful motor there will be some noise. If the noise level seems abnormal please contact Brand Service Centre|Juicer Jar: 1.7 Litres Liquidising Jar: 1.5 Litres Dry/Wet Grinding Jar: 1 Litre Chutney Jar: 0.4 Litres Non-slip Feet - Yes|Powerful UltronMax for efficient juicing and grinding|4 hardened stainless steel blade for multiple functions|3 Speed control with incher facility,https://m.media-amazon.com/images/I/417XNLkkFRL._SX300_SY300_QL70_FMwebp_.jpg,https://www.amazon.in/Morphy-Richards-Icon-Superb-Grinder/dp/B08H673XKN/ref=sr_1_206?qid=1672923601&s=kitchen&sr=1-206
B07DXRGWDJ,Philips Handheld Garment Steamer GC360/30 - Vertical & Horizontal Steaming 1200 Watt up to 22g/min,Home&Kitchen|Kitchen&HomeAppliances|VacuumCleaning&Ironing|IronsSteamers&Accessories|Irons|SteamIrons,4280,5995,29%,3.8,2112,Continuous steam 22g/min kills 99.99% of bacteria confidently refresh for a second wear|Power: 1200 watts; Operating Voltage: 220 - 240 volts; Ready to use: Light indicator. Refill any time during use : Yes|Vertically or horizontally de-wrinkle previously ironed clothes from the cupboard with the unique SmartFlow heated plate for better results|Lightweight and compact design with detachable water tank brush attachment and safety glove for convenient use|2.5m cord for longer reach|70ml Detachable water tank|Safe on all ironable fabrics,https://m.media-amazon.com/images/I/31JaiYt3IRL._SX300_SY300_QL70_FMwebp_.jpg,https://www.amazon.in/Philips-Handheld-Garment-Steamer-Purple/dp/B07DXRGWDJ/ref=sr_1_207?qid=1672923601&s=kitchen&sr=1-207
B08243SKCK,Vedini Transparent Empty Refillable Reusable Fine Mist Spray Bottle for Perfume Travel with DIY Sticker Set ( 100ml Pack of 4),Home&Kitchen|HomeStorage&Organization|LaundryOrganization|IroningAccessories|SprayBottles,189,299,37%,4.2,2737,HEALTHY AND SAFE MATERIAL: The 100ml spray bottles are made of high quality plastic BPA free durable refillable and reusable tasteless and non-toxic travel bottles you can take them everywhere. Spray Bottle bottom non-slip design. The travel mist bottle also can be a portable hair spray bottle and great for travel vacation camping business trips and daily life.|MULTI-USE: Unlimited uses include mixing your own cleaners spraying plant like succulents or herbs home linen spray for ironing hair moisturizing spray pet sprays for fleas or odor natural air freshener for the house kitchen floor or carpet cleaner vinegar and water mixture for cleaning windows cosmetic face moisturizer washing vegetables bathroom deodorizer mixing essential oil recipes and homemade skin and beauty recipes.|LIGHTWEIGHT AND PORTABLE: Small atomizer spray bottle convenient to carry. It is very portable for Travel and Household. Refillable empty mist spray bottles are perfect for essential oils alcohol aromatherapy face spray make-up water pillow mist witch hazel deodorant household cleaner perfume hair products face spray and any other mixtures. Empty spray bottle can be washed and reused.|LEAK PROOF DESIGN: The small plastic travel spray bottle is equipped with cap and leak-proof loop inside which protect your luggage from dripping and spilling. This design will make you feel more at ease during the travel. Mini cosmetic spray bottle perfect for travel conveniently fits in your purse bag or carry-on the nozzle is tight fitting don’t worry about the leakage.|ENVIRONMENT FRIENDLY: This refillable spary bottle contains zero poisonous making sure no hazards seep into your products. Each mist fine bottle in this product pack is durable and reusable. Remember to clean it after the first time using and store it well,https://m.media-amazon.com/images/W/WEBP_402378-T2/images/I/41cAIdLrGPL._SX300_SY300_QL70_FMwebp_.jpg,https://www.amazon.in/Vedini-Refillable-Spray-Bottle-Transparent/dp/B08243SKCK/ref=sr_1_212?qid=1672923601&s=kitchen&sr=1-212
B09SPTNG58,Crompton Sea Sapphira 1200 mm Ultra High Speed 3 Blade Ceiling Fan (Lustre Brown Pack of 1),Home&Kitchen|HeatingCooling&AirQuality|Fans|CeilingFans,1449,2349,38%,3.9,9019,PRODUCT: Crompton's corrosion resistant high performance fan with powder-coated blades for enhanced aesthetics|TECHNICAL SPECIFICATIONS: Sweep 1200 mm Power consumption 72 W Speed 380 RPM Air delivery 200 CMM|QUALITY COMPONENTS: 100% copper motor double ball bearings dynamically balanced blades; STURDY: 2-piece construction to ensure stability and silent operation|PACKAGE CONTENTS: 1 motor set of 3 blades set of 2 canopy 1 down rod 1 shackle assembly product manual along with warranty card|Mounting Type: Downrod Mount; Finish Type: Powder Coated; Material Type: Metal; Collection Name: Crompton Surebreeze Sea Saphira Economy High Speed Ceiling Fan,https://m.media-amazon.com/images/W/WEBP_402378-T1/images/I/31pRaPCFqVL._SX300_SY300_QL70_FMwebp_.jpg,https://www.amazon.in/CROMPTON-Sapphira-Ultra-Ceiling-Lustre/dp/B09SPTNG58/ref=sr_1_213?qid=1672923601&s=kitchen&sr=1-213
B083J64CBB,Kuber Industries Waterproof Canvas Laundry Bag/Hamper|Metalic Printed With Handles|Foldable Bin & 45 Liter Capicity|Size 37 x 37 x 46 Pack of 1 (Brown),Home&Kitchen|HomeStorage&Organization|LaundryOrganization|LaundryBaskets,199,499,60%,4,10234,PACKAGE CONTAIN: 2 Piece Laundry Basket|MATERIAL: Canvas COLOR: Brown|PRODUCT DIMENSION: 37 x 37 x 46 CM|EASILY FOLDABLE: Built-in handles for easy transport from the hamper to your washing machine. Easily folds open to put into use and quickly folds flat for home storage when not in use.|Easy To Use: This is a multi-purpose organizer that can be used for keeping various things. You can set a few bags for various items such as office clothes home clothes daily essentials and many more. This will help you get the things and will also save time in re-organization.,https://m.media-amazon.com/images/I/51YNXPOgNML._SX300_SY300_QL70_FMwebp_.jpg,https://www.amazon.in/Kuber-Industries-Waterproof-Organizer-CTKTC034616/dp/B083J64CBB/ref=sr_1_214?qid=1672923601&s=kitchen&sr=1-214
B08JV91JTK,JM SELLER 180 W 2021 Edition Electric Beater High Speed Hand Mixer Egg Beater for Cake Making and Whipping Cream with 7 Speed Control (White) with Free Spatula and Oil Brush,Home&Kitchen|Kitchen&HomeAppliances|SmallKitchenAppliances|HandMixers,474,1299,64%,4.1,550,2 Stainless Steel Hooks For Mixing and Kneading. Beater for Mixing Blending and Whisking Needs Kneader for All Kneading Requirements|Air Vents to Avoid Clogging From Batters and Other Mixtures 1 Meter Long 2 Pin Power Cord for Flexible Usage|180W Over Load Protector for Motor Safety|Premium Stainless Steel Finish 7 Speed and Turbo Setting For Multiple Applications,https://m.media-amazon.com/images/W/WEBP_402378-T1/images/I/41V4DpKc7sL._SX300_SY300_QL70_FMwebp_.jpg,https://www.amazon.in/JM-SELLER-Electric-Beater-180-Watt/dp/B08JV91JTK/ref=sr_1_215?qid=1672923601&s=kitchen&sr=1-215
B0BQ3K23Y1,Oratech Coffee Frother electric milk frother electric coffee beater cappuccino maker Coffee Foamer Mocktail Mixer Coffee Foam Maker coffee whisker electric Froth Maker coffee stirrers electric coffee frothers Coffee Blender (6 Month Warranty) (Multicolour),Home&Kitchen|Kitchen&HomeAppliances|SmallKitchenAppliances|HandBlenders,279,499,44%,4.8,28,-Make delicious milk foam creamer for your drinks at home without a trip to Starbucks with your own coffee maker with milk frother. The benefits of having your own electric cold coffee maker are endless you can make your own best coffee you know yours tastes the best.|-Proven & Trusted Quality: We use only premium materials. Our milk frother for coffee will not rust or break ever. Built to last.|-Easy to clean Coffee frother electric: The durable convenient metal stand gives easy access for foaming milk in seconds. Cleanup for this portable coffee maker is even faster. To clean just put the coffee mixer blender in hot running water and briefly turn it on – instantly clean!|-Electric Coffee Frother Works better than a manual coffee hand blender for making matcha/tea and works far better than fork or Frother for coffee. It works very well to mix nutritious protein powder drinks with no extra container blender or bottle shaker to wash. Use our mocktail mixer for your whisking and mixing needs.|-Design: our coffee beater comes with an elegant design to fit into any modern kitchen.|It requires two AA Double Batteries to start. Batteries are not INCLUDED.,https://m.media-amazon.com/images/W/WEBP_402378-T2/images/I/41t3WVUlRmL._SX300_SY300_QL70_FMwebp_.jpg,https://www.amazon.in/Oratech-electric-cappuccino-Mocktail-Multicolour/dp/B0BQ3K23Y1/ref=sr_1_216?qid=1672923601&s=kitchen&sr=1-216
B09MT94QLL,Havells Glaze 74W Pearl Ivory Gold Ceiling Fan Sweep: 1200 Mm,Home&Kitchen|HeatingCooling&AirQuality|Fans|CeilingFans,1999,4775,58%,4.2,1353,Hplv Motor For Superior Air Delivery Even At A Low Voltage Of 180V|Colour: Pearl Ivory Gold|Voltage: 220-240 V|Speed: 390 Rpm,https://m.media-amazon.com/images/W/WEBP_402378-T2/images/I/21SHZOWOynL._SX300_SY300_QL70_FMwebp_.jpg,https://www.amazon.in/Havells-Glaze-Pearl-Ivory-Ceiling/dp/B09MT94QLL/ref=sr_1_217?qid=1672923601&s=kitchen&sr=1-217
B07NKNBTT3,Pick Ur Needs® Lint Remover for Clothes High Range Rechargeable Lint Shaver for All Types of Clothes Fabrics Blanket with 1 Extra Blade Multicolor (Rechargeable),Home&Kitchen|Kitchen&HomeAppliances|VacuumCleaning&Ironing|IronsSteamers&Accessories|LintShavers,799,1230,35%,4.1,2138,ELEGANT & ERGONOMIC DESIGN Ergonomic design the pilling remover for clothes has an easy-grip handle which offer users a comfortable experience. Fabric shaver fuzz remover small and portable a perfect garment care tool.|Good Housekeeping for Most Fabrics This Fabric shaver can easily remove Lint Balls Pills and Fuzz. It's suitable with your sweaters jerseys blankets bed sheets upholstery couch curtains drapery duvets and more; Keep everything looking fresh.|Durable Blades & Larger Dust Container High-strength stainless steel blade provides a long working time for years and the 1 extra blades can be easily used to replace the unsharp one. In addition A large-capacity removable dust container is enough for a massive laundry clean and it is also easy to be emptied.|USB Charging Cord & Battery Available This Sweater Defuzzer not only works by plugging it in but also by using batteries. External power ensures you can update clothing and furniture at home faster and continuously.|Easy to Use Small and portable handheld device. Removable collector bin for quick lint pick-up and disposal.,https://m.media-amazon.com/images/I/419vF7uEFEL._SX300_SY300_QL70_FMwebp_.jpg,https://www.amazon.in/Ur-NeedsTM-Rocklight-Remover-Fabric/dp/B07NKNBTT3/ref=sr_1_218?qid=1672923601&s=kitchen&sr=1-218
B09KPXTZXN,Rico Japanese Technology Rechargeable Wireless Electric Chopper with Replacement Warranty - Stainless Steel Blades One Touch Operation 10 Seconds Chopping Mincing Vegetable Meat - 250 ML 30 Watts,Home&Kitchen|Kitchen&HomeAppliances|SmallKitchenAppliances|MiniFoodProcessors&Choppers,949,1999,53%,4,1679,1 YEAR WARRANTY & AFTER SALES SERVICE: Reliable Rico Warranty with the best after sales service in over 12000 pin codes across India.|HIGH PERFORMANCE - this mini USB chopper comes with a powerful 30 Watt motor very sharp 304 stainless steel blades ( 3 blades ) and will provide excellent performance. You can quickly process most of the ingredients in 10 to 30 seconds.|USB RECHARGEABLE - this mini Rico electric food chopper is rechargeable from any electric plug-point and has a long lasting 1300 MAH lithium ion battery. The food chopper electric can be fully charged in 3-4 hours. With one full charge you can use this device for up to 30 times.|EASY TO USE - this mini electric chopper is extremely easy to use. Just put the ingredients in the mini food processor place the lid and press the ON button for a few seconds to mince the food. That's it! No complicated procedures.|PORTABLE - this mini food chopper is compact lightweight and perfect for travel. You can carry this rechargeable chopper in your backpack or suitcase very easily.|EASY TO CLEAN - This mini rechargeable chopper's components are very easy to clean. The bowl and the blades are top-rack dishwasher safe. Moreover it is straightforward to assemble and dismantle this mini chopper.,https://m.media-amazon.com/images/W/WEBP_402378-T1/images/I/41JnGOKI2dL._SX300_SY300_QL70_FMwebp_.jpg,https://www.amazon.in/Rico-Japanese-Technology-Rechargeable-Replacement/dp/B09KPXTZXN/ref=sr_1_220?qid=1672923601&s=kitchen&sr=1-220
B078HG2ZPS,Butterfly Smart Wet Grinder 2L (White) with Coconut Scrapper Attachment Output - 150 W Input 260 W,Home&Kitchen|Kitchen&HomeAppliances|SmallKitchenAppliances|Mills&Grinders|WetGrinders,3657.66,5156,29%,3.9,12837,Wattage: 150 W; Voltage: 220-240V 50-60Hz ; Revolution: 1300|No of Jars: 1; Jar Size: 2 Liters; Jar Material: Stainless Steel; Body Material: ABS body; Cord Material: 180 CM; Speed Control: 1 Speed Control|Read Manual Before Use|Powerful motor; Uniform grinding pressure and 4 way grinding system; Sturdy Single Phase High Torque Motor|Shock proof ABS body and detachable stainless steel drum; Unbreakable and transparent lids made of polycarbonate material|Note : Product doesn't come with Dough kneader /Atta kneader; Includes: Wet grinder 2 Stones Lid Warranty card with User Manual,https://m.media-amazon.com/images/I/414JLnTlLnL._SY300_SX300_QL70_FMwebp_.jpg,https://www.amazon.in/Butterfly-150-Watt-Grinder-Scrapper-Attachment/dp/B078HG2ZPS/ref=sr_1_221?qid=1672923601&s=kitchen&sr=1-221
B07N2MGB3G,AGARO Marvel 9 Liters Oven Toaster Griller Cake Baking OTG (Black),Home&Kitchen|Kitchen&HomeAppliances|SmallKitchenAppliances|OvenToasterGrills,1699,1999,15%,4.1,8873,Bake Grill Toast and more|1 Year Manufacturer's Warranty|Automatic Thermostat I Auto Shut Off I Ready Bell. Cavity Material: Stainless Steel|Heat resistant tempered glass window with Cool Touch Handle|Adjustable temperature from 100°C to 250°C,https://m.media-amazon.com/images/W/WEBP_402378-T1/images/I/41LKiR8QpwL._SX300_SY300_QL70_FMwebp_.jpg,https://www.amazon.in/AGARO-Marvel-Litre-Toaster-Griller/dp/B07N2MGB3G/ref=sr_1_222?qid=1672923601&s=kitchen&sr=1-222
B008LN8KDM,Philips GC1920/28 1440-Watt Non-Stick Soleplate Steam Iron,Home&Kitchen|Kitchen&HomeAppliances|VacuumCleaning&Ironing|IronsSteamers&Accessories|Irons|SteamIrons,1849,2095,12%,4.3,7681,Turn the temperature dial to the appropriate position clockwise from minimum to maximum temperature to set the temperature according fabric type;To Prevent Water Leakage keep the iron horizontal when not in use do not fill water completely leave some gap and wait for some time for the iron to heat up before using the iron|Warranty: 2 years on product ;Knob should always be at no steam position when product is not in use. Second and third setting is used only when soleplate is hot. Otherwise leakage will happen.|A fine spray evenly moistens the fabric Indicator Light: Yes;Please wait for some time for the iron to heat up. Only then you can use the steam function effectively. If the iron is not heated enough and steam function is used it will lead to water leakage|Color Name: Pink; Material Type: Plastic; Size Name: Free Size,https://m.media-amazon.com/images/W/WEBP_402378-T1/images/I/41sKyiPWzAL._SX300_SY300_QL70_FMwebp_.jpg,https://www.amazon.in/Philips-GC1920-28-1440-Watt-Non-Stick/dp/B008LN8KDM/ref=sr_1_220?qid=1672923603&s=kitchen&sr=1-220
B08MZNT7GP,Havells OFR 13 Wave Fin with PTC Fan Heater 2900 Watts (Black),Home&Kitchen|HeatingCooling&AirQuality|RoomHeaters|FanHeaters,12499,19825,37%,4.1,322,HD32 grade oil for long lasting and better eating efficiency|3 Heat setting 1/15/25 Watt with additional 4 Watt (Heater+Fan)|Large surface wave fin for Faster Heating and Tilt over Switch for Extra Safety|Castor Wheels for easy mobility and Rear Safety cover|Quick heating with PTC fan and Over heat protection,https://m.media-amazon.com/images/I/41Dp3g8y8sL._SX300_SY300_QL70_FMwebp_.jpg,https://www.amazon.in/Havells-OFR-13-Wave-Fin/dp/B08MZNT7GP/ref=sr_1_221?qid=1672923603&s=kitchen&sr=1-221
B009P2L7CO,Bajaj DHX-9 1000W Heavy Weight Dry Iron with Advance Soleplate and Anti-Bacterial German Coating Technology Ivory,Home&Kitchen|Kitchen&HomeAppliances|VacuumCleaning&Ironing|IronsSteamers&Accessories|Irons|DryIrons,1099,1920,43%,4.2,9772,Heavy weight iron for easy ironing. Safety Plus: Thermal Fuse|Deluxe metal cover. Super clean surface finish with pleasant aesthetics|Multiple temprature levels|Non-stick coated sole plate|Temprature setting dial|Thermostatic pilot lamp|Warranty: 2 years on product,https://m.media-amazon.com/images/W/WEBP_402378-T2/images/I/411ZPXAMTlL._SY300_SX300_QL70_FMwebp_.jpg,https://www.amazon.in/Bajaj-DHX-1000-Watt-Ivory-Color/dp/B009P2L7CO/ref=sr_1_222?qid=1672923603&s=kitchen&sr=1-222
B07YC8JHMB,Aquasure From Aquaguard Amaze RO+UV+MTDS7L storage water purifiersuitable for borewelltankermunicipal water (Grey) from Eureka Forbes,Home&Kitchen|Kitchen&HomeAppliances|WaterPurifiers&Accessories|WaterFilters&Purifiers,8199,16000,49%,3.9,18497,Product technology- RO+UV+Taste Adjuster (MTDS) RO is certified to remove new age contaminants like leadmercury & arsenic from the water while eliminating all viruses & bacterias.UV-C Purification ensures that every drop of water is as healthy & safe as water boiled for 20 minutes. Taste Adjuster (MTDS) provides sweet tasting water by adjustment of taste depending upon the source of water|The product is suitable for all water sources (tanker borewell municipal water). This purifier can be used for TDS up to 2000 PPM (use a TDS meter to find out the correct TDS of your water source before buying a water purifier).|Convenient Features: a) High Storage Capacity b) LED indication alerts when tank is full when service is due & when cartridges need replacement c) Transparent tank allows you to check water levels easily d) Purified stored water can be dispensed even without electricity e) Flexible Installation- The purifier can be easily wall mounted or kept on the counter top|7 Liters water purifier with 6 stages of purification|Warranty Description: 1 year comprehensive domestic warranty on all parts excluding consumables.|Included Components: Water Purifier User Manualplumbing kit,https://m.media-amazon.com/images/I/31Gulp0B-0L._SX300_SY300_QL70_FMwebp_.jpg,https://www.amazon.in/Eureka-Forbes-Amaze-RO-MTDS/dp/B07YC8JHMB/ref=sr_1_223?qid=1672923603&s=kitchen&sr=1-223
B0BNQMF152,ROYAL STEP Portable Electric USB Juice Maker Juicer Bottle Blender Grinder Mixer6 Blades Rechargeable Bottle with (MULTII) (MULTI COLOUR 6 BLED JUICER MIXER),Home&Kitchen|Kitchen&HomeAppliances|SmallKitchenAppliances|JuicerMixerGrinders,499,2199,77%,3.7,53,ROYAL STEP Portables & Convenient to Charge: This little body light weight design is easy for you carry it to schoolofficeparkscamping anywhere you want to. and it also convenient for charge by power bank laptop computer car or other usb devices.|Rechargeable&Portable - The USB juicer cup comes equipped with a built-in 2000mAh rechargeable battery that can be easily charged by power bank laptop computer mobile phones or other USB devices .|Easy and Safe Cleaning - It has have smart safety protection device magnetic sensing switch ultra safe to use and clean the juicer cup's body and bottom can be separated you can easy to clean it|Multi-function - With our juice blender mixing kinds of fruit and vegetablesyou can make natural tasty juicemilkshakesmoothie and other baby food.It's very portable and great for traveling outdoor.|Multi Functional : drink a protein shake smoothie or healthy drink everyday not only for making a protein shake smoothie juice and it works well for vegetable and other baby food.,https://m.media-amazon.com/images/I/519LLyO+jtL._SY300_SX300_.jpg,https://www.amazon.in/ROYAL-STEP-Portable-Electric-Rechargeable/dp/B0BNQMF152/ref=sr_1_224?qid=1672923603&s=kitchen&sr=1-224
B08J7VCT12,KENT 16068 Zoom Vacuum Cleaner for Home and Car 130 W | Cordless Hoseless Rechargeable HEPA Filters Vacuum Cleaner with Cyclonic Technology | Bagless Design and Multi Nozzle Operation | Blue,Home&Kitchen|Kitchen&HomeAppliances|VacuumCleaning&Ironing|Vacuums&FloorCare|Vacuums|HandheldVacuums,6999,14999,53%,4.1,1728,Cordless Hoseless and Rechargeable vacuum cleaner for efficient cleaning|High efficiency and washable HEPA filter arrests particulate matters & reduces air pollution|Advanced Force Technology can suck any size of dust particles|The bagless design eliminates any hassle with filtration bags|Gets fully charged in 4-5 hours and works for 30 minutes continuously|Convenient and fast operation for more hygienic cleaning and sweeping|Multi-Nozzle Operation Handy Fold Operation and Motorized Floor Brush for cleaning various kinds of surfaces,https://m.media-amazon.com/images/I/31B24fjfiTL._SX300_SY300_QL70_FMwebp_.jpg,https://www.amazon.in/Kent-Zoom-Vacuum-Cleaner-16068/dp/B08J7VCT12/ref=sr_1_225?qid=1672923603&s=kitchen&sr=1-225
B0989W6J2F,ENEM Sealing Machine | 12 Inch (300 mm) | 1 Year Warranty | Full Customer Support | Beep Sound Function | Plastic Packing Machine | Plastic Bag Sealing Machine | Heat Sealer Machine | Plastic Sealing Machine | Blue | Made in India,Home&Kitchen|Kitchen&HomeAppliances|SmallKitchenAppliances|VacuumSealers,1595,1799,11%,4,2877,📞【UTMOST CUSTOMER SUPPORT: 】24 hours WhatsApp at ENEM we try our best to provide great experience to you. For any reason if you are not completely satisfied with your purchase you may return the machine for a service or exchange within 1 year of purchase. Providing lifetime manufacturer’s support in case of any trouble just call/WhatsApp us on +91 9958404521.|⭐【MADE IN INDIA! IMPROVED SEALING MACHINE:】ENEM sealing machine is proudly Made in India! We have used high quality transformer + High Quality Plug + heavy gauge wire so ensures good performance and optimum safety.|⭐【SUPPORT ALL HEAT SEALABLE MATERIAL BAGS: 】This is a perfect sealer to seal foil mylar chip cellophane snack kraft tea polyester P.V.A. pliofilm tivac saran and all other heat sealable material bags which is ideal for household retail produce grocery stores and industrial sealing. TOP INDIAN QUALITY - so you can buy with confidence and sealing happily ever after.|⭐【ADJUSTABLE TIMER SETTING:】Adjustable heat settings for the different materials being used. For most applications using the impulse heat sealer at heat setting of 3 is sufficient. However different temperature settings will be more suitable for certain materials of a higher or lower melting point or thickness. The adjustable timer makes it easy to seal a variety of packaging. For example: General Plastic Bags (0-2) Aluminium Foil Bags (2-3) & Plastic Paper Bags (2-3).|⭐【AUTO – POWER OFF PROTECTION:】ENEM Plastic Packing Machine remains in standby mode when not used thereby not utilizing power. Only when same is used for sealing power is consumed.|⭐【UPGRADED TRANSFORMER: 】The transformer used in machine is twice bigger than any others’ substitutes which can reduce heat and work loss make sure this table top heat impulse sealer working life is double longer than normal sealing machine. Max seal thickness:10 mils. Sealing width: 2mm.,https://m.media-amazon.com/images/W/WEBP_402378-T2/images/I/418ML1Yn1cL._SX300_SY300_QL70_FMwebp_.jpg,https://www.amazon.in/Sealing-Machine-Warranty-Function-Plastic/dp/B0989W6J2F/ref=sr_1_226?qid=1672923603&s=kitchen&sr=1-226
B0B84KSH3X,Wipro Vesta 1200 Watt GD203 Heavyweight Automatic Dry Iron| Quick Heat Up| Anti bacterial German Weilburger Double Coated Black Soleplate |2 Years Warranty,Home&Kitchen|Kitchen&HomeAppliances|VacuumCleaning&Ironing|IronsSteamers&Accessories|Irons|DryIrons,1049,1950,46%,3.8,250,Heavy performance dry iron - 1200 Watt to back up heavy weight performance with power|Soleplate with the double coating of Anti Bacterial Weiberger German Soleplate for wrinkle free smooth and crisp ironing|Stylish & Ergonomic design with a heavy soleplate ensuring class to your wardrobe and style|Five mode temprature dial that is customized for all your fabric in your wardrobe|Integrated with 1200 Watt superfast heating element that ensures faster heating and ironing,https://m.media-amazon.com/images/I/41+HYuF5ToL._SY300_SX300_.jpg,https://www.amazon.in/Heavyweight-Automatic-bacterial-Weilburger-Soleplate/dp/B0B84KSH3X/ref=sr_1_227?qid=1672923603&s=kitchen&sr=1-227
B08HLC7Z3G,Inalsa Electric Kettle Prism Inox - 1350 W with LED Illumination & Boro-Silicate Body 1.8 L Capacity along with Cordless Base 2 Year Warranty (Black),Home&Kitchen|Kitchen&HomeAppliances|SmallKitchenAppliances|Kettles&HotWaterDispensers|Kettle&ToasterSets,1182,2995,61%,4.2,5178,1. QUICK BOIL: Prism Inox comes with 1350W power that boils water in just 5-10 minutes & prepares hot tea delicious cocoa or instant soup in short time. 2. SUPERIOR QUALITY: Made with the finest quality Borosilicate Glass which resists scratching and scuffing. 3. LED ILLUMINATION & WATER LEVEL INDICATION: Blue LED keeps you informed about your kettle being switch on. Fill the water tank easily and precisely with the water level indication. 4. LARGE CAPACITY: With large-capacity of 1.8 L you can make multiple cups of tea or coffee at the same time.,https://m.media-amazon.com/images/I/41FTyQVamFL._SX300_SY300_QL70_FMwebp_.jpg,https://www.amazon.in/Inalsa-Electric-Kettle-Prism-Inox/dp/B08HLC7Z3G/ref=sr_1_229?qid=1672923603&s=kitchen&sr=1-229
B0BN6M3TCM,VRPRIME Lint Roller Lint Remover for Clothes Pet | 360 Sheets Reusable Sticky Easy-Tear Sheet Brush for Clothes Furniture Carpet Dog Fur Sweater Dust & Dirt (4 Rolls - 90 Sheet Each Roll),Home&Kitchen|Kitchen&HomeAppliances|VacuumCleaning&Ironing|IronsSteamers&Accessories|LintShavers,499,999,50%,4.6,79,【CLEAN CLOTHES EVERY TIME】 : Our lint roller has an extra sticky formula that helps you easily collect fuzz fluff and bobble balls from your pants clothes and fabrics without damaging the material.|【2X EXTRA STICKINESS】: VRPRIME offers 200% more pick-up per strong adhesive sheet for a quick and effective way to remove annoying pet hair lint and debris. You will save time and effort in removing stubborn hair and fuzzy bits from your clothes sofa furniture car carpet etc.|【TOTAL 360 SHEETS】 : VRPRIME lint rollers come with 1 reusable ergonomic grip handles that comfortably fit in your hand four refills of 90 sticky easy peel off spiraled sheets. Total 360 sheets in one package with great value.|【MULTI FUNCTION】 : The fluff remover is not limited to just clothing and garments it also is your perfect tool to remove dog hair cat hair pet fur fluff fuzz and lint from furniture upholstery bedding car seats etc.|【EASY TO PEEL OFF DESIGN 】: New improvement on cutting makes peeling off sheets extremely easy you can start a new sheet from the top or bottom freely and tear off the sheets easily after use.|【A MUST-HAVE CLEANING TOOL】: VRPRIME dog lint remover for clothes can help pick up any shards or dirts from small spaces that a vacuum cleaner can never reach. Adhesive remover is especially effective for removing pet hair. It’s great for keeping clothes and furniture like couches carpets and curtains clean from debris in everyday life.You will never regret having Lint Roller pet fur remover.,https://m.media-amazon.com/images/W/WEBP_402378-T2/images/I/51qZekzGLxL._SX300_SY300_QL70_FMwebp_.jpg,https://www.amazon.in/VRPRIME-Remover-Reusable-Easy-Tear-Furniture/dp/B0BN6M3TCM/ref=sr_1_230?qid=1672923603&s=kitchen&sr=1-230
B01L6MT7E0,Philips AC1215/20 Air purifier removes 99.97% airborne pollutants 4-stage filtration with True HEPA filter (white),Home&Kitchen|HeatingCooling&AirQuality|AirPurifiers|HEPAAirPurifiers,8799,11995,27%,4.1,4157,Philips is the No.1 Brand in Air Purifiers in India (Source: Euromonitor International Limited; Consumer Appliances 2020ED)|VITASHIELD INTELLIGENT PURIFICATION: Automatically senses air quality and removes 99.97% airborne pollutants as small as 0.003 microns 800 times smaller than PM 2.5|FAST PURIFICATION: Purifies a standard room in just 12 minutes with a CADR of 270 m3/hour (Standard room size is 18 ft by 12 ft with an 8 ft ceiling height). Recommended room area: up to 250 sq ft.|3 STAGE FILTRATION: Air Purifier processes the air through pre filter activated carbon filter & TRUE HEPA Filter|REAL TIME AIR QUALITY FEEDBACK: It provides feedback through 4-color air quality indicator|AIRMID CERTIFICATION: Removes 99.9% bacteria and viruses tested to remove airborne H1N1 virus|ECARF CERTIFICATION: Removes 99.99% pollen and house dust mites Allergy friendly quality tested by ECARF|AUTO-AMBIENT LIGHTING : Adjusts the light levels of the device in according to the light in the room in Night Mode,https://m.media-amazon.com/images/W/WEBP_402378-T1/images/I/41YlkgRwHVL._SX300_SY300_QL70_FMwebp_.jpg,https://www.amazon.in/Philips-AC1215-20-Purifier-White/dp/B01L6MT7E0/ref=sr_1_231?qid=1672923603&s=kitchen&sr=1-231
B0B9F9PT8R,Eopora PTC Ceramic Fast Heating Room Heater for Bedroom 1500/1000 Watts Room Heater for Home Electric Heater Electric Fan Heater for Home Office Bedroom (White),Home&Kitchen|HeatingCooling&AirQuality|RoomHeaters|ElectricHeaters,1529,2999,49%,3.3,29,🔥PTC CERAMIC CHIP HEATING TECHNOLOGY: The EOPORA heater is powered by PTC ceramic chip heating technology with 1 second instant heat which can heat a room faster and quickly and efficiently heating can quickly cover your office or room in minutes.|🔥2 TEMPERATURE ADJUSTMENT MODES: High Heat (1500w) / Low Heat (1000w).The button on the back can control low temperature/off/high temperature which is convenient to use.Our space heater features 2 different heat settings (LOW HIGH).You can switch between different modes more flexibly according to different environments.|🔥TIP-OVER PROTECTION & OVER-HEAT PROTECTION: Room heater automatically turn off if they accidentally tip over perfect for houses with kids and pets. When the heater overheats the overheat protection will also automatically shut down the heater making it safer for you to use.|🔥LOW NOISE TO USE: Room heaters have noise levels below 50 dB. Our room heater can provide warmth without interruption for the spaces you need to study read work and sleep.|🔥PERFECT FOR YOUR HOME OR OFFICE: The compact and portable design combined with the ergonomic built-in handle will allow you to easily move your space heater to any room you want. Make sure your office kitchen bedroom guest room study or living room is nice and warm.|🔥1 YEAR WARRANTY: Eopora PTC Ceramic Fast Heating Room Heater has professional after -sales service and 12 -month warranty. If you have any questions or doubts please contact us we will solve your problems as soon as possible.,https://m.media-amazon.com/images/I/41C6ocE26pL._SX300_SY300_QL70_FMwebp_.jpg,https://www.amazon.in/Eopora-Ceramic-Heating-Bedroom-Electric/dp/B0B9F9PT8R/ref=sr_1_235?qid=1672923603&s=kitchen&sr=1-235
B0883LQJ6B,Usha Goliath GO1200WG Heavy Weight 1200-Watt Dry Iron 1.8 Kg(Red),Home&Kitchen|Kitchen&HomeAppliances|VacuumCleaning&Ironing|IronsSteamers&Accessories|Irons|DryIrons,1199,1690,29%,4.2,4580,Heavy 1.8 kg for effective ironing|power 1200 W for faster heating|Dual Coating Weilberger Gold soleplate for durability|1.8 m long cord length for better reach. Spray : No|360 deg swivel cord Fully covered convenient plastic body|Overheat safety protection|Indicator light for readiness,https://m.media-amazon.com/images/I/31XPVmD8gUL._SX300_SY300_QL70_FMwebp_.jpg,https://www.amazon.in/Goliath-GO1200WG-Weight-1200-Watt-Maroon/dp/B0883LQJ6B/ref=sr_1_236?qid=1672923603&s=kitchen&sr=1-236
B099Z83VRC,Wipro Vesta Electric Egg Boiler 360 Watts 3 Boiling Modes Stainless Steel Body and Heating Plate Boils up to 7 Eggs at a time Automatic Shut Down White Standard (VB021070),Home&Kitchen|Kitchen&HomeAppliances|SmallKitchenAppliances|EggBoilers,1052,1790,41%,4.3,1404,Wipro Vesta Electric Egg Boiler Machine boils 7 eggs at a time with easy and quick one-touch operation for a healthy and convenient breakfast in minutes|Wipro Vesta Egg Boiler comes with a stainless -steel heating plate which evenly distributes heat to help you get perfectly boiled eggs within minutes|Boiling eggs in different modes is not easy as it soundsThis is the reason why Wipro Vesta Egg Boiler can easily boil eggs in three different modes- soft hard and medium|Use the provided measuring cup to add water according to your preference and number of eggs you want|To avoid accidents or over boiling Wipro Vesta Egg Boiler comes with a special feature which automatically shuts off after boiling eggs for the convenience of the users,https://m.media-amazon.com/images/W/WEBP_402378-T1/images/I/31qZm3DyDhL._SX300_SY300_QL70_FMwebp_.jpg,https://www.amazon.in/Wipro-Electric-Stainless-Automatic-VB021070/dp/B099Z83VRC/ref=sr_1_237?qid=1672923603&s=kitchen&sr=1-237
B00S9BSJC8,Philips Viva Collection HR1832/00 1.5-Litre400-Watt Juicer (Ink Black),Home&Kitchen|Kitchen&HomeAppliances|SmallKitchenAppliances|Juicers,6499,8995,28%,4.3,2810,This product does not require installation. please contact brand customer care for any product related queires. Please contact_us on: [1800-102-2929]|Material housing: ABS Plastic and Material jug: PP Plastic|Material pulp container and pusher: ABS SAN|Drip stop compact design QuickClean technology smooth and easy to clean Frequency: 50/60 Hz|Direct serve QuickClean sieve and can see-through pulp container|Make up to 1.5 litre in one go|Integrated pulp container,https://m.media-amazon.com/images/W/WEBP_402378-T2/images/I/31-jt474B1L._SX300_SY300_QL70_FMwebp_.jpg,https://www.amazon.in/Philips-Viva-Collection-HR1832-1-5-Litre400-Watt/dp/B00S9BSJC8/ref=sr_1_238?qid=1672923603&s=kitchen&sr=1-238
B0B4SJKRDF,Kitchenwell Multipurpose Portable Electronic Digital Weighing Scale Weight Machine | Weight Machine | 10 Kg,Home&Kitchen|Kitchen&HomeAppliances|SmallKitchenAppliances|DigitalKitchenScales|DigitalScales,239,239,0%,4.3,7,Package : 1 Weighing Scale|Easy To Use|Durable to use .|Convenient weighing unit switch data lock . Over load indication auto power off after 120 seconds without any operation. Easy to Use.|LCD back light easy to read value at day and night,https://m.media-amazon.com/images/I/319gn5l2NSL._SX300_SY300_QL70_FMwebp_.jpg,https://www.amazon.in/Kitchenwell-Multipurpose-Portable-Electronic-Scale/dp/B0B4SJKRDF/ref=sr_1_239?qid=1672923603&s=kitchen&sr=1-239
B0BM4KTNL1,FIGMENT Handheld Milk Frother Rechargeable 3-Speed Electric Frother for Coffee with 2 Whisks and Coffee Decoration Tool Coffee Frother Mixer CRESCENT ENTERPRISES VRW0.50BK (A1),Home&Kitchen|Kitchen&HomeAppliances|SmallKitchenAppliances|HandBlenders,699,1599,56%,4.7,1729,【Rechargeable Multi-Function Milk Frother】The Milk Frother comes with two Whisk-Heads attached to the handle - the Spring Whisk-Head is for making milk&coffee foam the Balloon Whisk-Head is for beating eggs|【High Quality】The product is made of food-grade 304 stainless steel and ABS; The rechargeable built-in Lithium Battery is powerful and can help you make things faster and more efficient - You can make a full cup of milk foam in about 15 seconds|【Detachable Design】The two whisk-heads are detachable so it is easy for you to change clean and store|【One-Touch Operation and Three-Staged Speed】It is very easy for you to operate our Milk Frother: Just push the switch button once for stage 1 - low speed twice for stage 2 - medium speed and three times for stage 3 - high speed; If you push the switch button for 2 seconds the power will be turned off,https://m.media-amazon.com/images/I/51oN+8Zs5YL._SY300_SX300_.jpg,https://www.amazon.in/FIGMENT-Rechargeable-Decoration-ENTERPRISES-A1/dp/B0BM4KTNL1/ref=sr_1_240?qid=1672923603&s=kitchen&sr=1-240
B08S6RKT4L,Balzano High Speed Nutri Blender/Mixer/Smoothie Maker - 500 Watt - Silver 2 Jar,Home&Kitchen|Kitchen&HomeAppliances|SmallKitchenAppliances,2599,4290,39%,4.4,2116,Engineered & Designed in Italy and Made in India: Authentic and superior juicer mixer grinder developed with Indian expertise by Balzano a leader in commercial and consumer mixing grinding and blending. The Balzano Nutri Blender 500W is designed in Italy and made in India.|Superior mixing and grinding: Expertly designed system lets you effortlessly mix and grind the toughest ingredients in Indian cooking both wet and dry from turmeric and coconut to idli batter smoothies and much more.|Commercial-grade components: Powerful 500 watt rated motor with overload protection for continuous operation BPA free Tritan Jars with Tritan material Imported from USA|Single Knob Operation: Get the perfect control of your Balzano Nutri Blender 500W with just one single knob. Easy twist operation allows you to pulse and blend or grind.|Double safety interlock system: Jar and lid must be securely in place before blade or coupler will spin for a Convenient hands-free grinding|Stainless Steel Blades – Specially designed blending blade and grinding blade makes it easy to get the finest results is very less time.|Leak-proof BPA Free Tritan Jars: Will not leak crack or dent thanks to robust double ball bearing cutter assemblies premium stainless steel and shatterproof tritan lids and locking tabs,https://m.media-amazon.com/images/W/WEBP_402378-T2/images/I/41+pYgFJpBL._SY300_SX300_.jpg,https://www.amazon.in/Balzano-Speed-Nutri-Blender-Smoothie/dp/B08S6RKT4L/ref=sr_1_241?qid=1672923603&s=kitchen&sr=1-241
B09SZ5TWHW,Swiss Military VC03 Wireless Car Vacuum Cleaner | Wireless Vacuum Cleaner for Home Car Living Room | Wireless Vacuum Cleaner Dust Collection/Lighting Car Pet Hair Vacuum with Powerful Motor,Home&Kitchen|Kitchen&HomeAppliances|VacuumCleaning&Ironing|Vacuums&FloorCare|Vacuums|HandheldVacuums,1547,2890,46%,3.9,463,Small and portable Dry wet amphibious and Strong suction|3 attachments can meet different needs Can run for a long time and does not get heated|It can easily clean dust debris dog hair cat hair and liquids|Equipped with a washable filter which has a longer life|Strong suction 120W high power motor with high efficiency dust vacuum,https://m.media-amazon.com/images/W/WEBP_402378-T2/images/I/418x3St8EAL._SX300_SY300_QL70_FMwebp_.jpg,https://www.amazon.in/Swiss-Military-VC03-Wireless-Collection/dp/B09SZ5TWHW/ref=sr_1_242?qid=1672923603&s=kitchen&sr=1-242
B0BLC2BYPX,Zuvexa USB Rechargeable Electric Foam Maker - Handheld Milk Wand Mixer Frother for Hot Milk Hand Blender Coffee Egg Beater (Black),Home&Kitchen|Kitchen&HomeAppliances|SmallKitchenAppliances|HandBlenders,499,1299,62%,4.7,54,The food taste stainless steel whisking head is removable and simple to clean. The frother wand has an easy and pleasant grip and is constructed of food-grade ABS. The internal strong low-noise motor increases rotation speed without upsetting your family giving you a peaceful morning.|There are 2 interchangeable Multipurpose Whisks available. To create the ideal milk foam for your morning and afternoon coffee Use the spring whisking head. Additionally the balloon whisking head aids in beating eggs and light whipped cream.|The Built-in 1200mAh Rechargeable lithium battery powers the portable Milk frother Eliminating the need for additional Batteries and saving you Money. Additionally a simple Android USB cable that takes 6 hours to completely charge is included.|To Activate the Blue light on the coffee frother Press the on/off Switch. As you keep Pressing the on/off button The speed will alternate between low Medium and High. To get the best frother effect You may pick from a variety of speeds. Due to the strong motor of the frother Please put it in a tall bottle or deeper container to prevent coffee or milk splashes.|Advanced mixing pulse technology Which is less noisy and more robust is used in this milk foam maker. Stylishly designed in black to blend with any kitchen and appear sophisticated. To turn on or off simply push the button. Foam may be made for coffee all types of Milks Cream Cappuccinos Matcha lattes and hot chocolate with Ease.,https://m.media-amazon.com/images/I/41714O1hnmS._SY300_SX300_QL70_FMwebp_.jpg,https://www.amazon.in/Zuvexa-Rechargeable-Electric-Foam-Maker/dp/B0BLC2BYPX/ref=sr_1_243?qid=1672923603&s=kitchen&sr=1-243
B00P0R95EA,Usha IH2415 1500-Watt Immersion Heater (Silver),Home&Kitchen|HeatingCooling&AirQuality|WaterHeaters&Geysers|ImmersionRods,510,640,20%,4.1,7229,Immersion Water heater; Wattage: 1500 Watts; ISI Certified ; Heating Substances: Beverages Water ; Power Requirement: 230 - 250 V 50 - 60 hz ; Thermostat: Yes. 15 minutes of uninterrupted heating and you are set for a warm bath|Power Socket : 3 Pin plug  Inner Heating Element: Copper; Outer Body Material: Bakelite|Product Dimensions: 30.5 Cms X 9 Cms X 9 Cms|Warranty: 2 years on product.Country of Origin: India|Included in the box: 1 immersion Water heater|Copper tube element with long lasting nickel plating for longer element life|Specially designed heating element for quick heating,https://m.media-amazon.com/images/I/41a-huLVEIL._SX300_SY300_QL70_FMwebp_.jpg,https://www.amazon.in/Usha-IH2415-1500-Watt-Immersion-Heater/dp/B00P0R95EA/ref=sr_1_244?qid=1672923603&s=kitchen&sr=1-244
B07W4HTS8Q,ACTIVA Instant 3 LTR 3 KVA SPECIAL Anti Rust Coated Tank Geyser with Full ABS Body with 5 Year Warranty Premium (White),Home&Kitchen|HeatingCooling&AirQuality|WaterHeaters&Geysers|InstantWaterHeaters,1899,3790,50%,3.8,3842,Manufactured under the guidance of highly qualified engineers to ensure the life of product Note: Self installation and product will be repaired in our service center.|High quality thermostat to prevent from over heating.|BIS approved ISI specification on element to ensure the long lasting life.|Extra heavy duty element for extra heating and durability 1+5 year warranty on this geyser (1 year complete and 5 year warranty on tank)|Special anti rust coating on tank and geyser to save it from rust or corrosion. (for long lasting life),https://m.media-amazon.com/images/W/WEBP_402378-T1/images/I/31RwSnyZZ+L._SY300_SX300_.jpg,https://www.amazon.in/ACTIVA-Instant-SPCEIAL-Warranty-Premium/dp/B07W4HTS8Q/ref=sr_1_245?qid=1672923603&s=kitchen&sr=1-245
B078JBK4GX,Havells Instanio 1-Litre 3KW Instant Water Heater (Geyser) White Blue,Home&Kitchen|HeatingCooling&AirQuality|WaterHeaters&Geysers|InstantWaterHeaters,2599,4560,43%,4.4,646,Type: Instant ; Capacity: 1 Litre; Wattage: 3000 Watts; Pressure: 6.5 Bars ;4 Level Safety : Thermostat Automatic Thermal Cut-Out Pressure Release Valve and Heating Indicator|LED : Temperature Sensing Color changing LED Indicator for real-time hotness of the water|Outer Body: Rust and shock proof Plastic outer body for long life|Heating Element : Copper heating element offers superior heating performance with its excellent resistance to both oxidation and carbonization at high temperature setting and resists corrosion against extreme and hard water conditions|Inner Tank : Extra thick Stainless Steel Inner tank of superior 304 Level grade​|Warranty: 5 years on inner container 2 years on Heating Element 2 years comprehensive warranty|Product Dimensions: 20.5 cms x 29.4 cms x 18.5 cms,https://m.media-amazon.com/images/W/WEBP_402378-T1/images/I/31991seDfcL._SY300_SX300_QL70_FMwebp_.jpg,https://www.amazon.in/Havells-Instanio-1-Litre-Instant-Geyser/dp/B078JBK4GX/ref=sr_1_244?qid=1672923605&s=kitchen&sr=1-244
B08S7V8YTN,Lifelong 2-in1 Egg Boiler and Poacher 500-Watt (Transparent and Silver Grey) Boil 8 eggs Poach 4 eggs Easy to clean| 3 Boiling Modes Stainless Steel Body and Heating Plate Automatic Turn-Off,Home&Kitchen|Kitchen&HomeAppliances|SmallKitchenAppliances|EggBoilers,1199,3500,66%,4.3,1802,It comes with stainless steel body and flat heating plate which helps in boiling up to 8 eggs at a time within minutes.|3 variety of eggs soft/middle/hard|Boils 8 eggs at one time|4 Food Grade PP material Poach egg cups/tray || Automatic off feature|Egg ready indicator and water dry cut off|Steaming rack for easy cleaning|3 water levels,https://m.media-amazon.com/images/W/WEBP_402378-T2/images/I/41LLX-A7eTL._SX300_SY300_QL70_FMwebp_.jpg,https://www.amazon.in/Lifelong-Boiler-Poacher-500-Watt-Transparent/dp/B08S7V8YTN/ref=sr_1_245?qid=1672923605&s=kitchen&sr=1-245
B07H5PBN54,INDIAS®™ Electro-Instant Water Geyser A.B.S. Body Shock Proof Can be Used in Bathroom Kitchen wash Area Hotels Hospital etc.,Home&Kitchen|HeatingCooling&AirQuality|WaterHeaters&Geysers|InstantWaterHeaters,999,2600,62%,3.4,252,Just put it in the water tap and enjoy continuous flow of hot water. Get running hot water within 4 seconds of operation with it's 3 KV ISI marked heating element. Fills 20 Ltr of bucket within 5-10 minutes|This is portable eazy to install fit and compact. Can be used in bathroom kitchen wash area hotels hospital do-it-yourself instruction booklet it can be installed without addition plumbing and fitting|Specifications · Body - Poly polypropylene(Shock proof) · Heating element - Tubler type(3 KVs) ISI marked · Thermostat - Copper ISI marked · Cable - White 1 Meter ISI marked · Pin-top - 16Amp ISI marked · PVC pipe and nipple|Can be used in bathroom kitchen wash area hotels hospital,https://m.media-amazon.com/images/I/41OXzplcjtL._SX300_SY300_QL70_FMwebp_.jpg,https://www.amazon.in/Indias-Instant-Bathroom-Kitchen-Hospital/dp/B07H5PBN54/ref=sr_1_246?qid=1672923605&s=kitchen&sr=1-246
B07YCBSCYB,AmazonBasics Induction Cooktop 1600 Watt (Black),Home&Kitchen|Kitchen&HomeAppliances|SmallKitchenAppliances|InductionCooktop,1999,3300,39%,4.2,780,"Easy to Use 1600 Watt Induction Cooktop with Micro Crystal Glass Induction surface;|Not suitable for cookware with curved uneven or rounded bottoms or made from ceramics glass copper bronze and aluminium. Only use flat bottomed cookware made of iron or steel with diameter between 14.5 to 16 cm and bottom thickness over 1.5mm|8 Stage power setting with push button control and LED display|Tested in an international lab with international quality standards for safety and performance reliability; ; Packaging tested by Amazon's international packaging ISTA-6A standards to ensure product reaches you safely|Comes loaded with 6 preset Indian options and timer for up to 3 hours|Comes with BIS certified plug and cable for extra reliability|Comes with enhanced safety features like ""Auto Standby"" in case no pan is kept residual heat indicator and fan for auto cooling (fan continues working to cool down residual heat even after operation is stopped)",https://m.media-amazon.com/images/I/4153SQc2VYL._SX300_SY300_QL70_FMwebp_.jpg,https://www.amazon.in/AmazonBasics-Induction-Cooktop-1600-Watt/dp/B07YCBSCYB/ref=sr_1_247?qid=1672923605&s=kitchen&sr=1-247
B098T9CJVQ,Sui Generis Electric Handheld Milk Wand Mixer Frother for Latte Coffee Hot Milk Milk Frother Electric Coffee Beater Egg Beater Latte Maker Mini Hand Blender Cappuccino Maker (Multicolor),Home&Kitchen|Kitchen&HomeAppliances|SmallKitchenAppliances|HandBlenders,210,699,70%,3.7,74,Multifunctional :- This portable espresso maker can be used to make a variety of drinks like latte cappuccino hot chocolate Matchaetc.Not only that but it also can be used for making protein shakescocktails and beating eggs.|Quick and easy:- It is absolutely easy to operate this chargeable coffee beater electric makes your drink creamy and foamy in just a matter of a few seconds. The quality of your lather may depend on the kind of milk you’ve chosen. A low-fat milk wouldn’t create much of lather than a full fat milk would create. Therefore to get the best results you are highly recommended for the usage of full fat milk.|Safe and healthy: The material used to manufacture the “blending head” and whisk of the machine is made out of good quality Food grade stainless steel which promises safe blending and longer durability.Built with a simple yet stylish body design makes the cleaning job a little more easier and faster for you. The method is simple. Once done with the blending this butter milk mixer can be washed away easily with warm water and left away to dry.|Handy and portable:- Builtwith good quality ABS plastic material the handle gives you a good grip. This beater is handheld and portable from one place to another.|Long durability:- Present with the automatic shut down feature when over heated this beater promises a longer durability.,https://m.media-amazon.com/images/W/WEBP_402378-T1/images/I/21UJ6oKwnoL._SY300_SX300_QL70_FMwebp_.jpg,https://www.amazon.in/Sui-Generis-Frother-Electric-Blender/dp/B098T9CJVQ/ref=sr_1_248?qid=1672923605&s=kitchen&sr=1-248
B01KCSGBU2,Philips Air Purifier Ac2887/20Vitashield Intelligent PurificationLong Hepa Filter Life Upto 17000 HoursRemoves 99.9% Airborne Viruses & Bacteria99.97% Airborne PollutantsIdeal For Master Bedroom,Home&Kitchen|HeatingCooling&AirQuality|AirPurifiers|HEPAAirPurifiers,14499,23559,38%,4.3,2026,Philips is the No.1 Brand in Air Purifiers in India (Source: Euromonitor International Limited; Consumer Appliances 2020ED)|VITASHIELD INTELLIGENT PURIFICATION: Automatically senses air quality and removes 99.97% airborne pollutants as small as 0.003 microns 800 times smaller than PM 2.5|FAST PURIFICATON: Purifies a standard room in just 10 minutes with a CADR of 333 m3/hour (Standard room size is 18 ft by 12 ft with an 8 ft ceiling height)|IDEAL FOR MASTER BEDROOM: Air Purifier is recommended for an area 269-409 sq ft|WARRANTY: Comes with 2 years worldwide warranty & free home service*.|AIRMID CERTIFICATION: Removes 99.9% bacteria and viruses tested to remove airborne H1N1 virus|ECARF CERTIFICATION: Removes 99.99% pollen and house dust mites Allergy friendly quality tested by ECARF,https://m.media-amazon.com/images/W/WEBP_402378-T2/images/I/317ja9m3iHL._SX300_SY300_QL70_FMwebp_.jpg,https://www.amazon.in/Philips-AeraSense-AC2887-20-Purifier/dp/B01KCSGBU2/ref=sr_1_249?qid=1672923605&s=kitchen&sr=1-249
B095XCRDQW,Esquire Laundry Basket Brown 50 Ltr Capacity(Plastic),Home&Kitchen|HomeStorage&Organization|LaundryOrganization|LaundryBaskets,950,1599,41%,4.3,5911,Crafted with care|It is designed keeping your choice and requirement in mind|Hassle-free usage,https://m.media-amazon.com/images/W/WEBP_402378-T2/images/I/41svI04SS1L._SX300_SY300_QL70_FMwebp_.jpg,https://www.amazon.in/Esquire-Elite-Laundry-Basket-Colour/dp/B095XCRDQW/ref=sr_1_250?qid=1672923605&s=kitchen&sr=1-250
B09CTWFV5W,PHILIPS Air Fryer HD9200/90 uses up to 90% less fat 1400W 4.1 Liter with Rapid Air Technology (Black) Large,Home&Kitchen|Kitchen&HomeAppliances|SmallKitchenAppliances|DeepFatFryers|AirFryers,7199,9995,28%,4.4,1964,Philips Airfryer HD9200/90 (Large 4.1 L) lets you cook great tasting food with up to 90% less fat*|Patented Rapid Air technology with unique starfish design pan ensures evenly fried results without flipping the food.|Fry. Bake. Grill. Roast. And even reheat!|60 minutes timer with auto off. Wide temperature control from 80°C to 200 °C.|Extra-long 1.8 m cord length for easy placement in your kitchen.|Dishwasher-safe and Easy-to-Clean.|Not just fries now make aloo tikkis roast chicken grilled vegetables chocolate cakes muffins and many more dishes.,https://m.media-amazon.com/images/I/31rniMTmdkL._SX300_SY300_QL70_FMwebp_.jpg,https://www.amazon.in/PHILIPS-Fryer-HD9200-90-Technology/dp/B09CTWFV5W/ref=sr_1_251?qid=1672923605&s=kitchen&sr=1-251
B0B7NWGXS6,Havells Bero Quartz Heater Black 800w 2 Heat Settings 2 Year Product Warranty,Home&Kitchen|HeatingCooling&AirQuality|RoomHeaters|ElectricHeaters,2439,2545,4%,4.1,25,Two quartz heating tubes|Carry Handle For Easy Portability|front grill for safety|power settings-400w/800w|safety tip over switch|rust free stainless steel reflector,https://m.media-amazon.com/images/I/41EQwIB-rKL._SX300_SY300_QL70_FMwebp_.jpg,https://www.amazon.in/Havells-Quartz-Settings-Product-Warranty/dp/B0B7NWGXS6/ref=sr_1_252?qid=1672923605&s=kitchen&sr=1-252
B07DZ986Q2,Philips EasyTouch Plus Standing Garment Steamer GC523/60 - 1600 Watt 5 Steam Settings Up to 32 g/min steam with Double Pole,Home&Kitchen|Kitchen&HomeAppliances|VacuumCleaning&Ironing|IronsSteamers&Accessories|Irons|SteamIrons,7799,8995,13%,4,3160,Philips EasyTouch Plus 523/60 Standing Garment Steamer for easy crease removal from your special-occasion and difficult-to-iron garments|Helps to kill bacteria easily de-wrinkles even intricately designed ethnic or formal-wear through its powerful 1600W wattage and continuous steam delivery of up to 32g/min|Ideal for use on many fabrics like heavily embroidered garments versatile designer wear occasion-wear heavily layered or pleated attires and also men’s jackets or kurtas|Steam settings help in crease removal from even thicker garments|Protect your cherished outfits as it guarantees no-burns due to its steam mechanism quick and ready for use in <1 min|Comfortably hang garments like gowns lehengas and kurta with its adjustable doubles poles that allow better stability and various height settings GC523 comes with support mat for extra crisp results|Care for your clothes season after season with easy de-calc feature of the large 1600ml transparent water tank which prolongs the steamer’s lifetime,https://m.media-amazon.com/images/I/318JzFxYqtL._SX300_SY300_QL70_FMwebp_.jpg,https://www.amazon.in/Philips-Garment-Steamer-GC523-60/dp/B07DZ986Q2/ref=sr_1_253?qid=1672923605&s=kitchen&sr=1-253
B07KKJPTWB,Brayden Chopro Electric Vegetable Chopper for Kitchen with 500 ML Capacity 400 Watts Copper Motor and 4 Bi-Level SS Blades (Black),Home&Kitchen|Kitchen&HomeAppliances|SmallKitchenAppliances|MiniFoodProcessors&Choppers,1599,1999,20%,4.4,1558,FLAWLESS PROCESS: Chops meat carrot ginger tomato onion Bell pepper garlic chilies herbs coconut slices fruits nuts bread and Ice cubes. Also make puree juices mashes smoothies salads and more with Chopro.|TOUCH TO TREND: Enjoy slicing! With Brayden Chopro; No need of searching lever or button easy Top Press completes chopping drastically. Gives different textures for your cooking serves to dine.|ULTIMATE POWER: Feels smooth functioning with Pepped up 400W motor runs faster and pulverizes the ingredients within a second. Encircled with safety copper doesn’t generate much heat.|DUAL BLADE TECHNOLOGY: Bi-level AERO4 blades have sharp edges that cleave down chunky pieces like a nice one. Makes your work simple and spends lesser time in your kitchen area.|ENLARGE CAPACITY: Brayden’s 500ML high standard BPA-free chopping bowl holds chunky pieces transparent appearance peeks us a clear vision of chopping veggies/fruits; perfect for a whole family.|RATED WATTAGE : Brayden Chopro has a rated wattage of 200W-400W the peak performance comes into action depending on the load capacity. Lower the content higher the wattage and higher the content lower the wattage.,https://m.media-amazon.com/images/I/31GXpZTtghL._SX300_SY300_QL70_FMwebp_.jpg,https://www.amazon.in/Brayden-Plastic-Express-Bi-Level-Stainless/dp/B07KKJPTWB/ref=sr_1_254?qid=1672923605&s=kitchen&sr=1-254
B071R3LHFM,Wonderchef Nutri-blend Mixer Grinder & Blender | Powerful 400W 22000 RPM motor | Stainless steel Blades | 3 unbreakable jars | 2 Years warranty | Online recipe book by Chef Sanjeev Kapoor | Black,Home&Kitchen|Kitchen&HomeAppliances|SmallKitchenAppliances|MixerGrinders,2899,5500,47%,3.8,8958,Performance with Style:India's favourite Mixer-Grinder-Blender Nutri - blend is the perfect combination of superior performance and superb styling that adds beauty to your kitchen|Powerful Motor:The compact yet powerful machine grinds the toughest of chutneys and masalas and ensures nutrition extraction from all fruits and veggies thanks to its incredibly high speed of 22000 RPM which is almost twice that of normal mixer-grinders|Hands-Free operation:Best thing is you don’t need to keep your hand on the lid during operation for the fear of it flying off. This is because Nutri - blend has the unique inverted design that has the lid screwed safely at the bottom with zero chance of the food spattering out|Trademark Design:The attractive trademark flower design stands apart and is a symbol of health and quality. It’s a reflection of your refined taste in the kitchen|2 YEARS WARRANTY & AFTER SALES SERVICE: Reliable Wonderchef warranty with the best after sales service in over 12000 pin codes across India.,https://m.media-amazon.com/images/I/51i84+E-LgL._SY300_SX300_.jpg,https://www.amazon.in/Wonderchef-Nutri-Blend-63152293-400-Watt-Grinder/dp/B071R3LHFM/ref=sr_1_255?qid=1672923605&s=kitchen&sr=1-255
B086X18Q71,Usha Janome Dream Stitch Automatic Zig-Zag Electric Sewing Machine with 14 Stitch Function (White and Blue) with Free Sewing KIT Worth RS 500,Home&Kitchen|Kitchen&HomeAppliances|SewingMachines&Accessories|Sewing&EmbroideryMachines,9799,12150,19%,4.3,13251,Free Sewing Kit Worth 500/- (contains 18 N Thread Spools 12 N Buttons 1 N Scissor 5 N Needles and 1 N Measuring Tape)|Automatic zig-zag sewing machine with compact free arm. Pressure Adjustor : No|Thread Tension Control: Manual ; Stitch Pattern Selector: Dial Type|7 built-in stitches & 14 Stitch function including 4-step button holing; Seven applications including lace fixing quilting smocking and rolled hemming|Auto tripping bobbin system; drop feed for embroidery; manual needle threading; sewing light|Sewing speed: 550SPM (Stitches Per Minute); Stitch length control; Triple strength stitch|Warranty: 2 years manufacturers warranty,https://m.media-amazon.com/images/W/WEBP_402378-T1/images/I/417iICYt3IL._SX300_SY300_QL70_FMwebp_.jpg,https://www.amazon.in/Usha-Janome-Dream-Stitch-Automatic/dp/B086X18Q71/ref=sr_1_259?qid=1672923605&s=kitchen&sr=1-259
B07WVQG8WZ,Black+Decker Handheld Portable Garment Steamer 1500 Watts with Anti Calc (Violet),Home&Kitchen|Kitchen&HomeAppliances|VacuumCleaning&Ironing|IronsSteamers&Accessories|Irons|SteamIrons,3299,4995,34%,3.8,1393,On/Off and adjustable steam setting options for different fabrics|Lockable steam button for ease of use|21gm/min continuous steam output|Anti Calc for longer Product life|Large 260ml detachable water tank for longer use|Universal Bottle Adapter for ease of portability and travel|Warranty: 2 years warranty by the manufacturer,https://m.media-amazon.com/images/I/41CsMm+ZCgL._SY300_SX300_.jpg,https://www.amazon.in/BXGS1501IN-Handheld-Portable-Garment-Steamer/dp/B07WVQG8WZ/ref=sr_1_260?qid=1672923605&s=kitchen&sr=1-260
B0BFBNXS94,Personal Size Blender Portable Blender Battery Powered USB Blender with Four Blades Mini Blender Travel Bottle for Juice Shakes and Smoothies (Pink),Home&Kitchen|Kitchen&HomeAppliances|SmallKitchenAppliances|HandBlenders,669,1499,55%,2.3,13,✔【Easy to carry around】- This handheld blender is equipped with a travel cover for easy carrying. You can drink nutritious juices milkshakes or smoothies wherever you want such as home office gym travel or any other outdoor activities. In addition it can be taken on the plane.|✔【Portable design】: The unique design can separate the base and the cup body. The USB juicer cup is equipped with 1400mAh rechargeable high-quality batteries that can be recharged in a variety of ways like charging by power bank AC Adapter and charging time is 3-5 hours; fully charged can produce 15-20 cups of juice.|✔【food grade material】- The portable blender is made by high-quality ABS and silicone food-grade material. It has unique safety design including Silicone bottom non-slip and shock absorption.This portable juicer is also a suitable gift for juice and travel enthusiasts.|✔【4 Blade design】- The portable blender for milkshakes and smoothies has a powerful motor base and 4 food-grade stainless steel 3D blades.The SUS304 Stainless Stell of cutter head made with food-grade electrolysis technology is durable and has excellent mixing ability allowing the pulp to be quickl|✔【One button blending/cleaning】: simple button touch. 350ml capacity when cleaning just put an appropriate amount of water in the cup and press the button to automatically clean. This can save you a lot of trouble.,https://m.media-amazon.com/images/I/417TQs3uroL._SX300_SY300_QL70_FMwebp_.jpg,https://www.amazon.in/Personal-Blender-Portable-Battery-Smoothies/dp/B0BFBNXS94/ref=sr_1_261_mod_primary_new?qid=1672923605&s=kitchen&sbo=RZvfv%2F%2FHxDF%2BO5021pAnSA%3D%3D&sr=1-261
B071113J7M,Sujata Powermatic Plus 900 Watts Juicer Mixer Grinder,Home&Kitchen|Kitchen&HomeAppliances|SmallKitchenAppliances|JuicerMixerGrinders,5890,7506,22%,4.5,7241,Centrifugal Juicer|1 Year Warranty|Most powerful 900 watts motor with double ball bearings for efficiency low maintenance and trouble free running for years|Juicer with unique honeycomb filter mesh for finer juice with higher yield|22000 rpm operation- retains original flavor and aroma of juices and food|90 mins. continuous running- suitable for longer usage|Transparent and unbreakable mixer jar,https://m.media-amazon.com/images/W/WEBP_402378-T1/images/I/413KQ6Ch61L._SX300_SY300_QL70_FMwebp_.jpg,https://www.amazon.in/Sujata-Powermatic-Watts-Juicer-Grinder/dp/B071113J7M/ref=sr_1_262?qid=1672923605&s=kitchen&sr=1-262
B09YLWT89W,Sure From Aquaguard Delight NXT RO+UV+UF+Taste Adjuster(MTDS)6L water purifier8 stages purificationSuitable for borewelltankermunicipal water(Black) from Eureka Forbes,Home&Kitchen|Kitchen&HomeAppliances|WaterPurifiers&Accessories|WaterFilters&Purifiers,9199,18000,49%,4,16020,8 Stages of purification with large water storage capacity of 6 litres|UV e-boiling: Ensures that each drop of water is as pure & healthy as water boiled for 20+ minutes|Ultra-filtration: Imparts crystal clear clarity to drinking water in addition to making it safe from viral & bacterial contamination|Taste Adjuster: Enables to adjust the taste of water depending on water source|Suitable for all water sources: This water purifier is suitable for all water sources such as municipal borewell and tanker water.|Flexible installation: The purifier can be easily wall mounted or kept on the counter top|Convenient Features: a) High Storage Capacity b) LED indication alerts when tank is full when service is due & when cartridges need replacement c) Purified stored water can be dispensed even without electricity,https://m.media-amazon.com/images/I/31Anei7Di0L._SX300_SY300_QL70_FMwebp_.jpg,https://www.amazon.in/Aquaguard-purification-municipal-Eureka-Forbes/dp/B09YLWT89W/ref=sr_1_263?qid=1672923605&s=kitchen&sr=1-263
B0814LP6S9,PrettyKrafts Laundry Basket for clothes with Lid & Handles Toys Organiser 75 Ltr Grey,Home&Kitchen|HomeStorage&Organization|LaundryOrganization|LaundryBaskets,351,1099,68%,3.7,1470,MADE IN INDIA | Laundry baskets Combo of Lid & without Lid which is a lightweight water resistant & sturdy.|Durable and foldable laundry bags for organizing stuff in laundry room|Simple and elegant organizer to complement various interiors Ideal for storing dirty laundry before cleaning Clean using damp cloth; do not wash or dry|Sturdy structure stays upright even when empty Foldable lightweight and easy-to-store design|Dimension: Length(15)inch x Width(14)inch x Height(21.5)inch,https://m.media-amazon.com/images/I/31vN7I58EHL._SX300_SY300_QL70_FMwebp_.jpg,https://www.amazon.in/PrettyKrafts-Laundry-Basket-Clothes-Handles/dp/B0814LP6S9/ref=sr_1_264?qid=1672923605&s=kitchen&sr=1-264
B07BKSSDR2,Dr Trust Electronic Kitchen Digital Scale Weighing Machine (Blue),Health&PersonalCare|HomeMedicalSupplies&Equipment|HealthMonitors|WeighingScales|DigitalBathroomScales,899,1900,53%,4,3663,Tare function: It comes with tare function which allows you to measure the weight of all ingredients separately after adding one after another without having to remove the previous ingredients. It also allows user to cancel out the weight of the container in which the ingredients are measured ; NOTE: Place your weighing machine on flat surface to get an accurate results|Measure weight up to 5 kg: equipped with high precision measurement sensors (accu gauge) the device meets your precise weighing requirements every single time. its weighing capacity is 1g to 5kg with unit shuffling feature between g/lb: oz and ml/fl: oz|Comes with a bpa free bowl: it comes with a bpa free detachable and lightweight bowl which complements well with the machine. you can flip the bowl over on top of the scale to save space during storage. Product Weight: 406 gm|Measurement units can be converted: it can display weight in a lot of units of measurement. you can easily convert units between pounds (lb) ounces (oz) and grams (g). also it has two volume unit systems ml and fl’oz|Low battery indicator: dr trust electronic kitchen weighing scale comes with low battery indicators that allow the user to replace the battery before it shuts down|Auto off function: auto off function feature turns off the scale automatically when it is left idle for few minutes which helps to prevent the wastage of batteries|Easy to use and store: it is convenient to use and store. it is compact and can be easily placed on the kitchen counter. also it is easy to move from one place to another,https://m.media-amazon.com/images/I/41csvHnDvES._SX300_SY300_QL70_FMwebp_.jpg,https://www.amazon.in/Dr-Trust-Electronic-Kitchen-Weighing/dp/B07BKSSDR2/ref=sr_1_265?qid=1672923605&s=kitchen&sr=1-265
B09VGS66FV,Tesora - Inspired by you Large Premium Electric Kettle 1.8L Stainless Steel Inner Body - Auto Power Cut Boil Dry Protection & Cool Touch Double Wall Portable | 1500 Watts |1 Year Warranty | (White),Home&Kitchen|Kitchen&HomeAppliances|SmallKitchenAppliances|Kettles&HotWaterDispensers|Kettle&ToasterSets,1349,1850,27%,4.4,638,✅ABOUT : This top performance kettle is part of the Fine Collection featuring a premium textured finish stainless steel inside & cool touch outer body for an attractive addition to your kitchen|✅SAVE TIME AND ENERGY: Made with double-wall construction . Stainless Steel Inside keeps your Stuff warm much longer and Cool to touch when heating. Enjoy quick boiling times so you can enjoy your coffee tea or boil eggs in no time.|✅CORDLESS SERVING - Pick up pour put back! You can set the Cordless kettle down on the 360° swivel base at any angle.|✅LARGE CAPACITY: It is perfect for frequent use with a capacity of 1.8 litre . Infact ! The wide mouth makes it easy to fill pour and clean and is designed to avoid spillage.|✅CONCEALED HEATING ELEMENT: Tesora’s Electric Kettle heating element is concealed  not exposed like many other kettles. So absolutely safe for Adults and children|✅OVERHEAT PROTECTION: For peace of mind while multi-tasking in the kitchen the kettle automatically shuts off when water reaches a rolling boil or when there’s no water in the kettle.|✅1 YEAR WARRANTY AND PAN INDIA SERVICE: on all manufacturing defects And Pan India customer service as per the mentioned manufacturer details,https://m.media-amazon.com/images/W/WEBP_402378-T1/images/I/31qaROshXhL._SX300_SY300_QL70_FMwebp_.jpg,https://www.amazon.in/Tesora-Electric-Stainless-Protection-White/dp/B09VGS66FV/ref=sr_1_266?qid=1672923605&s=kitchen&sr=1-266
B07RCGTZ4M,AGARO Ace 1600 Watts 21.5 kPa Suction Power 21 litres Wet & Dry Stainless Steel Vacuum Cleaner with Blower Function and Washable Dust Bag,Home&Kitchen|Kitchen&HomeAppliances|VacuumCleaning&Ironing|Vacuums&FloorCare|Vacuums|Wet-DryVacuums,6236,9999,38%,4.1,3552,Suitable for Wet & Dry dual cleaning operations;Capacity: 21 Litres.|Powerful 1600W motor Strong 21.5 kPa suction power;Equipped with blower function.|360 degree four Swivel Wheels for easily cleaning in any direction;Accessories: Main unit hose pipe telescopic metal tube floor brush crevice nozzle multipurpose brush absorbing brush..|5 Meters long power cord;1 Year manufacturer's warranty.|Material Type: Plastic; Color Name: Black; Power Source Type: Corded Electric,https://m.media-amazon.com/images/W/WEBP_402378-T2/images/I/41--5lc96UL._SX300_SY300_QL70_FMwebp_.jpg,https://www.amazon.in/Ace-1600-Watt-21-Litre-Stainless-Function/dp/B07RCGTZ4M/ref=sr_1_268?qid=1672923605&s=kitchen&sr=1-268
B0747VDH9L,INALSA Hand Blender 1000 Watt with Chopper Whisker 600 ml Multipurpose Jar|Variable Speed And Turbo Speed Function |100% Copper Motor |Low Noise |ANTI-SPLASH TECHNOLOGY|2 Year Warranty,Home&Kitchen|Kitchen&HomeAppliances|SmallKitchenAppliances|HandBlenders,2742,3995,31%,4.4,11148,HANDHELD BLENDING POWER-> With power of 1000W Input Supply: 220 - 230V AC this appliance performs all of your cooking tasks proficiently. It ensures powerful processing every time. Save meal prep-time with Robot Inox 1000 Hand Blender. DC Motor|FOR INSTANT MOUTH-WATERING DISHES-> Want solutions to simplify hectic life!! Reduce kitchen prep time & make healthy delicious food & drinks with our durable & versatile blender Robot Inox 1000. Inalsa provides you with the right kitchen appliance.|YOUR PERFECT KITCHEN ASSISTANT-> This multi-functional appliance comes with a Powerful Chopper Detachable Stainless-Steel Blending Wand Multi-Purpose 600ml Jar & Whisker. Chop Blend Puree Whisk Mix with whatever ingredients you have!!|GET THE TEXTURE YOU WANT-> Dual-Speed Setting allows you to control your hand blender just the way you like it. Variable Speed helps you get the right texture you want of your ingredients.|SOPHISTICATED DESIGN & EXCEPTIONAL QUALITY-> Robot Inox 1000 has an anti-slip design & comfortable grip. This blender is the right choice with Stainless-Steel finish power indicator light which exhibit its working situation for your convenience.|ANTI-SPLASH TECHNOLOGY-> The stem is made from quality food-graded stainless steel. With blade-shield design this hand blender ensures splash-free blending.|LOCK & PRESS OPERATION-> On the press of a button attach chopper blending wand & whisker according to your cooking requirements. Quickly blend endless ingredients with Robot Inox 1000.,https://m.media-amazon.com/images/W/WEBP_402378-T2/images/I/41QEK7WRJbL._SX300_SY300_QL70_FMwebp_.jpg,https://www.amazon.in/Inalsa-Robot-1000-800-Watt-Blender/dp/B0747VDH9L/ref=sr_1_269?qid=1672923605&s=kitchen&sr=1-269
B08XLR6DSB,akiara - Makes life easy Electric Handy Sewing/Stitch Handheld Cordless Portable White Sewing Machine for Home Tailoring Hand Machine | Mini Silai | White Hand Machine with Adapter,Home&Kitchen|Kitchen&HomeAppliances|SewingMachines&Accessories|Sewing&EmbroideryMachines,721,1499,52%,3.1,2449,Mini hand Sewing Machine Stapler style is quick and easy to use. This mini stapler style sewing machine helps you hem your clothes with ease and is ideal for small emergency repairs.|This electric hand held single stitch sewing machine makes it so much faster and easier than using a needle saving you time and money.|60 Sewing Speed : DIY Sewing: The crafting machine is easy to use and carry beginner or master can make some DIY handkerchief Cloth toys patchwork simple embroidery or arts crafts with terry master can operate it to handkerchief Cloth toys patchwork. Good handheld sewing machine for home use.Power Requires in this Hand Stitching Machine: DC 6v power Adaptor (Included) or 4 AA batteries (Not included). Power Adapter saves cost of 4 Batteries.|Compact and lightweight Durable and long-lasting use. Stapler Style Machine for stitching saree blouse.|Item Dimension: 22 X 14.5 X 5.5cm Sewing Machine Stapler is One Hand Operation.,https://m.media-amazon.com/images/I/519Sexv76CL._SY300_SX300_QL70_FMwebp_.jpg,https://www.amazon.in/Akiara-Electric-Handheld-Cordless-Tailoring/dp/B08XLR6DSB/ref=sr_1_270?qid=1672923605&s=kitchen&sr=1-270
B08H6CZSHT,Philips EasySpeed Plus Steam Iron GC2145/20-2200W Quick Heat Up with up to 30 g/min steam 110 g steam Boost Scratch Resistant Ceramic Soleplate Vertical steam & Drip-Stop,Home&Kitchen|Kitchen&HomeAppliances|VacuumCleaning&Ironing|IronsSteamers&Accessories|Irons|SteamIrons,2903,3295,12%,4.3,2299,Triple Precision Tip and 360 degree swivel cord make ironing strokes comfortable effortless and quick|Even distribution of steam for quick ironing in less number of strokes powerful steam kills bacteria and removes odour|Includes: Steam Iron User Manual Warranty; Quick Heat-Up with Powerful 2200 Watt Philips GC2145/20 Steam Iron|Drip-Stop feature to prevent leakage even at low temperatures|Color Name: Blue; Material Type: Plastic; Size Name: Medium,https://m.media-amazon.com/images/I/41iBNm2ivFL._SX300_SY300_QL70_FMwebp_.jpg,https://www.amazon.in/EasySpeed-GC2145-Resistant-Soleplate-Drip-Stop/dp/B08H6CZSHT/ref=sr_1_268?qid=1672923606&s=kitchen&sr=1-268
B07CVR2L5K,INALSA Electric Chopper Bullet- 400 Watts with 100% Pure Copper Motor| Chop Mince Puree Dice | Twin Blade Technology| 900 ml Capacity| One Touch Operation 1.30mtr Long Power Cord (Black/Silver),Home&Kitchen|Kitchen&HomeAppliances|SmallKitchenAppliances|MiniFoodProcessors&Choppers,1656,2695,39%,4.4,6027,Reduce Prep Time: Inalsa Bullet is one powerful & noiseless chopper of 400Watts efficient motor with 100% pure copper winding that can work continuously for 3 minutes to chop mince and puree and giving excellent professional results ; Power Consumption (Watt): 400 ; Input Supply: 230V AC ; Time Rating: 1mins contineous (max.) ; RPM (at No Load): 3000 ; Speed Setting: 1 ; Cord Plug / Length: 2 Pins 1.5 m|Simple in use Extraordinary In Functionality: Twin blade technology detachable double layer stainless steel system provides quick & efficient chopping & dicing operation. Be it coarse medium or fine the chopper does it all!!.Frequency 50 Hz|Outstanding In Quality & Conveneint: Bullet has a stainless-steel finish in front which enhances the look of the appliance.Easy press down button & anti-slip base facilitates fast & convenient operation.Chop in one goNo extra buttons or switches!!|Satisfy Home Need: The bowl of Inalsa Bullet is dishwasher safe extra durable and provides visibility to chopping levels.With 0.9L (Total Capacity)/0.5L (Processing Capacity) bowl chop veggiesdice fruitsprepare salad & create bread crumbs|Sturdy Strong & Safe Appliance: Made from unbreakable ABS plastic for long-lasting & hassle-free use this appliance takes care of your chopping needs. Multi-Splash Guard bowl lid is used as a cover of processing bowl after chopping Time Rating: 1 mins continuous (max.)|2 Years Warranty: We sincerely provide with product warranty and genuine customer service. If you have any needs or questions,https://m.media-amazon.com/images/I/413w7idJYKL._SX300_SY300_QL70_FMwebp_.jpg,https://www.amazon.in/Inalsa-Bullet-400-Watt-Technology-Chopper/dp/B07CVR2L5K/ref=sr_1_269?qid=1672923606&s=kitchen&sr=1-269
B09J4YQYX3,Borosil Electric Egg Boiler 8 Egg Capacity For Hard Soft Medium Boiled Eggs Steamed Vegetables Transparent Lid Stainless Steel Exterior (500 Watts),Home&Kitchen|Kitchen&HomeAppliances|SmallKitchenAppliances|EggBoilers,1399,2290,39%,4.4,461,BOIL & STEAM - For 'Egg'cellent results everytime use our Borosil ELectric Egg Cooker a multipurpose appliance that helps you to get breakfast ready in a matter of minutes. You can have your eggs exactly how you like them every morning - boiled (soft medium hard) You can also use it to steam vegetables.|COOKS UP TO 8 EGGS AT A TIME - No more waiting! Now you and your loved ones can all sit down to eat together as the egg boiler can accommodate up to 8 eggs at a time.|CHOOSE FROM 3 BOILING MODES - Prepare your eggs just the way you like them. Soft and runny hard boiled medium consistency - the egg boiler can do it all!|MEASURING CUP WITH PIERCING PIN & POACHING TRAY INCLUDED - You can use the measuring cup to add the exact quantity of water that is required for a particular mode. The measuring cup comes with a piercing pin. Piercing your eggs with the pin prevents eggs from cracking.The result - perfect yellow yolks everytime.|EASY TO OPERATE & CLEAN- The single press operation makes it incredibly simple to use. All you need to do is put the eggs in the boiler add appropriate quantity of water and select the desired mode.,https://m.media-amazon.com/images/W/WEBP_402378-T1/images/I/41MJ2hsq4LL._SX300_SY300_QL70_FMwebp_.jpg,https://www.amazon.in/Borosil-Electric-Vegetables-Transparent-Stainless/dp/B09J4YQYX3/ref=sr_1_270?qid=1672923606&s=kitchen&sr=1-270
B0B2DD8BQ8,Wipro Vesta Grill 1000 Watt Sandwich Maker |Dual function-SW Maker&Griller|Non stick Coat -BPA&PTFE Free |Auto Temp Cut-off| Height Control -180ᶿ&105ᶿ |2 year warranty|SS Finish|Standard size,Home&Kitchen|Kitchen&HomeAppliances|SmallKitchenAppliances|SandwichMakers,2079,3099,33%,4.1,282,Truly multifunctional Grill Sandwich Maker which could used to make a sandwich maker to panini toast & Roast and also operate as a smokeless indoor Grill|Sandwich Maker – Big size non stick plate (230mm*145 mm) opens upto 105ᶿ (Extra 15ᶿ) for easy operation and usage|Grill – With Huge plates can also be used to grill with plated opening upto 180ᶿ|Auto cut off feature to avoid excessive burning of food and stress free operation|Cool touch handle for safety and easy usage|Easy to clean non stick grill with quick heat up enabled by 1000 Watt function (2 years warranty),https://m.media-amazon.com/images/I/31nbqS8FhKL._SX300_SY300_QL70_FMwebp_.jpg,https://www.amazon.in/Wipro-Sandwich-function-SW-warranty-Standard/dp/B0B2DD8BQ8/ref=sr_1_271?qid=1672923606&s=kitchen&sr=1-271
B0123P3PWE,Rico IRPRO 1500 Watt Japanese Technology Electric Water Heater Immersion Rod Shockproof Protection & Stainless Steel Heating Element for Instant Heating| ISI Certified 1 Year Replacement Warranty,Home&Kitchen|HeatingCooling&AirQuality|WaterHeaters&Geysers|ImmersionRods,999,1075,7%,4.1,9275,High Class Premium No 1 Quality compare to any brand|Free Replacement with in warranty period no company gives except Rico|1500 watts Immersion rod with Super fast heating Copper Element with Nickel plating for efficient performance and long life|Convenient Bucket handle for easy grip and easy usageheater rod water water heater water heaters heater rod water heater rod water heater rods water heaters rod|Best alternative to all other water heating options as per Highest European Standard 100% Copper Rod,https://m.media-amazon.com/images/W/WEBP_402378-T1/images/I/51mvimcd7EL._SY445_SX342_QL70_FMwebp_.jpg,https://www.amazon.in/Rico-1500-W-immersion-water-heater/dp/B0123P3PWE/ref=sr_1_272?qid=1672923606&s=kitchen&sr=1-272
B08HDCWDXD,Eureka Forbes Active Clean 700 Watts Powerful Suction & Blower Vacuum Cleaner with Washable HEPA Filter & 6 Accessories1 Year WarrantyCompactLight Weight & Easy to use (Red & Black),Home&Kitchen|Kitchen&HomeAppliances|VacuumCleaning&Ironing|Vacuums&FloorCare|Vacuums|HandheldVacuums,3179,6999,55%,4,743,Note-This vacuum cleaner comes with an auto shut off technology that automatically shuts off the vacuum cleaner to protect from overheating|Post Purchase virtual Demo is provided on this product .A dedicated customer service executive is assigned to give live demo of the product over a video call|Best in class 700 Watts motor delivering powerful suction of 15.5 KPA and blower function that helps to tackle dirt dust and dust mites.|Compact comes with Washable HEPA Filter which traps in minute dust particles up to 0.3 microns and ensures that the expelled air is ultra Clean. Please wash and dry the filter before use. Kindly ensure there are no traces of moisture or water before use.|The bagless design features a dust cup that collects all the dust making it easy for you to simply tip it over and dispose the contents|4 meter long cord to ensure easy movement around the home to clean in one go without worrying about switching sockets.|This vacuum cleaner comes with a wide range of accessories for different cleaning needs. It provides solution for efficient and hassle-free cleaning. The accessories provided are easy to use and convenient to store.,https://m.media-amazon.com/images/I/41zqeckaQtS._SY300_SX300_QL70_FMwebp_.jpg,https://www.amazon.in/Eureka-Forbes-Active-Cleaner-washable/dp/B08HDCWDXD/ref=sr_1_273?qid=1672923606&s=kitchen&sr=1-273
B0836JGZ74,CSI INTERNATIONAL® Instant Water Geyser Water Heater Portable Water Heater Geyser Made of First Class ABS Plastic 3KW (White),Home&Kitchen|HeatingCooling&AirQuality|WaterHeaters&Geysers|InstantWaterHeaters,1049,2499,58%,3.6,328,Instant water heater: Now comes with unbreakable First Class ABS (Acrylonitrile butadiene styrene) body and comes with water inlet and outlet Thread type. It is more convenient for usage and it will avoid water leakages. Our geyser is portable instant and compact less power consumption Up to 20% saves electricity compare to other storage geyser|Auto cut off feature: It is available when the user forget to switch off it will going to automatically cut it off. (Manual reset models are only going to Standby Mode Other Auto reset models are going to restart automatically after 10 minutes If this is not noticed the same process keeps repeating it will increase your electricity and geyser life time also decrease.|Compact size: It provides Non-stop (247) hot water from 10 seconds onwards just put it in the water tap and get hot water continuously it does not required additional plumbing. Ideal to use in Houses Beauty salons Hotels Schools bathroom Kitchen Wash area Hospitals Mansion and factories where there is an instant need of Warm/Hot water supply. (Strictly we are not recommended for drinking purpose)|Specifications: ABS (Acrylonitrile butadiene styrene) Shock proof and Heat resistant Copper Heating Element Tubular type(3Kw.)  Indicators Neon Green and Red light Thermostat Copper ISI marked 1.5 square mm 3Core cable ISI marked 1.15Mtrs 16Amp. Plug Pin-top ISI marked coming with Guaranty card and user manual with 2 No s Connecting nipple 1 No Royal union 1.5 m connecting hose and 2 No s Screw with wall sleeve and excellent packing|Easy to carry and safe to use: The instant water heater can be carried easily and the compact size to make things easier. It is safe to use.,https://m.media-amazon.com/images/W/WEBP_402378-T2/images/I/41AQNOLe6GL._SX300_SY300_QL70_FMwebp_.jpg,https://www.amazon.in/CSI-INTERNATIONAL%C2%AE-Instant-portable-Plastic/dp/B0836JGZ74/ref=sr_1_274?qid=1672923606&s=kitchen&sr=1-274
B0BCKJJN8R,Hindware Atlantic Xceed 5L 3kW Instant Water Heater with Copper Heating Element and High Grade Stainless Steel Tank,Home&Kitchen|HeatingCooling&AirQuality|WaterHeaters&Geysers|InstantWaterHeaters,3599,7290,51%,3.9,942,COPPER HEATING ELEMENT: Copper element present in this quick water heater ensures long lasting performance and efficient heating|STAINLESS STEEL TANK: This instant water geyser has high-grade stainless steel tank for superior protection against corrosion and high durability|WORKING PRESSURE: Class-1 Working Pressure built to withstand the high pressure of 0.65 MPa making it perfect for multi-storey buildings.|TECHNOLOGY: i-Thermostat technology maintains an equilibrium between the temperature attained and the temperature required. Instant auto power cut-off feature adds to the safety and power saving as well|SUPERIOR SAFETY: Pressure release valve provides protection against any pressure build-up and very high temperatures,https://m.media-amazon.com/images/W/WEBP_402378-T1/images/I/31i-KNZeKML._SX300_SY300_QL70_FMwebp_.jpg,https://www.amazon.in/Hindware-Atlantic-Instant-Heating-Stainless/dp/B0BCKJJN8R/ref=sr_1_275?qid=1672923606&s=kitchen&sr=1-275
B008P7IF02,Morphy Richards New Europa 800-Watt Espresso and Cappuccino 4-Cup Coffee Maker (Black),Home&Kitchen|Kitchen&HomeAppliances|CoffeeTea&Espresso|EspressoMachines,4799,5795,17%,3.9,3815,Makes espresso cappuccino and latte coffee|Milk frothing nozzle: Use the milk frothing nozzle for making Latte Espresso Macchiato Caff? Breve and Caramel Macchiato varieties of coffee ; Turbo cappuccino nozzle: Use this special nozzle exclusively for achieving a satisfactory froth in your favourite Cappuccino|Warranty: 2 years on product|Power: 800 watts; Operating voltage: 230 volts. Bar Pressure: 4 bar. Function select knob :Yes|Includes: Coffee maker Instruction manual Customer care list and Guarantee card,https://m.media-amazon.com/images/W/WEBP_402378-T1/images/I/31M+TYWPdQL._SY300_SX300_.jpg,https://www.amazon.in/Morphy-Richards-Europa-Espresso-Cappuccino/dp/B008P7IF02/ref=sr_1_276?qid=1672923606&s=kitchen&sr=1-276
B08CNLYKW5,Lifelong Power - Pro 500 Watt 3 Jar Mixer Grinder with 3 Speed Control and 1100 Watt Dry Non-Stick soleplate Iron Super Combo (White and Grey 1 Year Warranty),Home&Kitchen|Kitchen&HomeAppliances|SmallKitchenAppliances|MixerGrinders,1699,3398,50%,3.8,7988,500 Watt Powerful Mixer this grinder can grind and blend both wet and dry ingredients with ease.|Operating noise levels between 80-90 dB; Initial burning smell is to be expected due to evaporating varnish which is normal|This Lifelong combo has 3 Jar 500Watt mixer grinder and 1100Watt Dry Iron|1100 Watt Iron; with Non-Stick soleplate ensures that your garments do not stick to the plate even when the temperature is high.|1 year Brand Warranty|The 3-speed control knob of the grinder helps you get the right consistency as per your requirement. The iron also has a temperature setting knob that helps you adjust its temperature as per the fabric type.,https://m.media-amazon.com/images/W/WEBP_402378-T1/images/I/41q7gsgB+gL._SY300_SX300_.jpg,https://www.amazon.in/Lifelong-PowerPro-Mixer-Grinder-Super/dp/B08CNLYKW5/ref=sr_1_277?qid=1672923606&s=kitchen&sr=1-277
B08C7TYHPB,iBELL Castor CTEK15L Premium 1.5 Litre Stainless Steel Electric Kettle1500W Auto Cut-Off FeatureSilver,Home&Kitchen|Kitchen&HomeAppliances|SmallKitchenAppliances|Kettles&HotWaterDispensers|Kettle&ToasterSets,664,1490,55%,4.1,925,1.5 Litre Capacity|1.5 Litre Capacity|Stainless Steel Body|Auto Cut-Off Feature|1500 Watts,https://m.media-amazon.com/images/I/41VG2A4BrbL._SX300_SY300_QL70_FMwebp_.jpg,https://www.amazon.in/CTEK15L-Premium-Stainless-Electric-Cut-Off/dp/B08C7TYHPB/ref=sr_1_278?qid=1672923606&s=kitchen&sr=1-278
B08VJFYH6N,BAJAJ PYGMY MINI 110 MM 10 W HIGH SPEED OPERATION USB CHARGING MULTI-CLIP FUNCTION PERSONAL FAN,Home&Kitchen|HeatingCooling&AirQuality|Fans|TableFans,948,1620,41%,4.1,4370,It is designed with Multi-Utility Clamp Mechanism; Enables table as well as wall operation|Easy charging compatibility with existing power cables|Li-Ion Battery with 4 hours’ battery backup provides continual operation during power cut and uninterrupted air delivery|With a size of 158 L x 95 W x 204 H MM it gives instant comfort with high speed operation and high air thrust.|Mounting Type: Tabletop; Material Type: Plastic,https://m.media-amazon.com/images/I/51OQUmSwngL._SX300_SY300_QL70_FMwebp_.jpg,https://www.amazon.in/OPERATION-CHARGING-MULTI-CLIP-FUNCTION-PERSONAL/dp/B08VJFYH6N/ref=sr_1_279?qid=1672923606&s=kitchen&sr=1-279
B08235JZFB,Crompton InstaGlide 1000-Watts Dry Iron with American Heritage Coating Pack of 1 Iron,Home&Kitchen|Kitchen&HomeAppliances|VacuumCleaning&Ironing|IronsSteamers&Accessories|Irons|DryIrons,850,1000,15%,4.1,7619,PRODUCT: Crompton's dry iron with American Heritage Soleplate Coating for higher durability and longer life|TECHNICAL SPECIFICATIONS: Wattage 1000 W; Voltage 220-240V ; Dimensions 250 X 115 X 170 (L X W X H) mm|SAFETY: ISI Certified with power heating element for heavy duty use and overheat safety shut-off features|CONVENIENT AND EASY TO USE: 360⁰ swivel cord for easy cord movement and 6 pre-set fabric settings with variable temperature control|DESIGN: Matte black finished base and bronze lining and a larger soleplate area with curved edges to ensure quick ironing,https://m.media-amazon.com/images/I/31TSknJ2JbL._SY300_SX300_QL70_FMwebp_.jpg,https://www.amazon.in/Crompton-InstaGlide-Certified-Dry-Iron/dp/B08235JZFB/ref=sr_1_283?qid=1672923606&s=kitchen&sr=1-283
B078XFKBZL,Prestige Clean Home Water Purifier Cartridge,Home&Kitchen|Kitchen&HomeAppliances|WaterPurifiers&Accessories|WaterCartridges,600,640,6%,3.8,2593,The Activated Carbon Media Traps And Destroys The Microbes In The Water And Removes The Unwanted Chemicals In ItMaking It Safe To Drink|The Cartridge Doesn'T Just Remove Harmful Pathogens As Per Usepa Guidelines But Also Removes Odour,https://m.media-amazon.com/images/I/313Cd59228L._SX300_SY300_QL70_FMwebp_.jpg,https://www.amazon.in/Prestige-PSWP-2-0-Purifier-Cartridge/dp/B078XFKBZL/ref=sr_1_284_mod_primary_new?qid=1672923606&s=kitchen&sbo=RZvfv%2F%2FHxDF%2BO5021pAnSA%3D%3D&sr=1-284
B01M265AAK,Morphy Richards Aristo 2000 Watts PTC Room Heater (White),Home&Kitchen|HeatingCooling&AirQuality|RoomHeaters|ElectricHeaters,3711,4495,17%,4.3,356,Instant Warmth: 2000 Watts PTC Room heater ensure your comfort during chilly winters|Plug :3 pin power socket plug Overhead protection with power selector: Yes  Personalized Comfort: Customized to your heating needs with an adjustable thermostat and power selctor knob to set power as required|Peace of Mind: Featuring an indicator light for ease of operation|Convenient & Elegant: Aristo comes with an easy carry handle for your convenience|Reliable & Safe: Our room heaters are dependable and they also come with a 2 Year warranty,https://m.media-amazon.com/images/W/WEBP_402378-T2/images/I/41nYaR0z9fL._SX300_SY300_QL70_FMwebp_.jpg,https://www.amazon.in/Morphy-Richards-Aristo-PTC-Heater/dp/B01M265AAK/ref=sr_1_285?qid=1672923606&s=kitchen&sr=1-285
B0B694PXQJ,Gadgetronics Digital Kitchen Weighing Scale & Food Weight Machine for Health Fitness Home Baking & Cooking (10 KGs1 Year Warranty & Batteries Included),Home&Kitchen|Kitchen&HomeAppliances|SmallKitchenAppliances|DigitalKitchenScales,799,2999,73%,4.5,63,PRECISE MEASUREMENTS: Built with high precision sensors to quickly deliver accurate results & ensure your healthy recipe is deliciously perfect. Measures in grams/ml(water)/ ml(milk)/lb:oz/fl oz with range 1g-10000g|EASY TARE FUNCTION: Calculate net weight of ingredients by subtracting empty bowl or container weight. Press TARE button to reset scale to zero & weigh while adding ingredients to same container|BATTERY INCLUDED: The scale comes handy with 2 ready to use AAA batteries which gives long battery life of more than 6 months when used twice a day. Features Low battery & Error Indicators|ADDED FEATURES: Clear LCD display screen with large fonts & Auto-Off feature to facilitate power saving. Two separate buttons for unit conversion and On/Off/Tare function,https://m.media-amazon.com/images/W/WEBP_402378-T1/images/I/61Vt5Egqf4L._SY445_SX342_QL70_FMwebp_.jpg,https://www.amazon.in/Gadgetronics-Weighing-Warranty-Batteries-Included/dp/B0B694PXQJ/ref=sr_1_286?qid=1672923606&s=kitchen&sr=1-286
B00B3VFJY2,HUL Pureit Germkill kit for Advanced 23 L water purifier - 3000 L Capacity Sand Multicolour,Home&Kitchen|Kitchen&HomeAppliances|WaterPurifiers&Accessories|WaterPurifierAccessories,980,980,0%,4.2,4740,Compatible only for Pureit Advanced 23L water purifier|Germkill Kit (GKK) Capacity - 3000 Liters|The Germkill Kit (GKK) contains 3 Parts - Microfiber Filter Germkill Processorᵀᴹ and Carbon Polisherᵀᴹ|Microfiber Filter - Removes visible impurities like dust dirt sand etc.|Germkill Processorᵀᴹ - Uses programmed Germkill technology to remove invisible harmful viruses & bacteria|Carbon Polisherᵀᴹ - Removes chlorine odor along with other impurities to purify water and improve its taste|For GKK replacement instructions refer to the user manual pdf (in Product guides & documents section),https://m.media-amazon.com/images/I/51G5KRUKOgL._SX300_SY300_QL70_FMwebp_.jpg,https://www.amazon.in/HUL-Pureit-Germkill-Advanced-Purifier/dp/B00B3VFJY2/ref=sr_1_287?qid=1672923606&s=kitchen&sr=1-287
B08W9BK4MD,Tom & Jerry Folding Laundry Basket for Clothes with Lid & Handle Toys Organiser 75 Litre Green,Home&Kitchen|HomeStorage&Organization|LaundryOrganization|LaundryBaskets,351,899,61%,3.9,296,MULTIFUNCTIONAL LAUNDRY BAG - Useful for homes apartments bathroom student's dormitory and hostels. Also help you to store other stuff such as umbrellas toys shoes etc Make your room look clean tidy and save space|Dimension: length (35) cm x width (38) cm x height (55) cm|HIGH QUALITY - Made from non-woven fabric with strong durable stitching which is environmentally friendly durable wear and tear-resistant fabric anti-wrinkle-free lightweight|FOLDABLE STORAGE CONTAINERS - This box is foldable for space-saving easy to set up and convenient to carry. Can be folded when not in use|Package Contents: 1 Tom & Jerry Laundry Basket|REMOVABLE LID - Laundry Box comes with the matching Lid to prevent dust from settling on the stored contents while bringing a decorative look,https://m.media-amazon.com/images/I/41nfxayjM9L._SX300_SY300_QL70_FMwebp_.jpg,https://www.amazon.in/PrettyKrafts-Folding-Laundry-Clothes-Organiser/dp/B08W9BK4MD/ref=sr_1_288?qid=1672923606&s=kitchen&sr=1-288
B09X5HD5T1,Ikea Little Loved Corner PRODUKT Milk-frother Coffee/Tea Frother Handheld Milk Wand Mixer Frother Black,Home&Kitchen|Kitchen&HomeAppliances|CoffeeTea&Espresso|MilkFrothers,229,499,54%,3.5,185,Frothes milk up in 15-20 seconds.|Can be used for both cold and hot drink.|Requires 2 AA batteries.|Easy to use and clean. Easy and convenient to operate.,https://m.media-amazon.com/images/I/21OPu5-M3qL._SX300_SY300_QL70_FMwebp_.jpg,https://www.amazon.in/Ikea-PRODUKT-Milk-frother-Frother-Handheld/dp/B09X5HD5T1/ref=sr_1_289_mod_primary_new?qid=1672923606&s=kitchen&sbo=RZvfv%2F%2FHxDF%2BO5021pAnSA%3D%3D&sr=1-289
B08H6B3G96,Philips EasySpeed Plus Steam Iron GC2147/30-2400W Quick Heat up with up to 30 g/min steam 150g steam Boost Scratch Resistant Ceramic Soleplate Vertical steam Drip-Stop,Home&Kitchen|Kitchen&HomeAppliances|VacuumCleaning&Ironing|IronsSteamers&Accessories|Irons|SteamIrons,3349,3995,16%,4.3,1954,Triple Precision Tip and 360 degree swivel cord make ironing strokes comfortable effortless and quick|Even distribution of steam for quick ironing in less number of strokes powerful steam kills bacteria and removes odour|Includes: Steam Iron User Manual Warranty; Power: 2400 watts|Drip-Stop feature to prevent leakage even at low temperatures|Material Type: Plastic; Size Name: Medium; Color Name: Purple,https://m.media-amazon.com/images/W/WEBP_402378-T2/images/I/4145oJH-y0L._SX300_SY300_QL70_FMwebp_.jpg,https://www.amazon.in/EasySpeed-GC2147-30-Resistant-Soleplate/dp/B08H6B3G96/ref=sr_1_290?qid=1672923606&s=kitchen&sr=1-290
B09N3BFP4M,Bajaj New Shakti Neo Plus 15 Litre 4 Star Rated Storage Water Heater (Geyser) with Multiple Safety System White,Home&Kitchen|HeatingCooling&AirQuality|WaterHeaters&Geysers|StorageWaterHeaters,5499,11500,52%,3.9,959,Suitable for 8 bar pressure withstanding capacity for high rise building|Titanium Armour Technology for longer life of tank|Swirl Flow technolgy for 20% more hot water output|4 Star BEE rating Pre coated Metal outer body for rust resistance|Unique Weld free joint for rust resistance,https://m.media-amazon.com/images/W/WEBP_402378-T2/images/I/31U-ACCgQ1L._SX300_SY300_QL70_FMwebp_.jpg,https://www.amazon.in/Bajaj-New-Shakti-Neo-Storage/dp/B09N3BFP4M/ref=sr_1_291?qid=1672923606&s=kitchen&sr=1-291
B09DSQXCM8,House of Quirk Reusable Sticky Picker Cleaner Easy-Tear Sheets Travel Pet Hair Lint Rollers Brush (10cm Sheet Set of 3 Rolls 180 Sheets 60 Sheets Each roll Lint Roller Remover Multicolour),Home&Kitchen|Kitchen&HomeAppliances|VacuumCleaning&Ironing|IronsSteamers&Accessories|LintShavers,299,499,40%,3.9,1015,Quickly removes lint dust dandruff and pet hair from virtually anywhere.|Use on pants coats sweaters dresses suits formal wear and more.|Balanced adhesive for effective lint removal without risk of damaging surfaces.|Mini lint roller perfect for travel and common everyday use small enough to fit in a purse or pocket for use on the go with minimal space taken and maximum convenience;|Cleans in seconds reusable to be sticky all over again efficient for lint dust and hair multi-functional to keep clothes clean.,https://m.media-amazon.com/images/I/31t6ATbG1jL._SX300_SY300_QL70_FMwebp_.jpg,https://www.amazon.in/House-Quirk-Reusable-Easy-Tear-Multicolour/dp/B09DSQXCM8/ref=sr_1_292?qid=1672923606&s=kitchen&sr=1-292
B01M69WCZ6,Allin Exporters J66 Ultrasonic Humidifier Cool Mist Air Purifier for Dryness Cold & Cough Large Capacity for Room Baby Plants Bedroom (2.4 L) (1 Year Warranty),Home&Kitchen|HeatingCooling&AirQuality|Humidifiers,2249,3550,37%,4,3973,Improve air condition: this cool mist ultrasonic humidifier could prevent dry or chapped skin stuffy air flu germs in dry conditions. Humidify the air breathe easier and relieve cough and sinus congestion due to colds allergies and flu|Essential oil and any other oils are not recommended to use in humidifier as these are made of abs grade plastic to ensure hygienic mist generation that may react with essential oils (like Citrus oils) to diffuse harmful and reactive mist. If you're looking to have humidification and aroma diffuser in one unit try our range of 2-in-1 ultrasonic diffusers and humidifiers that are made without bpa plastic and are safe to use essential oils and other aroma and maintaining humidity in the interiors|Germproof water tank: covered with antimicrobial coating the water tank of this humidifier will prevent the growth of mold and mildew and provides clean cool mist Adjustable mist spray and auto shut-off: the mist output can be adjusted at random while the highest mist capacity is 380ml/h. It will be shut off automatically when out of water or at low water level for protection|Long working hour: extra-large 2.4L tank capacity allows 12 hours working time under highest mist mode (up to 24 hours at minimum output setting) after refilling|1 Year Offsite Warranty against manufacturing defects. Visit our service center or send the product via courier. One-way courier charge will be borne by the Customer.,https://m.media-amazon.com/images/W/WEBP_402378-T2/images/I/21Kb8kWuKTL._SX300_SY300_QL70_FMwebp_.jpg,https://www.amazon.in/Allin-Exporters-Ultrasonic-Humidifier-Purifier/dp/B01M69WCZ6/ref=sr_1_293?qid=1672923606&s=kitchen&sr=1-293
B0BM9H2NY9,Multifunctional 2 in 1 Electric Egg Boiling Steamer Egg Frying Pan Egg Boiler Electric Automatic Off with Egg Boiler Machine Non-Stick Electric Egg Frying Pan-Tiger Woods (Multy),Home&Kitchen|Kitchen&HomeAppliances|SmallKitchenAppliances|EggBoilers,699,1599,56%,4.7,2300,Egg Frying Pan,https://m.media-amazon.com/images/W/WEBP_402378-T1/images/I/51IE+nI0KGL._SY300_SX300_.jpg,https://www.amazon.in/Multifunctional-Electric-Automatic-Non-Stick-Pan-Tiger/dp/B0BM9H2NY9/ref=sr_1_294?qid=1672923606&s=kitchen&sr=1-294
B099FDW2ZF,Maharaja Whiteline Nano Carbon Neo 500 Watts Room Heater (Black White) Standard (5200100986),Home&Kitchen|HeatingCooling&AirQuality|RoomHeaters|ElectricHeaters,1235,1499,18%,4.1,203,500 Watt Performance|Superior Carbon Rod Technology ensuring more heating efficiency than conventional Room Heaters|One Rods|Healthy heating due to carbon technology|Low Glare: No discomfort to eyes creates ambience of warmth and care|Tip over safety switch: Heater turns off automatically if it accidentally falls down or kept on uneven surface|Shock Proof Body,https://m.media-amazon.com/images/I/41XrOa1+-PL._SY300_SX300_.jpg,https://www.amazon.in/Maharaja-Whiteline-Carbon-Standard-5200100986/dp/B099FDW2ZF/ref=sr_1_292?qid=1672923607&s=kitchen&sr=1-292
B0B935YNR7,KENT Electric Chopper-B for Kitchen 250 Watt | Chop Mince Puree Whisk 400 ml Capacity | Stainless Steel Double Chopping Blades | Transparent Chopping Bowl | Anti-Skid | One Touch Operation | Black,Home&Kitchen|Kitchen&HomeAppliances|SmallKitchenAppliances|MiniFoodProcessors&Choppers,1349,2999,55%,3.8,441,KENT Electric Chopper Black is a smart and efficient kitchen appliance designed to eliminate your chopping/ cooking stress|250W high-performance function ensures perfect results every time|It features sharp and high-quality stainless steel double blades for quick operation|Includes 400ml transparent bowl plastic whisking attachment and long power cords for maximum convenience|The bowl has anti-skid ring at the bottom to ensure stable operation|It chops veggies into fine coarse or medium texture and whisks cream in seconds|Operates with single press button to ensure maximum ease|KENT Electric Chopper Black 1-year warranty on the product for your peace of mind,https://m.media-amazon.com/images/I/41VM+D8AGWL._SY300_SX300_.jpg,https://www.amazon.in/KENT-Chopper-B-Stainless-Transparent-Anti-Skid/dp/B0B935YNR7/ref=sr_1_293?qid=1672923607&s=kitchen&sr=1-293
B07JGCGNDG,Crompton Amica 15-L 5 Star Rated Storage Water Heater (Geyser) with Free Installation (White),Home&Kitchen|HeatingCooling&AirQuality|WaterHeaters&Geysers|StorageWaterHeaters,6800,11500,41%,4.1,10308,PRODUCT: Crompton's energy efficient storage water heater with fast heating|TECHNICAL SPECIFICATIONS: Wattage: 2000 W; Capacity: 15L; Star Rating 5; Pressure 8 bar|3 LEVEL SAFETY: Capillary Thermostat automatic thermal cut-out & multi-functional valve to provide higher safety|ANTI-RUST: Fitted with specially designed magnesium anode which prevents corrosion due to hard water quality|QUALITY COMPONENTS: ISI marked nickel coated special element to provide resistance against scale formation,https://m.media-amazon.com/images/W/WEBP_402378-T2/images/I/31RWtNDo6EL._SX300_SY300_QL70_FMwebp_.jpg,https://www.amazon.in/Crompton-Greaves-ASWH-2015-15-Litre-Storage/dp/B07JGCGNDG/ref=sr_1_294_mod_primary_new?qid=1672923607&s=kitchen&sbo=RZvfv%2F%2FHxDF%2BO5021pAnSA%3D%3D&sr=1-294
B08L12N5H1,Eureka Forbes car Vac 100 Watts Powerful Suction Vacuum Cleaner with Washable HEPA Filter 3 AccessoriesCompactLight Weight & Easy to use (Black and Red),Home&Kitchen|Kitchen&HomeAppliances|VacuumCleaning&Ironing|Vacuums&FloorCare|Vacuums|HandheldVacuums,2099,2499,16%,|,992,No Installation is provided for this product|100 Watts Powerful Motor|Powerful Suction|In-Built LED Torch|Range of accessories for different cleaning needs|Fit type: Universal Fit,https://m.media-amazon.com/images/W/WEBP_402378-T1/images/I/41lZEy8e9DL._SX300_SY300_QL70_FMwebp_.jpg,https://www.amazon.in/Eureka-Forbes-Vacuum-Cleaner-Washable/dp/B08L12N5H1/ref=sr_1_295?qid=1672923607&s=kitchen&sr=1-295
B07GWTWFS2,KENT 16025 Sandwich Grill 700W | Non-Toxic Ceramic Coating | Automatic Temperature Cut-off with LED Indicator | Adjustable Height Control Metallic Silver Standard,Home&Kitchen|Kitchen&HomeAppliances|SmallKitchenAppliances|SandwichMakers,1699,1975,14%,4.1,4716,Compact and sleek looking modern appliance KENT Sandwich Grill is perfect for a healthy and tasty quick snack|It is multi-functional and helps you grill toast roast and even make multi-layered sandwiches with great ease|The appliance has non-toxic ceramic coating that uses less oil or butter and ensures easy flipping as nothing sticks to the surface|The ceramic coating also makes the grill easy to clean|With its ergonomic handle you donâ€t have to concern about the safety|KENT Sandwich Grillâ€s adjustable height lets you easily cook various sizes of snacks|The automatic temperature cut-off turns off the appliance once your dish is cooked,https://m.media-amazon.com/images/W/WEBP_402378-T2/images/I/41mtYvY3VdS._SX300_SY300_QL70_FMwebp_.jpg,https://www.amazon.in/Kent-16025-700-Watt-Sandwich-Grill/dp/B07GWTWFS2/ref=sr_1_296?qid=1672923607&s=kitchen&sr=1-296
B09KRHXTLN,Candes Gloster All in One Silent Blower Fan Room Heater Ideal for Small and Medium Area 2000 Watts (White),Home&Kitchen|HeatingCooling&AirQuality|RoomHeaters|FanHeaters,1069,1699,37%,3.9,313,Motor : Powerful Motor for Quick Heating|Heat Setting : 2 Heat Setting 1000/2000 W|Warranty: 1 year limited warranty. For warranty claim|Over Heat Protection|Handle for Easy Portability|Heat Resistant Body and Stand for Stability|Hot Air Outlet and Safety Grills,https://m.media-amazon.com/images/I/41IJvfYMaZL._SY300_SX300_QL70_FMwebp_.jpg,https://www.amazon.in/Candes-Gloster-Silent-Blower-Heater/dp/B09KRHXTLN/ref=sr_1_297?qid=1672923607&s=kitchen&sr=1-297
B09H34V36W,Inalsa Electric Fan Heater Hotty - 2000 Watts Variable Temperature Control Cool/Warm/Hot Air Selector | Over Heat Protection | ISI Certification White,Home&Kitchen|HeatingCooling&AirQuality|RoomHeaters|FanHeaters,1349,2495,46%,3.8,166,Powerful 2400 RPM copper winded motor for quick heating and can be used vertically or horizontally.|Cool Warm or Hot Air selection knob for heat setting (Please note that regulator changes heating power & not fan speed)|Variable Temperature Control for setting Room Temperature as desired.|Plastic body with rust resistant metal front grill.|Built-in overheat Safety protection.|Lightweight with Carry Handle for easy portability.|Do not worry if you experience some burning smell when you run your room heater for the 1st time. This is due to the motor varnish getting heated for the 1st time. The problem should not recur in subsequent usage. If it does please contact our Customer support|Caution - Always use the product with 16A socket. Using it on lower rating sockets may result in melting of socket or the plug. This Consumes 2 KW when operated on high heat setting.,https://m.media-amazon.com/images/W/WEBP_402378-T2/images/I/411uVIJr+QL._SY300_SX300_.jpg,https://www.amazon.in/Inalsa-Electric-Heater-Hotty-Certification/dp/B09H34V36W/ref=sr_1_298_mod_primary_new?qid=1672923607&s=kitchen&sbo=RZvfv%2F%2FHxDF%2BO5021pAnSA%3D%3D&sr=1-298
B09J2QCKKM,Havells Zella Flap Auto Immersion Rod 1500 Watts,Home&Kitchen|HeatingCooling&AirQuality|WaterHeaters&Geysers|ImmersionRods,1499,3500,57%,4.1,303,India’s 1st Immersion WH with auto cut off & Temperature setting Knob (Low Medium & High)|Its smart dual purpose collapsible flap works as a cover as well as a hanger when completely open|Heating Indicator; Heavy duty 3 Pin molded plug|Efficient heat transfer heating element; Nickel plating heating element|Touch protection cover; Elegant & sturdy safe bucket hanger,https://m.media-amazon.com/images/I/21TQo2rZRbL._SX300_SY300_QL70_FMwebp_.jpg,https://www.amazon.in/Havells-Zella-Immersion-Watts-White/dp/B09J2QCKKM/ref=sr_1_299?qid=1672923607&s=kitchen&sr=1-299
B09XRBJ94N,iBELL SM1301 3-in-1 Sandwich Maker with Detachable Plates for Toast / Waffle / Grill  750 Watt (Black),Home&Kitchen|Kitchen&HomeAppliances|SmallKitchenAppliances|SandwichMakers,2092,4600,55%,4.3,562,MULTIPURPOSE: Different Sandwich Plates for Toast / Grill / Waffle plates to make the snack of your choice|Detachable Non-Stick Plates are easy to clean and maintain|Thermostatically controlled Heating Element | Auto shut off function|Grip handle | Elegant black finish body|Power : 750W | Voltage: 220V-240V;|Warranty: 1 Year Standard Warranty + 1 Year Additional Warranty on FREE Registration,https://m.media-amazon.com/images/I/41iHB-nmy8L._SX300_SY300_QL70_FMwebp_.jpg,https://www.amazon.in/SM1301-Sandwich-Detachable-Plates-Waffle/dp/B09XRBJ94N/ref=sr_1_300?qid=1672923607&s=kitchen&sr=1-300
B07SLNG3LW,Inalsa Vacuum Cleaner Wet and Dry Micro WD10 with 3in1 Multifunction Wet/Dry/Blowing| 14KPA Suction and Impact Resistant Polymer Tank(Yellow/Black),Home&Kitchen|Kitchen&HomeAppliances|VacuumCleaning&Ironing|Vacuums&FloorCare|Vacuums|Wet-DryVacuums,3859,10295,63%,3.9,8095,Wet or dry bagged or bagless - No matter it is dust hair daily waste the device can clean the dirt perfectly. You don't need to change filter during operation. Please take out the cloth dust filter and use sponge filter when sucking liquid|Blower function- The blower function is suitable for drying and cleaning of narrow and hard- to-reach indoor or outdoor areas. For effective blowing results do not use any filter in vacuum cleaner. To hold a large amount of waste this vacuum cleaner boasts a container capacity of 10 litres|Powerful and durable – Equipped with powerful motor delivers 14KPA strong suction power and ensures long time operation. The vacuum cleaner has an impact resistant polymer tank for longer usage life|Safe buoy technology – Safe Buoy technology immediately stops sucking water when the liquid capacity reaches the critical point. This protects the machine from being damaged and guarantees superior lifetime. This device ensures low-noise operation|Flexible and convenient - With ergonomically carry handle along with four 360° rotating wheels enable it to move flexibly to anywhere you need. Its compact and lightweight is easy to store without occupying much space,https://m.media-amazon.com/images/W/WEBP_402378-T1/images/I/414PLTPvJBL._SX300_SY300_QL70_FMwebp_.jpg,https://www.amazon.in/Inalsa-Micro-WD10-1000W-Multifunction-Resistant/dp/B07SLNG3LW/ref=sr_1_301?qid=1672923607&s=kitchen&sr=1-301
B0BNDGL26T,MR. BRAND Portable USB Juicer Electric USB Juice Maker Mixer Bottle Blender Grinder Mixer6 Blades Rechargeable Bottle with (Multi color) (MULTI MIXER 6 BLED),Home&Kitchen|Kitchen&HomeAppliances|SmallKitchenAppliances|JuicerMixerGrinders,499,2199,77%,2.8,109,Portable & Convenient to Charge: This little body light weight design is easy for you carry it to school office parks camping anywhere you want to. and it also convenient for charge by power bank laptop computer car or other usb devices.|Easy and Safe Cleaning - It has have smart safety protection device magnetic sensing switch ultra safe to use and clean the juicer cup's body and bottom can be separated you can easy to clean it|Multi-function - With our juice blender mixing kinds of fruit and vegetables you can make natural tasty juice milkshake smoothie and other baby food. It's very portable and great for traveling outdoor.|Enjoy your fruit juice anytime and anywhere.|6 stainless steel blades sharp and durable can last for long time.,https://m.media-amazon.com/images/I/51pFS9lDzML._SY300_SX300_QL70_FMwebp_.jpg,https://www.amazon.in/MR-BRAND-Portable-Electric-Rechargeable/dp/B0BNDGL26T/ref=sr_1_302?qid=1672923607&s=kitchen&sr=1-302
B095PWLLY6,Crompton Hill Briz Deco 1200mm (48 inch) High Speed Designer Ceiling Fan (Smoked Brown),Home&Kitchen|HeatingCooling&AirQuality|Fans|CeilingFans,1804,2380,24%,4,15382,PRODUCT: Crompton's premium design ceiling fan with a strong cooling effect TECHNICAL SPECIFICATIONS: Sweep Size 1200 mm; Speed 380 RPM; Air Delivery 210 CMM; Input Power 70W|SUPERIOR COMPONENTS: 100% copper motor double ball bearings and dynamically balanced blades|RUST FREE: Powder coated aluminium blades offer life long corrosion resistance|PACKAGE CONTENTS: 1 Ceiling Fan 1 Motor Set of Blades Set of 2 Canopy 1 Down Rod 1 Shackle assembly Instructions Manual and Warranty Card|Collection Name: Crompton Hill Briz Deco Designer Ceiling Fan; Finish Type: Painted; Mounting Type: Downrod Mount,https://m.media-amazon.com/images/W/WEBP_402378-T2/images/I/31uAkMaOShS._SX300_SY300_QL70_FMwebp_.jpg,https://www.amazon.in/Crompton-1200mm-Designer-Ceiling-Smoked/dp/B095PWLLY6/ref=sr_1_303?qid=1672923607&s=kitchen&sr=1-303
B07Y9PY6Y1,Sujata Powermatic Plus Juicer Mixer Grinder with Chutney Jar 900 Watts 3 Jars (White),Home&Kitchen|Kitchen&HomeAppliances|SmallKitchenAppliances|JuicerMixerGrinders,6525,8820,26%,4.5,5137,Warranty: 1 year warranty provided by the manufacturer from date of purchase|Includes: 1 unit Motor 1 Jucier attachment 1 Blender jar 1 Grinder jar 1 Chutney jar|Most powerful 9 watts motor with double ball bearings for efficiency low maintenance and trouble free running for years|Juicer with unique honeycomb filter mesh for finer juice with higher yield|22 rpm operation- retains flavor and aroma of juices and food|9 mins. continuous running- suitable for longer usage|Totally shock-proof and safe|Low maintenance trouble free running.customer care: 11-45793882 / 27691512,https://m.media-amazon.com/images/I/41yPeG8kXxL._SX300_SY300_QL70_FMwebp_.jpg,https://www.amazon.in/Plastic-Powermatic-Jar-Juicer-Grinder-Chutney/dp/B07Y9PY6Y1/ref=sr_1_307?qid=1672923607&s=kitchen&sr=1-307
B0BJ966M5K,Aquadpure Copper + Mineral RO+UV+UF 10 to 12 Liter RO + UV + TDS ADJUSTER Water Purifier with Copper Charge Technology black & copper Best For Home and Office (Made In India),Home&Kitchen|Kitchen&HomeAppliances|WaterPurifiers&Accessories|WaterFilters&Purifiers,4999,24999,80%,4.6,124,RO technology reduces TDS hardness and removes pesticides & heavy metals. Eliminates harmful bacteria viruses protozoa & cysts|1 year warranty*;10-12 Liter capacity; Booster Pump is required for the functioning of water purifier in case of inlet water pressure being less than 0.3kg/cm sq. Available through our service technician at an additional cost.|Ultra Filtration imparts crystal clear clarity to your drinking water in addition to making is safe from viral & bacterial contaminations* UV+UF removes viruses; Patented Mineral Guard Technology to retain essential minerals in your water|Color: Black and Copper Capacity: 10-12 liters Power: 60 watts Input Water Temperature: 10˚ to 40˚C Operative Input voltage: 100 -300V ac; 50Hz Material tank type: Food grade engineered plastic; Can be used for TDS upto 1500 ppm. Please use a TDS meter to find out the correct TDS of your water source before buying a water purifier|1 year warranty for electrical parts except UV Lamp. Warranty starts from date of dispatch. Filters are consumables get blocked or choked because of water only. If water quality is good filters life will be more If water quality is bad (More turbidity or more TDS) Filters life will be less. so not covered in Warranty. Electrical part will be send through; Installation will be completed within 48 to 72 hrs.|Taste Adjuster (TDS) controller enables adjustment of taste depending upon the source of water|12 stage filtrations12 liter storage High quality grey & Black color filters. With Active Copper Filter Series;ncludes â€“ RO Purifier Pre Filter Installation accessories user manual. Installation You need to pay Up-to Rs. 500/- to the technician for installation.,https://m.media-amazon.com/images/W/WEBP_402378-T1/images/I/41ZvKRULvDL._SY445_SX342_QL70_FMwebp_.jpg,https://www.amazon.in/Aquadpure-Copper-ADJUSTER-Purifier-Technology/dp/B0BJ966M5K/ref=sr_1_308?qid=1672923607&s=kitchen&sr=1-308
B086GVRP63,Amazon Basics 650 Watt Drip Coffee Maker with Borosilicate Carafe,Home&Kitchen|Kitchen&HomeAppliances|CoffeeTea&Espresso|DripCoffeeMachines,1189,2400,50%,4.1,618,Compact & powerful 650 watt drip coffee maker for home and office use;Brews up to 5 cups at a time (25 ounces or 740 ml)|Premium quality materials are food grade with a glass borosilicate carafe;Reusable filter and removable filter basket is convenient and does not require additional paper filters|Auto keep warm function is ideal for instant anytime coffee;Easy to use & set up|Please Note: Carafe is to be hand washed (not dishwasher safe);Package Contents:- 1 x 650 W Drip Coffee Maker with Borosilicate Carafe|Color Name: Black; Material Type: Metal; Size Name: Standard,https://m.media-amazon.com/images/I/41EuzetRjTL._SX300_SY300_QL70_FMwebp_.jpg,https://www.amazon.in/AmazonBasics-Drip-Coffee-Maker-Black/dp/B086GVRP63/ref=sr_1_309?qid=1672923607&s=kitchen&sr=1-309
B08MVXPTDG,Crompton Insta Delight Fan Circulator Room Heater with 3 Heat Settings (Slate Grey & Black 2000 Watt),Home&Kitchen|HeatingCooling&AirQuality|RoomHeaters|FanHeaters,2590,4200,38%,4.1,63,Tapping into a natural phenomenon known as “convection” InstaDelight|Circulates air through a fan after passing it through the heating element|Its easy portability and multiple heat settings makes it a quintessential appliance on a chilly day|Comes with a 3-heat setting and turbo fan design to spread heat quickly in the room|Powered for over heat protection and height adjustable stand for comfort with ease of use|An ISI approved product powered with shock proof body and a carrying handle|Warranty: 1 years warranty provided by crompton from date of purchase covers on manufacturing defects kindly read the usermanual for more details,https://m.media-amazon.com/images/I/31vL9-jaaJL._SX300_SY300_QL70_FMwebp_.jpg,https://www.amazon.in/Crompton-Delight-Circulator-Heater-Settings/dp/B08MVXPTDG/ref=sr_1_311?qid=1672923607&s=kitchen&sr=1-311
B0BMZ6SY89,!!HANEUL!!1000 Watt/2000-Watt Room Heater!! Fan Heater!!Pure White!!HN-2500!!Made in India!!Thermoset!!,Home&Kitchen|HeatingCooling&AirQuality|RoomHeaters|FanHeaters,899,1599,44%,3.4,15,2 heat settings providing more convenience in usage. Customer can set it at either 1000 Watt or 2000 Watt depending upon the requirement|Thermal cut out protection and Power indicator light.|Handle grip got portablity|It can be placed vertically as well as horizontally.|Adjustable thermostat,https://m.media-amazon.com/images/I/41OZjIUftuL._SX300_SY300_QL70_FMwebp_.jpg,https://www.amazon.in/HANEUL-2000-Watt-Heater-HN-2500-Thermoset/dp/B0BMZ6SY89/ref=sr_1_312?qid=1672923607&s=kitchen&sr=1-312
B09P1MFKG1,Melbon VM-905 2000-Watt Room Heater (ISI Certified White Color) Ideal Electric Fan Heater for Small to Medium Room/Area (Plastic Body),Home&Kitchen|HeatingCooling&AirQuality|RoomHeaters|FanHeaters,998,2999,67%,4.6,9,Lightweight (1.2 kg) for easy portability between rooms; Plastic body with rust-free metal grill front|Air throw range of 10 feet which is ideal for small to medium sized room; Product can be placed both vertically and horizontally (kindly refer to images)|Powerful 2400 RPM copper winded motor for quick heating and can be used vertically or horizontally (kindly refer to images)|Cool Warm or Hot wind selection knob for heat setting; Please note that regulator changes heating power & not actual fan speed,https://m.media-amazon.com/images/I/41xLjSyJtYL._SX300_SY300_QL70_FMwebp_.jpg,https://www.amazon.in/Melbon-Blower-Heater-2000-Watt-White/dp/B09P1MFKG1/ref=sr_1_313?qid=1672923607&s=kitchen&sr=1-313
B01LY9W8AF,Cello Eliza Plastic Laundry Bag/Basket 50 litres Light Grey,Home&Kitchen|HomeStorage&Organization|LaundryOrganization|LaundryBaskets,998.06,1282,22%,4.2,7274,Material: Plastic Color: Light Grey100% food grade|Package Contents: 1 Laundry Basket|Size: 425 cm x 355 cm x 605 cm|Luxury laundry basket|Specially designed air vent to keep clothes odour free|Space saver and ideal to use anywhere|Comfortable reach-through handles for easy lifting and carrying,https://m.media-amazon.com/images/I/51CyJ9dUiWL._SX300_SY300_QL70_FMwebp_.jpg,https://www.amazon.in/Plastic-Laundry-Basket-Light-Grey/dp/B01LY9W8AF/ref=sr_1_314?qid=1672923607&s=kitchen&sr=1-314
B07ZJND9B9,ACTIVA 1200 MM HIGH SPEED 390 RPM BEE APPROVED 5 STAR RATED APSRA CEILING FAN BROWN 2 Years Warranty,Home&Kitchen|HeatingCooling&AirQuality|Fans|CeilingFans,1099,1990,45%,3.9,5911,Box Contains: Fan Motor Blade Set Canopy Set Downroad and Shackle Manufactured Under The Guidance Of Highly Qualified Engineers To Ensure The Life Of Product For Help Or Guidance Call On Our CC Note: Self Installation and product will be repaired in our service center.|Material Type: Aluminium; Controller Type: Button Control; Mounting Type: Downrod Mount; Finish Type: Painted,https://m.media-amazon.com/images/I/31hXo964hqL._SY300_SX300_QL70_FMwebp_.jpg,https://www.amazon.in/ACTIVA-APSRA-Approved-Ceiling-Warranty/dp/B07ZJND9B9/ref=sr_1_315?qid=1672923607&s=kitchen&sr=1-315
B0B2CWRDB1,Shakti Technology S5 High Pressure Car Washer Machine 1900 Watts and Pressure 125 Bar with 10 Meter Hose Pipe,Home&Kitchen|Kitchen&HomeAppliances|VacuumCleaning&Ironing|PressureWashersSteam&WindowCleaners,5999,9999,40%,4.2,170,Power:1900W Pressure:125 Bar Flowing:10L/min Voltage:220V~50Hz 3 Meter Power Cable|Venturi System Auto Stop Self-Intake Function Pressure Gauge Variably Adjustable Fan Spray Lance Water Filter|Low-Noise Operation: Auto Stop Technology Switches The Motor And Pump Off Automatically When The Switch is Released|Includes: 1900W Pressure Washer Inlet Pipe 10M Outlet Pipe Water Filter Soap Dispenser Inlet Filter Quick Connector Pressure Gun With 6 Months Warranty,https://m.media-amazon.com/images/I/51RQbF6ZuLL._SX300_SY300_QL70_FMwebp_.jpg,https://www.amazon.in/Shakti-Technology-S5-Pressure-Machine/dp/B0B2CWRDB1/ref=sr_1_316?qid=1672923607&s=kitchen&sr=1-316
B072NCN9M4,AMERICAN MICRONIC- Imported Wet & Dry Vacuum Cleaner 21 Litre Stainless Steel with Blower & HEPA filter 1600 Watts 100% Copper Motor 28 KPa suction with washable reusable dust bag (Red/Black/Steel)-AMI-VCD21-1600WDx,Home&Kitchen|Kitchen&HomeAppliances|VacuumCleaning&Ironing|Vacuums&FloorCare|Vacuums|Wet-DryVacuums,8886,11850,25%,4.2,3065,This Stainless Steel vacuum cleaner is an excellent device to clean your home or office. Designed to meet your varied needs it has a sleek design with a Stainless Steel body that makes it stand out wherever you keep it. This wet and dry vacuum cleaner with blower function which removes deep embedded dust from the surroundings.|Whether it is a commercial or residential cleaning job you will obviously have different needs which dictate the kind of vacuum cleaner that is right for that particular job. If the main concern is multi purpose cleaning this vacuum cleaners could be the most appropriate. It comes with HEPA filter for effective dust filtering.|This Vacuum cleaner contains washable dust bag for easy care & durability. you can conveniently remove dirt pet hairs tough stains and more with complete ease. The static charge that some users have pointed out is a rare instance that builds naturally when dust is rubbed strongly. That's not an electric current and is harmless|Warranty: 1 year on product; Capacity: 21 liter; Power: 1600 watts; Includes: Vacuum Cleaner; Power input: 220V Furthermore the of its suction mechanism allows you to remove both solid particles and fluids with equal ease. This vacuum cleaner has a powerful 1600W motor that is able to draw in every last piece of dirt using the HEPA filter that captures small particles that cause allergens. DON'T MISS THE SPECIAL PRICE OFFER THIS MONTH.|Package Includes Vacuum Cleaner 5 Feet Flexible Hose Pipe 2 x 1.5 Feet Extension pipes Floor-cum-carpet brush Wet brush with two separate mouths Upholstery nozzle Crevice Nozzle Washable dust bag HEPA filter Instruction manual Warranty card. All spare parts are available for warranty & post-warranty repairs.|AMERICAN MICRONIC is an Indian-owned brand with global ambitions and footprint. Headquartered in Delaware USA the vision is to make an Indian-owned world-class brand of home appliances that competes with the largest multinationals in the most advanced countries ie: the USA Europe & Middle East by offering better product quality service delivery and value for money.,https://m.media-amazon.com/images/W/WEBP_402378-T1/images/I/41tcKYuBPSL._SX300_SY300_QL70_FMwebp_.jpg,https://www.amazon.in/American-Micronic-AMI-VCD21-1600WDx-Wet-1600Watts-21-litres-Stainless/dp/B072NCN9M4/ref=sr_1_317?qid=1672923607&s=kitchen&sr=1-317
B08SKZ2RMG,Demokrazy New Nova Lint Cum Fuzz Remover for All Woolens Sweaters Blankets Jackets Remover Pill Remover from Carpets Curtains (Pack of 1),Home&Kitchen|Kitchen&HomeAppliances|VacuumCleaning&Ironing|IronsSteamers&Accessories|LintShavers,475,999,52%,4.1,1021,Quick and efficient Switch to turn it on and gently run the shaving head over the surface of the clothes.|Corded The fluff remover runs on an inbuilt battery and has a corded wire. Battery operated fluff removers run out of power after a few times of use but you save hundreds on batteries with this corded fluff remover.|Smart design With large shaving head detachable lint catcher and comfort grip handle. Slide downward to release the lint catcher gently to remove and clean the collected lint. The comfort grip handle allows the fluff remover to fit comfortably in your hand giving you a good and control as you de-fuzz your garments|Dual protection The adjustable height spacer protects your garments from being cut or snagged or caught. It also protects and reinforces your hands from accidentally touching the shaver foil. A cleaning brush is included in the pack to help you easily clean your appliance after use.|Easily remove fabric fluff fuzz bobbles pills burr or roye from all types of garments and fabrics|Package Content: 1 Unit of fluff Remover Report incorrect product information.,https://m.media-amazon.com/images/W/WEBP_402378-T1/images/I/41Xg2TPKwyL._SX300_SY300_QL70_FMwebp_.jpg,https://www.amazon.in/Demokrazy-Remover-Woolens-Sweaters-Blankets/dp/B08SKZ2RMG/ref=sr_1_318?qid=1672923607&s=kitchen&sr=1-318
B0B53DS4TF,Instant Pot Air Fryer Vortex 2QT Touch Control Panel 360° EvenCrisp™ Technology Uses 95 % less Oil 4-in-1 Appliance: Air Fry Roast Bake Reheat (Vortex 1.97Litre Black),Home&Kitchen|Kitchen&HomeAppliances|SmallKitchenAppliances|DeepFatFryers|AirFryers,4995,20049,75%,4.8,3964,"VOLTAGE (230 Volts): Instant Vortex Air Fryer 1.9 Litre is designed as per Indian Electrical Power 230 V - 50 Hz|FREE HOME INSTALLATION & FREE HOME SERVICE: We at INSTANT BRANDS are committed to ""Keep Customers Interest Ahead of All."" Feel free to contact Customer Care at 1800 123 2700 for Demonstration Installation and Service Requirement.|SMART ALL-IN-1 FUNCTIONALITY: Air fry Roast Bake and Reheat.|WORLD OF POSSIBILITIES: Make French Fries Samosas Kabab/Cutlet Chicken Nuggets Corn Cheese Balls Banana Chips Cakes/muffins and much more!|GUILT-FREE FOOD WITH 95% LESS OIL: With EVENCRISP TECHNOLOGY Instant Air Fryer delivers all the crunch and tenderness of deep-frying with 95% less oil.|EvenCrisp TECHNOLOGY: Advanced technology that drives air flow top down for a perfect golden finish and crispy tender results every time!|ONE-TOUCH DIGITAL PANEL: The Digital Touch Panel consists of 6 cooking functions Air Fry Broil Roast Dehydrate Reheat and Bake along with cooking time and temperature settings.",https://m.media-amazon.com/images/W/WEBP_402378-T1/images/I/313WfOy8VSL._SX300_SY300_QL70_FMwebp_.jpg,https://www.amazon.in/Instant-Vortex-2QT-EvenCrispTM-Technology/dp/B0B53DS4TF/ref=sr_1_316?qid=1672923609&s=kitchen&sr=1-316
B08BJN4MP3,HUL Pureit Eco Water Saver Mineral RO+UV+MF AS wall mounted/Counter top Black 10L Water Purifier,Home&Kitchen|Kitchen&HomeAppliances|WaterPurifiers&Accessories|WaterFilters&Purifiers,13999,24850,44%,4.4,8948,Color: Black Capacity: 10 litres Power: 36 watts Input Water Temperature: 10˚ to 40˚C Operative Input voltage: 110 -240V;50Hz Material tank type: Food grade engineered plastic;This water purifier provides advanced 7 stage purification to ensure 100% RO water. It enriches water with essential minerals to provide safe and sweet drinking water|Can be used for TDS up to 2000 ppm. Designed to treat multiple sources of water: Borewell Tanker or Tap water.;Included in the box: Water Purifier Installation Kit External Sediment Filter|Installation: Free installation is provided by the brand. Please wait for 24 hrs for the brand to contact you post-delivery for metro cities. For others please wait for 48 hrs for the brand to contact you post-delivery.;Product Dimensions: Length 45.5 cm X Width 31.0 cm X Height 67.0 cm Warranty: 1 year on the product (Consumables & additional accessories are not covered in warranty)|HUL Pureit Eco Water Saver is the highest water-saving RO with a recovery rate of upto 60%. It helps you save upto 80 glasses of water daily compared to using other ordinary Ros; Included Components: Water Purifier Installation Kit Warranty Card; Purification Method: Ultravioletreverse Osmosis; Warranty Description: 1 Year Warranty Provided By The Manufacturer From Date Of Purchase|Purification Method: Ultravioletreverse Osmosis; Warranty Description: 1 Year Warranty Provided By The Manufacturer From Date Of Purchase; Included Components: Water Purifier Installation Kit Warranty Card,https://m.media-amazon.com/images/W/WEBP_402378-T2/images/I/41ut+j+REdL._SY300_SX300_.jpg,https://www.amazon.in/HUL-Pureit-Mineral-mounted-Purifier/dp/B08BJN4MP3/ref=sr_1_317?qid=1672923609&s=kitchen&sr=1-317
B0BCYQY9X5,Livpure Glo Star RO+UV+UF+Mineraliser - 7 L Storage Tank 15 LPH Water Purifier for Home Black,Home&Kitchen|Kitchen&HomeAppliances|WaterPurifiers&Accessories|WaterFilters&Purifiers,8499,16490,48%,4.3,97,7 Stage Purification: Livpure GLO Star provides 7 stage advanced purification: 1) Super-Sediment Filter 2) Pre-activated Carbon Absorber 3) RO Membrane 4) Mineraliser 5) Ultra Filtration 6) Silver Impregnated Post Carbon Filter 7)In-Tank UV Sterilization|Mineraliser: Mineraliser in the purification system ensures right level of essential minerals in water like magnesium potassium etc. Magnesium boosts exercise performance maintains healthy blood sugar levels promotes bone health and supports better sleep.|In-tank UV sterilization and insect proof-high quality storage tank helps in keeping the purified water pure for longer duration avoiding any sort of contamination post filtration. Purification Technology Used: RO + UV + UF + Mineralizer. 15 ltrs per hour filtration capacity and TDS in input raw water upto 2000ppm.|Its color & design complements the aesthetics of kitchen. LED indicators display power supply and purification status. 7 liters storage capacity is suitable for different family sizes.|Indication LED Display: The water purifier comes with interactive LED Indications -Power On Purification Process and Tank Full Indication.,https://m.media-amazon.com/images/I/319t03ZuOML._SX300_SY300_QL70_FMwebp_.jpg,https://www.amazon.in/Livpure-Glo-Star-RO-Mineraliser/dp/B0BCYQY9X5/ref=sr_1_318?qid=1672923609&s=kitchen&sr=1-318
B009UORDX4,Philips Hi113 1000-Watt Plastic Body Ptfe Coating Dry Iron Pack of 1,Home&Kitchen|Kitchen&HomeAppliances|VacuumCleaning&Ironing|IronsSteamers&Accessories|Irons|DryIrons,949,975,3%,4.3,7223,Black american heritage coating for easy gliding|Button groove speeds up ironing along buttons and seams|Iron temperature-ready light; Warranty: 2 years on product|Power: 1000 watts; operating voltage: 240 volts|Color Name: White; Size Name: Multi; Material Type: Other,https://images-na.ssl-images-amazon.com/images/W/WEBP_402378-T1/images/I/41EK0QNFSUL._SX300_SY300_QL70_FMwebp_.jpg,https://www.amazon.in/Philips-HI113-1000-Watt-Plastic-Coating/dp/B009UORDX4/ref=sr_1_319?qid=1672923609&s=kitchen&sr=1-319
B08VGDBF3B,Kuber Industries Round Non Woven Fabric Foldable Laundry Basket|Toy Storage Basket|Cloth Storage Basket With Handles| Capicity 45 Ltr (Grey & Black)-KUBMART11446,Home&Kitchen|HomeStorage&Organization|LaundryOrganization|LaundryBaskets,395,499,21%,4,330,PACKAGE CONTAIN: 1 Piece Laundry Basket|MATERIAL: Non Woven COLOR: Grey & black|PRODUCT DIMENSION: 37 x 37 x 49 CM|EASILY FOLDABLE: Built-in handles for easy transport from the hamper to your washing machine. Easily folds open to put into use and quickly folds flat for home storage when not in use.|Easy To Use: This is a multi-purpose organizer that can be used for keeping various things. You can set a few bags for various items such as office clothes home clothes daily essentials and many more. This will help you get the things and will also save time in re-organization.,https://m.media-amazon.com/images/I/41FQI5F2OiL._SX300_SY300_QL70_FMwebp_.jpg,https://www.amazon.in/Kuber-Industries-Foldable-Laundry-KUBMART11446/dp/B08VGDBF3B/ref=sr_1_320?qid=1672923609&s=kitchen&sr=1-320
B012ELCYUG,Preethi MGA-502 0.4-Litre Grind and Store Jar (White) stainless steel Set of 1,Home&Kitchen|Kitchen&HomeAppliances|SmallKitchenAppliances|SmallApplianceParts&Accessories|StandMixerAccessories,635,635,0%,4.3,4570,Country of Origin: India|Capacity: 0.4 liters Material: Poly Steel|Machine ground and polished blades for quick grinding|Includes: Jar (0.4 liters) and Transparent lid|High grade nylon couplers for smooth trouble free usage+^+Warranty: 1 year on product+^+High grade stainless steel jars and blade,https://m.media-amazon.com/images/I/414iVhwacbL._SX300_SY300_QL70_FMwebp_.jpg,https://www.amazon.in/Preethi-MGA-502-0-4-Litre-Grind-Store/dp/B012ELCYUG/ref=sr_1_321?qid=1672923609&s=kitchen&sr=1-321
B07S9M8YTY,Usha Aurora 1000 W Dry Iron with Innovative Tail Light Indicator Weilburger Soleplate (White & Grey),Home&Kitchen|Kitchen&HomeAppliances|VacuumCleaning&Ironing|IronsSteamers&Accessories|Irons|DryIrons,717,1390,48%,4,4867,1000W for powerful performance;Weil berger non stick soleplate|Multi colored LED tail light to indicate readiness;Easy ironing under buttons|Ergonomic design for a strong grip;Overheat safety shutoff; 360 degree swivel cord;Power: 1000 watts; Operating Voltage: 220 - 240 volts|Includes: 1 unit of product User manual; Innovative tail light indicator: Red light while heating - Green light when ready to iron; Weilburger Non-stick coated soleplate glides effortlessly over the fabric; Plastic body to protect from electric shocks; Thermal fuse for overheat cut-off protection; 360⁰ swivel cord for easy operation; 1.8 m long chord; Indicator lamp for thermostat function indication; Includes: 1 unit of product User manual; Includes: 1 unit of product User manual; Includes: 1 unit of product User manual; ISI mark for best product quality and safety of use; Warranty: 2 year product warranty|Color Name: Black,https://m.media-amazon.com/images/I/31W1xfnsOPL._SY300_SX300_QL70_FMwebp_.jpg,https://www.amazon.in/Usha-Aurora-Iron-1000-Light/dp/B07S9M8YTY/ref=sr_1_322?qid=1672923609&s=kitchen&sr=1-322
B0B19VJXQZ,ECOVACS DEEBOT N8 2-in-1 Robotic Vacuum Cleaner 2022 New Launch Most Powerful Suction Covers 2000+ Sq. Ft in One Charge Advanced dToF Technology with OZMO Mopping (DEEBOT N8) - White,Home&Kitchen|Kitchen&HomeAppliances|VacuumCleaning&Ironing|Vacuums&FloorCare|Vacuums|RoboticVacuums,27900,59900,53%,4.4,5298,"FREE HOME INSTALLATION & FREE HOME SERVICE: We at ECOVACS INDIA are committed to ""Keep Customers Interest Ahead of All."" Feel free to contact Customer Care for Demonstration Installation and Service Requirement.|PATENTED OZMO MOPPING TECHNOLOGY: With Unique OZMO Mopping that gives hand-like mopping efficiency even stubborn stains can be easily cleaned.|MOST POWERFUL SUCTION: Ensures deep and thorough cleaning thereby eliminating all kinds of stubborn dust from your floor and carpet.|NEW LAUNCH 2022: Ecovacs Launches DEEBOT N8 with upgraded suction power and advanced dToF Technology ensuring better cleaning efficiency.|SMART APP ENABLED & ALEXA / GOOGLE COMPATIBLE: ECOVACS Smart App connectivity lets you control scheduling and monitoring cleaning status from the palm of your hand. Works with Alexa & Google Assistant voice commands.|BEST SUITED FOR INDIAN HOMES: (A) Vacuum and Mop Simultaneously in-one-go. No need to buy separate Robot for mopping (B) Covers Full House in one charge (C) Suitable for All Floor types especially Tiles Marbles Granite Wood etc|ECOVACS BRAND: Undoubtedly ECOVACS is a leading Brand in ""Robotic Vacuum Cleaner"" category with excellence in R&D & Innovation.",https://m.media-amazon.com/images/W/WEBP_402378-T2/images/I/31Ly7OehCGL._SX300_SY300_QL70_FMwebp_.jpg,https://www.amazon.in/ECOVACS-Robotic-Powerful-Advanced-Technology/dp/B0B19VJXQZ/ref=sr_1_323?qid=1672923609&s=kitchen&sr=1-323
B00SMFPJG0,Kent Gold Optima Gold+ Spare Kit,Home&Kitchen|Kitchen&HomeAppliances|WaterPurifiers&Accessories|WaterCartridges,649,670,3%,4.1,7786,Color: White|For gold gold+ kool star and optima models|1 UF membrane + 1 activated carbon pack + 1 sediment filters|Membrane life: 4000L,https://m.media-amazon.com/images/W/WEBP_402378-T2/images/I/41emm+fTJmL._SX300_SY300_.jpg,https://www.amazon.in/Kent-Gold-Optima-Spare-Kit/dp/B00SMFPJG0/ref=sr_1_324?qid=1672923609&s=kitchen&sr=1-324
B0BHYLCL19,AVNISH Tap Water Purifier Filter Faucet 6 Layer Carbon Activated Dust Chlorine Remover Water Softener for Drinking Cartridge Alkaline Taps for Kitchen Sink Bathroom Wash Basin (6-Layer Filtration),Home&Kitchen|Kitchen&HomeAppliances|WaterPurifiers&Accessories|WaterPurifierAccessories,193,399,52%,3.6,37,PVA non-woven + zeolite + maifan stone + calcium sulfite + natural coconut shell activated carbon + PVA non-woven Six layers of water filtration absolutely safeno secondary pollution non-toxic.|Compact handy Suitable for all kinds of round tapswith a fixing ring the water will not fall and will not leak.|Uniform size of the filter holes you don't have to worry about splashing it has the functions of filtering splash-proof and water-saving.|Removes heavy metals from chlorine and other impurities in the water improves the quality of the water makes the water sweeter and safer.|Used in home kitchen bathroom and any place you need.|Package Contain :- Pack of 1 Water Filter Faucet (Multi Colour).,https://m.media-amazon.com/images/I/41jJsvzPK0L._SY445_SX342_QL70_FMwebp_.jpg,https://www.amazon.in/AVNISH-Water-Filter-Layer-Filtration/dp/B0BHYLCL19/ref=sr_1_325?qid=1672923609&s=kitchen&sr=1-325
B0BPJBTB3F,Khaitan ORFin Fan heater for Home and kitchen-K0 2215,Home&Kitchen|HeatingCooling&AirQuality|RoomHeaters|FanHeaters,1299,2495,48%,2,2,Khaitan Orfin Fan heater for Home and kitchen|POWERFUL 2000 WATT|HEATING POSITION 1000 W-2000W|ADJUSTABLE THERMOSTAT TEMP.CONTROL|AUTOMATIC THERMAL CUTOUT FOR SAFETY|FRONT GRILL FOR SAFETY|TURBO FAN,https://m.media-amazon.com/images/W/WEBP_402378-T1/images/I/31B8Pd1SmLL._SX300_SY300_QL70_FMwebp_.jpg,https://www.amazon.in/Khaitan-ORFin-heater-Home-kitchen-K0/dp/B0BPJBTB3F/ref=sr_1_326?qid=1672923609&s=kitchen&sr=1-326
B08MXJYB2V,USHA RapidMix 500-Watt Copper Motor Mixer Grinder with 3 Jars and 5 Years Warranty(Sea Green/White),Home&Kitchen|Kitchen&HomeAppliances|SmallKitchenAppliances|MixerGrinders,2449,3390,28%,4,5206,500 W high Torque Copper motor|5 years warranty on motor and 2 years on Product|4 fin hardened stainless steel Techno Blade for fine grinding|Food grade Jars & Blades|20000 + high rpm for faster grinding|Easy to open PP flexi lids of jars|Jar Size: Wet Jar: 1.2 L Dry Jar 800 mL Chutney Jar: 400 mL,https://m.media-amazon.com/images/W/WEBP_402378-T2/images/I/41-76LhAc4S._SX300_SY300_QL70_FMwebp_.jpg,https://www.amazon.in/USHA-RapidMix-500-Watt-Copper-Grinder/dp/B08MXJYB2V/ref=sr_1_331?qid=1672923609&s=kitchen&sr=1-331
B081B1JL35,CSI INTERNATIONAL® Instant Water Geyser Water Heater Portable Water Heater Geyser Made of First Class ABS Plastic 3KW (Red),Home&Kitchen|HeatingCooling&AirQuality|WaterHeaters&Geysers|InstantWaterHeaters,1049,2499,58%,3.7,638,Instant water heater: Now comes with unbreakable First Class ABS (Acrylonitrile butadiene styrene) body and comes with water inlet and outlet Thread type. It is more convenient for usage and it will avoid water leakages. Our geyser is portable instant and compact less power consumption Up to 20% saves electricity compare to other storage geyser|Auto cut off feature: It is available when the user forget to switch off it will going to automatically cut it off. (Manual reset models are only going to Standby Mode Other Auto reset models are going to restart automatically after 10 minutes If this is not noticed the same process keeps repeating it will increase your electricity and geyser life time also decrease.|Compact size: It provides Non-stop (247) hot water from 10 seconds onwards just put it in the water tap and get hot water continuously it does not required additional plumbing. Ideal to use in Houses Beauty salons Hotels Schools bathroom Kitchen Wash area Hospitals Mansion and factories where there is an instant need of Warm/Hot water supply. (Strictly we are not recommended for drinking purpose)|Specifications: ABS (Acrylonitrile butadiene styrene) Shock proof and Heat resistant Copper Heating Element Tubular type(3Kw.)  Indicators Neon Green and Red light Thermostat Copper ISI marked 1.5 square mm 3Core cable ISI marked 1.15Mtrs 16Amp. Plug Pin-top ISI marked coming with Guaranty card and user manual with 2 No s Connecting nipple 1 No Royal union 1.5 m connecting hose and 2 No s Screw with wall sleeve and excellent packing|Easy to carry and safe to use: The instant water heater can be carried easily and the compact size to make things easier. It is safe to use.,https://m.media-amazon.com/images/I/41NJizePolL._SX300_SY300_QL70_FMwebp_.jpg,https://www.amazon.in/CSI-INTERNATIONAL%C2%AE-Instant-portable-Plastic/dp/B081B1JL35/ref=sr_1_332?qid=1672923609&s=kitchen&sr=1-332
B09VL9KFDB,Havells Gatik Neo 400mm Pedestal Fan (Aqua Blue),Home&Kitchen|HeatingCooling&AirQuality|Fans|TableFans,2399,4200,43%,3.8,397,Twin Colour design.Wattage: 60 watts.Voltage: 230 volts.Number of speeds: 3|Jerk free / Smooth Oscillation|Three speed control|Attractive colour combinations; 2 Years Warranty|Controller Type: Remote Control; Mounting Type: Floor Mount; Material Type: Plastic,https://m.media-amazon.com/images/I/31jWfV8N6+L._SY300_SX300_.jpg,https://www.amazon.in/Havells-Gatik-400mm-Pedestal-White/dp/B09VL9KFDB/ref=sr_1_333?qid=1672923609&s=kitchen&sr=1-333
B0B1MDZV9C,INALSA Upright Vacuum Cleaner 2-in-1Handheld & Stick for Home & Office Use800W- with 16KPA Strong Suction & HEPA Filtration|0.8L Dust Tank|Includes Multiple Accessories(Grey/Black),Home&Kitchen|Kitchen&HomeAppliances|VacuumCleaning&Ironing|Vacuums&FloorCare|Vacuums|HandheldVacuums,2286,4495,49%,3.9,326,2-in-1 Handheld & Stick Vacuum Cleaner: With this upright vacuum cleaner by Inalsa switch easily from an upright stick vacuum to a handheld vacuum at the touch of a button and tackle trodden-in dirt dust and debris on furniture soft furnishings stairs and car interiors.|Powerful Cyclonic Suction: Dura Clean Plus utilizes an ultra-high 800watt powerful motor with a suction up to 16KPa providing all-around protection in renewing all the corners of your home and car keeping neat. This vacuum cleaner can suck out as small as microns dust and particles hidden deeply in sofas and mattresses. Dirt just can't hide anymore !!|Improved HEPA Filter: INALSA hand vacuum cleaner features enhanced and improved HEPA filters which are capable of capturing 99.97% debris dander and dust. It further extends the lifetime of the appliance and effectively avoids clog of filters while ensuring suction in perfect condition. Exquisite workmanship with notable durability provides you unparalleled user experience.|Low Noise & Multipurpose Attachments: Bringing you a quieter cleaning experience. Dura Clean Plus comes with 3 attachments to meet all satisfactions. Crevice nozzle for reaching debris in tight corners & spaces with ease; Dusting round brush easily picks up hair or dirt on delicate surfaces; the hose pipe adds felxibility to access for hard-to-reach areas. The floor brush provides multiple floors and carpet cleaning.|CONVENIENT & USER-FRIENDLY: This portable vacuum cleaner is light in weight and is ergonomically designed which will help you escape from fatigue clean. With the press of a button empty your dirty container and the appliance is ready to go again in a jiffy !! You can use clean stairs kitchen office car or corners without bulky and tangled cords. 1 Year Warranty by the manufacturer from the date of purchase.,https://m.media-amazon.com/images/I/31RLcOp57gL._SX300_SY300_QL70_FMwebp_.jpg,https://www.amazon.in/Dura-Clean-Plus-Filtration-Accessories/dp/B0B1MDZV9C/ref=sr_1_334?qid=1672923609&s=kitchen&sr=1-334
B08TT63N58,ROYAL STEP - AMAZON'S BRAND - Portable Electric USB Juice Maker Juicer Bottle Blender Grinder Mixer4 Blades Rechargeable Bottle with (Multi color) (MULTI),Home&Kitchen|Kitchen&HomeAppliances|SmallKitchenAppliances|Juicers,499,2199,77%,3.1,3527,Portable & Convenient to Charge: This little body light weight design is easy for you carry it to schoolofficeparkscamping anywhere you want to. and it also convenient for charge by power bank laptop computer car or other usb devices.|Rechargeable&Portable - The USB juicer cup comes equipped with a built-in 2000mAh rechargeable battery that can be easily charged by power bank laptop computer mobile phones or other USB devices .|Easy and Safe Cleaning - It has have smart safety protection device magnetic sensing switch ultra safe to use and clean the juicer cup's body and bottom can be separated you can easy to clean it|Multi-function - With our juice blender mixing kinds of fruit and vegetablesyou can make natural tasty juicemilkshakesmoothie and other baby food.It's very portable and great for traveling outdoor.|Multi Functional : drink a protein shake smoothie or healthy drink everyday not only for making a protein shake smoothie juice and it works well for vegetable and other baby food.,https://m.media-amazon.com/images/W/WEBP_402378-T2/images/I/51ngprQwafL._SY300_SX300_QL70_FMwebp_.jpg,https://www.amazon.in/ROYAL-STEP-Portable-Electric-Rechargeable/dp/B08TT63N58/ref=sr_1_337?qid=1672923609&s=kitchen&sr=1-337
B08YK7BBD2,Nirdambhay Mini Bag Sealer 2 in 1 Heat Sealer and Cutter Handheld Sealing Machine Portable Bag Resealer Sealer for Plastic Bags Food Storage Snack Fresh Bag Sealer (Including 2 AA Battery),Home&Kitchen|Kitchen&HomeAppliances|SmallKitchenAppliances|VacuumSealers,429,999,57%,3,617,【Easy to Use】After installing the battery you need to press and hold the switch button for 3-5 seconds to heat up. Put the bag that needs to be sealed in the middle the thinner bag can be torn quickly the thicker should be drawn slowly and evenly.|【Portable】After use it is not necessary to disassemble the battery and the hook can be stuck at the sealing place and can be hung with other appliances. The perfect portable bag sealing machine suitable for kitchen camping travel etc.|【Dual use】This product is not only a sealing machine but also an opening machine the opening is very easy and convenient.Mini and portable bag cutter and sealerQuickly seals and cuts.|【Material】Using high-quality ABS material fine workmanship without burrs high temperature and low temperature resistance durable.|【Note】Do not press violently when sealing otherwise it will cause the metal contact piece to deform without heating. The bag to be sealed must be kept clean and free from water. oil and other stains,https://m.media-amazon.com/images/W/WEBP_402378-T2/images/I/21rLuqop7cL._SY300_SX300_QL70_FMwebp_.jpg,https://www.amazon.in/Nirdambhay-Handheld-Portable-Resealer-Including/dp/B08YK7BBD2/ref=sr_1_338?qid=1672923609&s=kitchen&sr=1-338
B07YQ5SN4H,Cello Non-Stick Aluminium Sandwich Gas Toaster(Black),Home&Kitchen|Kitchen&HomeAppliances|SmallKitchenAppliances|SandwichMakers,299,595,50%,4,314,Material - Pure Grade Aluminum Colour - Black|This cookware is made of High guage & pure grade Aluminum used for higher efficiency during cooking|Even distribution of heat helps in making your sandwiches crispier|This versatile cookware is compatible with Gas Stove.|100% Flame Proof with Elegant black finish body|The handle is made from heat resistant material that enables ease and convenience while cooking and carrying the cookware|Hard anodised construction provides a stable heat distribution during cooking and is fast in heating up.,https://m.media-amazon.com/images/W/WEBP_402378-T1/images/I/318oSoMwjsL._SX300_SY300_QL70_FMwebp_.jpg,https://www.amazon.in/Cello-Non-Stick-Aluminium-Sandwich-Toaster/dp/B07YQ5SN4H/ref=sr_1_339?qid=1672923609&s=kitchen&sr=1-339
B0B7FJNSZR,Proven® Copper + Mineral RO+UV+UF 10 to 12 Liter RO + UV + TDS ADJUSTER Water Purifier with Copper Charge Technology black & copper Best For Home and Office (Made In India),Home&Kitchen|Kitchen&HomeAppliances|WaterPurifiers&Accessories|WaterFilters&Purifiers,5395,19990,73%,4.4,535,Color: Black and Copper Capacity: 10-12 liters Power: 60 watts Input Water Temperature: 10˚ to 40˚C Operative Input voltage: 100 -300V ac; 50Hz Material tank type: Food grade engineered plastic; Can be used for TDS upto 1500 ppm. Please use a TDS meter to find out the correct TDS of your water source before buying a water purifier|Proven Copper+ Eco Mineral RO+UV+UF+TDS charges water with 99.8% pure copper in real time. While as per traditional practice water needs to be stored overnight.|Ultra Filtration imparts crystal clear clarity to your drinking water in addition to making is safe from viral & bacterial contaminations* UV+UF removes viruses; Patented Mineral Guard Technology to retain essential minerals in your water|1 year warranty*;10-12 Liter capacity; Booster Pump is required for the functioning of water purifier in case of inlet water pressure being less than 0.3kg/cm sq. Available through our service technician at an additional cost.|RO technology reduces TDS hardness and removes pesticides & heavy metals. Eliminates harmful bacteria viruses protozoa & cysts|1 year warranty for electrical parts except UV Lamp. Warranty starts from date of dispatch. Filters are consumables get blocked or choked because of water only. If water quality is good filters life will be more If water quality is bad (More turbidity or more TDS) Filters life will be less. so not covered in Warranty. Electrical part will be send through; Installation will be completed within 48 to 72 hrs.|Taste Adjuster (MTDS) controller enables adjustment of taste depending upon the source of water|12 stage filtrations12 liter storage High quality grey & Black color filters. With Active Copper Filter Series;ncludes â€“ RO Purifier Pre Filter Installation accessories user manual. Installation â€“ You need to pay Up-to Rs. 500/- to the technician for installation.,https://m.media-amazon.com/images/I/41EzVyKoA0L._SY445_SX342_QL70_FMwebp_.jpg,https://www.amazon.in/Proven%C2%AE-Copper-ADJUSTER-Purifier-Technology/dp/B0B7FJNSZR/ref=sr_1_340?qid=1672923609&s=kitchen&sr=1-340
B01N6IJG0F,Morphy Richards Daisy 1000W Dry Iron with American Heritage Non-Stick Coated Soleplate White,Home&Kitchen|Kitchen&HomeAppliances|VacuumCleaning&Ironing|IronsSteamers&Accessories|Irons|DryIrons,559,1010,45%,4.1,17325,Aesthetically crafted plastic body|Temperature control for more convenience|Comes with a swivel cord that makes movement easy|American heritage non stick coated sole plate|Comes with a neon indicator|Unique floral design with Wooden Pattern Handle|Warranty: 2 years on product,https://m.media-amazon.com/images/W/WEBP_402378-T1/images/I/31+mSNSzKXL._SY300_SX300_.jpg,https://www.amazon.in/Morphy-Richards-Daisy-1000-Watt-White/dp/B01N6IJG0F/ref=sr_1_341?qid=1672923609&s=kitchen&sr=1-341
B0B84QN4CN,Wipro Vesta 1200 Watt GD201 Lightweight Automatic Dry Iron| Quick Heat Up| Stylish & Sleek |Anti bacterial German Weilburger Double Coated Soleplate |2 Years Warranty,Home&Kitchen|Kitchen&HomeAppliances|VacuumCleaning&Ironing|IronsSteamers&Accessories|Irons|DryIrons,660,1100,40%,3.6,91,Wipro Vesta 1200 Watt Light Weight Automatic Dry Iron With German Anti Bacterial Soleplate Coating,https://m.media-amazon.com/images/I/314V87LweLL._SX300_SY300_QL70_FMwebp_.jpg,https://www.amazon.in/Lightweight-Automatic-bacterial-Weilburger-Soleplate/dp/B0B84QN4CN/ref=sr_1_342?qid=1672923609&s=kitchen&sr=1-342
B0B8ZM9RVV,Zuvexa Egg Boiler Poacher Automatic Off Steaming Cooking Boiling Double Layer 14 Egg Boiler (Multicolor)…,Home&Kitchen|Kitchen&HomeAppliances|SmallKitchenAppliances|EggBoilers,419,999,58%,4.4,227,egg boiler have Compatible design with new appearance makes for a great gift for your family and friends|Special Feature: Anti Dry Safety Protection || Less Noise || Stainless Steel And Anti Scald Design || 14 Eggs Capacity Removable Tray White,https://m.media-amazon.com/images/W/WEBP_402378-T1/images/I/31RZz5dsEVL._SX300_SY300_QL70_FMwebp_.jpg,https://www.amazon.in/Zuvexa-Poacher-Automatic-Steaming-Multicolor/dp/B0B8ZM9RVV/ref=sr_1_340?qid=1672923610&s=kitchen&sr=1-340
B01892MIPA,AO Smith HSE-VAS-X-015 Storage 15 Litre Vertical Water Heater (Geyser) White 4 Star,Home&Kitchen|HeatingCooling&AirQuality|WaterHeaters&Geysers|StorageWaterHeaters,7349,10900,33%,4.2,11957,Type: Storage ; Capacity: 15 Litres; Wattage: 2000 Watts; Pressure: 8 Bars ; BEE Rating: 4 Star;|Inner Tank Material: Blue Diamond Glass Lined Tank- 2X Corrosion Resistance; Outer Body Material: Metal|Product Dimensions: 44.1 cms X 33.8 cms X 33.8 cms|Warranty: 7 years on inner tank 2+1* years extended warranty on glass coated heating element and 2 years comprehensive|Included in the box: 1 Vertical Storage Water Heater User Manual  Mounting Screws|Blue Diamond Glass-Lined Tank for 2X corrosion resistance|Glass-Coated Heating Element to prevent scale formation and extend the life of heating element,https://m.media-amazon.com/images/I/316y4IIKD6L._SX300_SY300_QL70_FMwebp_.jpg,https://www.amazon.in/AO-Smith-HSE-VAS-15-Litre-Storage/dp/B01892MIPA/ref=sr_1_341?qid=1672923610&s=kitchen&sr=1-341
B08ZHYNTM1,Havells Festiva 1200mm Dust Resistant Ceiling Fan (Gold Mist),Home&Kitchen|HeatingCooling&AirQuality|Fans|CeilingFans,2899,4005,28%,4.3,7140,Design and finish exotic rich looks with modern styling|Aerodynamically Blade Shape|Speed: 400 RPM; Air Delivery: 230 CMM|Wider tip blade; 2 years comprehensive warranty|Material Type: Aluminium; Mounting Type: Downrod Mount,https://m.media-amazon.com/images/I/21954ou6hSL._SX300_SY300_QL70_FMwebp_.jpg,https://www.amazon.in/Havells-Festiva-1200mm-Resistant-Ceiling/dp/B08ZHYNTM1/ref=sr_1_342?qid=1672923610&s=kitchen&sr=1-342
B09SDDQQKP,INALSA Vaccum Cleaner Handheld 800W High Powerful Motor- Dura Clean with HEPA Filtration & Strong Powerful 16KPA Suction| Lightweight Compact & Durable Body|Includes Multiple Accessories(Grey/Black),Home&Kitchen|Kitchen&HomeAppliances|VacuumCleaning&Ironing|Vacuums&FloorCare|Vacuums|HandheldVacuums,1799,3295,45%,3.8,687,POWERFUL CYCLONIC SUCTION: Dura Clean utilizes an ultra-high 800watt powerful motor with a suction up to 16KPa providing all-around protection in renewing all the corners of your home and car keeping neat. Handheld vacuum can also suck out as small as microns dust and particles hidden deeply in sofas and mattresses. Dirt just can't hide anymore !!|IMPROVED HEPA FILTER: INALSA hand vacuum cleaner features enhanced and improved HEPA filters which are capable of capturing 99.97% debris dander and dust. It further extends the lifetime of the appliance and effectively avoids clog of filters while ensuring suction in perfect condition. Exquisite workmanship with notable durability provides you unparalleled user experience.|LOW NOISE & MULTIPURPOSE ATTACHMENTS: Bringing you a quieter cleaning experience. Hand vacuum comes with 3 attachments to meets all satisfactions. Crevice nozzle for reaching debris in tight corners & spaces with ease; Dusting round brush easily picks up hair or dirt on delicate surfaces; the hose pipe adds felxibility to access for hard-to-reach areas.|CONVENIENT & USER-FRIENDLY: This portable hand-held vacuum cleaner is light in weight and is ergonomically designed which will help you escape from fatigue clean. On the press of a button empty your dirty container and the appliance is ready to go again in a jiffy !! You can use cleaner stairs kitchen office car or corners without bulky and tangled cords.|1 Year Warranty by the manufacturer from the date of purchase.,https://m.media-amazon.com/images/W/WEBP_402378-T1/images/I/41MrcJcvi3L._SX300_SY300_QL70_FMwebp_.jpg,https://www.amazon.in/Handheld-Powerful-Filtration-Lightweight-Accessories/dp/B09SDDQQKP/ref=sr_1_343?qid=1672923610&s=kitchen&sr=1-343
B0B5RP43VN,iBELL SM1515NEW Sandwich Maker with Floating Hinges 1000Watt Panini / Grill / Toast (Black),Home&Kitchen|Kitchen&HomeAppliances|SmallKitchenAppliances|SandwichMakers,1474,4650,68%,4.1,1045,Sandwich / Panini Maker with Thermostatically Controlled Heating Element. Adjustable hinges which adjusts to any size of toast or snack.|Sandwich / Panini Maker with Thermostatically Controlled Heating Element. Adjustable hinges which adjusts to any size of toast or snack.|Red indicator – Power on and ready; Green Indicator turns off automatically once grilling plates are heated.|Grip handle Elegant black finish body Fixed Sandwich Plates.|Shock Proof Body | Wattage: 1000W | Power cord length: 80cm.|Warranty: 1 Year Standard Warranty + 1 Year Additional Warranty on FREE Registration,https://m.media-amazon.com/images/I/51SvK5l5JRL._SX300_SY300_QL70_FMwebp_.jpg,https://www.amazon.in/SM1515NEW-Sandwich-Floating-Hinges-1000Watt/dp/B0B5RP43VN/ref=sr_1_345?qid=1672923610&s=kitchen&sr=1-345
B096NTB9XT,Aquaguard Aura RO+UV+UF+Taste Adjuster(MTDS) with Active Copper & Zinc 7L water purifier8 stages of purificationsuitable for borewelltankermunicipal water(Black) from Eureka Forbes,Home&Kitchen|Kitchen&HomeAppliances|WaterPurifiers&Accessories|WaterFilters&Purifiers,15999,24500,35%,4,11206,Patented Active Copper Technology provides goodness of copper in water|Patented Mineral Guard Technology: Helps to retain all essential natural minerals such as Calcium & Magnesium which provides perfect blend of safe and healthy water.;UV-C technology ensures that every drop of water is as healthy & safe as water boiled for 20 minutes.; Ultra Filtration imparts crystal clear clarity to your drinking water in addition to making is safe from viral & bacterial contaminations* UV+UF removes viruses.;Taste Adjuster (MTDS) controller enables adjustment of taste depending upon the source of water.|Felxible installation: The purifier can be easily wall mounted or kept on the counter top.;Convenient Features: a) High Storage Capacity b) LED indication alerts when tank is full when service is due & when cartridges need replacement c) Transparent tank allows you to check water levels easily d) Purified stored water can be dispensed even without electricity.|8 Stages of Purification Technology with 7 litres large tank capacity Stages: 1) I-Filter 2) Chemi Block 3) Patented Mineral Guard 4) Taste Adjuster (MTDS) 5) RO Membrane 6) UV-C Purification 7) Ultra Filtration 8) Active Copper Technology.;Patented Active Copper Technology: With the goodness of copper that instantly infuses copper ions along with other essential minerals into the water. Copper has antimicrobial antioxidant and anti-inflammatory properties that help to support healthy metabolism . It also helps to provide the body with energy and is much needed for growth and development.|1 Year Warranty RO Membrane*:Reduced opertional cost with long life RO Membrane. Get it cleaned/replaced free of charge.* 1 year or 6000L whichever is earlier as per standard test conditions mentioned in the user manual.;Water Saving: This Aquaguard water purifier saves Upto 60% water-Ordinary RO+UV water purifiers end up wasting 50-75% water.Aquaguard water purifiers with superior RO+UV+MTDS technology purify water and regulate its taste to save up to 60%* water.|Included Components: Plumbing Kit Accessories Product Power Supply Adapter & Bracket For Adapter; Purification Method: Ultravioletreverse Osmosis; Warranty Description: 1 Year Manufacturer Warranty From The Date Of Purchase 1 Year Warranty On Ro Membranethe Compan,https://m.media-amazon.com/images/I/31TnmukIucL._SX300_SY300_QL70_FMwebp_.jpg,https://www.amazon.in/Eureka-Forbes-Aquaguard-boiling-Technology/dp/B096NTB9XT/ref=sr_1_346?qid=1672923610&s=kitchen&sr=1-346
B078JF6X9B,Havells Instanio 3-Litre 4.5KW Instant Water Heater (Geyser) White Blue,Home&Kitchen|HeatingCooling&AirQuality|WaterHeaters&Geysers|InstantWaterHeaters,3645,6070,40%,4.2,561,LED Indicator: Colour-changing LEDs that change from blue to amber to indicate the hotness of the water|Outer Body: Rust and shock proof ABS outer body for long life|Inner Tank: Stainless steel inner tank of 304 grade|Power Cord: Fire retardant power cord for maximum safety|.65 MPa Bar Pressure: Suitable for high rise buildings and pressure pump applications|ISI Marked and ISI certification|Capacity: 3 liters,https://m.media-amazon.com/images/W/WEBP_402378-T2/images/I/31991seDfcL._SY300_SX300_QL70_FMwebp_.jpg,https://www.amazon.in/Havells-Instanio-3-Litre-Instant-Geyser/dp/B078JF6X9B/ref=sr_1_347?qid=1672923610&s=kitchen&sr=1-347
B08CGW4GYR,Milk Frother Immersion Blender Cordlesss Foam Maker USB Rechargeable Small Mixer Handheld with 2 Stainless Whisks，Wisker for Stirring 3-Speed Adjustable Mini Frother for Cappuccino Latte Coffee Egg,Home&Kitchen|Kitchen&HomeAppliances|SmallKitchenAppliances|HandBlenders,375,999,62%,3.6,1988,Fast To Get Creamy Froth With Great Power: The immersion blender Equipped with an innovative super premium motor the must-have handheld foam maker gives long-lasting and reliable performance. The high speed upgraded motor boasts enough power to create foamed milk within 20 seconds. It is a perfect foam maker for coffee latte cappuccino matcha hot chocolate and any other frothed milk|Multiple Whisking Speeds: Blender Cordless owns 3 Speed allow you to choose the proper whisking speed to froth milk coffee latte cappuccino chocolate milk tea Low speed operates at 4000 rpm. You can mix nutritional supplements protein shakes and baby formula with no lumps. Medium speed operates at 8000 rpm. You can mix egg milk coffee or tea. High speed operates at 13000 rpm. You can create creamy froth for coffee Latte cappuccino hot chocolate|USB Rechargeable: The ectric whisk coffee blender can hold a strong charge for several times a day. You can charge it anywhere and anytime with your power bank phone charger computer etc. Perfect for using in home office camping or travel|This handheld small mixer has 2 Stainless steel whiskscan use as coffee frother egg beater  handheld blender mini mixer egg makermixing protein shakes milk coffee hot chocolate and others.|Easy To Install & Use: There is a shaft inside the port and you need to target it well and keep the handheld blender straight when inserting it. Don't need to insert too much The spring can easily bend or stretch. One hand hold the whisk head and one hand hold the main body then use moderate force to pull it out horizontally. This battery powered whisk head is made of sturdy food-approved stainless steel for extended service life.,https://m.media-amazon.com/images/W/WEBP_402378-T1/images/I/41875hbgKyL._SY300_SX300_QL70_FMwebp_.jpg,https://www.amazon.in/Rechargeable-whisks%EF%BC%8C3-Speed-Adjustable-Cappuccino-Bulletproof/dp/B08CGW4GYR/ref=sr_1_348?qid=1672923610&s=kitchen&sr=1-348
B00A328ENA,Panasonic SR-WA22H (E) Automatic Rice Cooker Apple Green 2.2 Liters,Home&Kitchen|Kitchen&HomeAppliances|SmallKitchenAppliances|Rice&PastaCookers,2976,3945,25%,4.2,3740,Total Volume: 2.2 Ltr/Cooks Up To 1.25 Kg Raw Rice|Anodized aluminium pan comes with cooking plate|5 hours keep warm function|Warranty: 2 years on product and 5 years on heater|Power: 750 watts; Operating voltage: 220-240 volts|BIS Govt Approved|Total Volume: 2.2 Ltr/Cooks Up To 1.25 Kg Raw Rice;Anodized aluminium pan comes with cooking plate,https://m.media-amazon.com/images/W/WEBP_402378-T2/images/I/419H62Is66L._SX300_SY300_QL70_FMwebp_.jpg,https://www.amazon.in/Panasonic-SR-WA22H-5-4-Litre-Automatic-Cooker/dp/B00A328ENA/ref=sr_1_349?qid=1672923610&s=kitchen&sr=1-349
B0763K5HLQ,InstaCuppa Milk Frother for Coffee - Handheld Battery-Operated Electric Milk and Coffee Frother Stainless Steel Whisk and Stand Portable Foam Maker for Coffee Cappuccino Lattes and Egg Beaters,Home&Kitchen|Kitchen&HomeAppliances|CoffeeTea&Espresso|MilkFrothers,1099,1499,27%,4.1,4401,BATTERY OPERATED FOR PERFECT FROTH IN NO TIMEÃ‚ - the mixer is battery powered so you don't have to worry about cords and finding sockets.|BECOME A BARISTA OVERNIGHT -Ã‚ with our froth wand you can make cafe style coffee at home instantly. Impress your friends and family with your new magic wand!|GET CREAMY FROTH QUICKLY -Ã‚ our milk frother will start creating creamy froth for your morning coffee within 15 - 20 seconds.|BEAUTIFULLY STYLED WITH VERSATILITYÃ‚ - our coffee beater comes with an elegant stainless steel stand to fit into any modern kitchen.,https://m.media-amazon.com/images/I/41Lfns2oFNL._SX300_SY300_QL70_FMwebp_.jpg,https://www.amazon.in/InstaCuppa-Handheld-Operated-Electric-Stainless/dp/B0763K5HLQ/ref=sr_1_350?qid=1672923610&s=kitchen&sr=1-350
B09PDZNSBG,Goodscity Garment Steamer for Clothes Steam Iron Press - Vertical & Horizontal Steaming up to 22g/min 1200 Watt 230 ml Water tank & 30 sec Fast Heating (GC 111),Home&Kitchen|Kitchen&HomeAppliances|VacuumCleaning&Ironing|IronsSteamers&Accessories|Irons|SteamIrons,2575,6700,62%,4.2,611,Lightweight & Portable: Dimensions: 223 x 158 x 120 mm. You can steam your clothes and fabrics vertically or horizontally without the weight of the water tank holding you back. This steamer is travel friendly and can easily fit it into your suitcase.|Detachable Water Tank: The steamer comes with an easy-to-detach water tank with the capacity of 230 ml which allows it to run for at least 10 minutes!|One Button Function: You just need to hold on to one button while steaming and as soon as you let go the vapour immediately stops which allows you to save on water. The blue light at the back indicates that the steamer is ready to use!|Measuring Cup: We provide you with a measuring up to immediately measure the water intake required for your steamer.|Box Contents: Handheld Garment Steamer | Measuring Cup | Detachable Water Tank | Instruction Manual | Warranty Card.|Assistance and Warranty: 1 year Goodscity India offsite service warranty on manufacturing defects ensures on time customer support. Reach out to us on our website for any queries: www.goodscity.in OR via email: help@goodscity.in OR call us on +91 890 890 1290,https://m.media-amazon.com/images/W/WEBP_402378-T1/images/I/21df9THeM-L._SX300_SY300_QL70_FMwebp_.jpg,https://www.amazon.in/Goodscity-Garment-Steamer-Clothes-Steam/dp/B09PDZNSBG/ref=sr_1_351?qid=1672923610&s=kitchen&sr=1-351
B085LPT5F4,Solidaire 550-Watt Mixer Grinder with 3 Jars (Black) (SLD-550-B),Home&Kitchen|Kitchen&HomeAppliances|SmallKitchenAppliances|MixerGrinders,1649,2800,41%,3.9,2162,DRY GRINDING BLADE - This stainless steel blade is specially designed for dry grinding like roasted coffee red chilies (with flat lid on) pepper raw rice coriander etc|PACKAGE CONTENTS - A Base Unit. Liquidiser Jar with polycarbonate dome. Grinder Jar with plastic cover. Chutney Attachment with a plastic cap. Set of 3 Blades. Spatula. Instruction Manual|WARRANTY - 12 months warranty from the date of purchase against any manufacturing effects. Warranty covers only motor,https://m.media-amazon.com/images/I/41SWYTwG5-L._SX300_SY300_QL70_FMwebp_.jpg,https://www.amazon.in/Solidaire-550-Watt-Mixer-Grinder-SLD-550-B/dp/B085LPT5F4/ref=sr_1_356?qid=1672923610&s=kitchen&sr=1-356
B0B9RZ4G4W,Amazon Basics 300 W Hand Blender with Stainless Steel Stem for Hot/Cold Blending and In-Built Cord Hook ISI-Marked Black,Home&Kitchen|Kitchen&HomeAppliances|SmallKitchenAppliances|HandBlenders,799,1699,53%,4,97,Strong sturdy blender with a 300 W powerful and efficient motor that can be used across a range of cooking needs.|Has food-safe rust-resistant stainless steel blending blades. The ergonomic slim design makes it very easy to hold and use.|With a silent motor this blender is extremely comfortable to use. It makes almost no sound and works efficiently in silence.|Stainless steel stem allows you to use it even with hot food without damaging the stem.|Penta-flow breakers ensures even and consistent blends.|100% copper motor with double bush ensures durable functioning.|Easy click-fit locking system makes using the product very convenient. Also comes with an in-built hook in the cord for easy storage.,https://m.media-amazon.com/images/I/31YvxM2eDDL._SX300_SY300_QL70_FMwebp_.jpg,https://www.amazon.in/Amazon-Blender-Stainless-Blending-ISI-Marked/dp/B0B9RZ4G4W/ref=sr_1_357?qid=1672923610&s=kitchen&sr=1-357
B0085W2MUQ,Orpat HHB-100E 250-Watt Hand Blender (White),Home&Kitchen|Kitchen&HomeAppliances|SmallKitchenAppliances|HandBlenders,765,970,21%,4.2,6055,Unique comfort grip|Sleek and strong and motor with 18000 RPM|Easy to store and wash with smooth and safe switch|Elegant design and wall mountable|Long power cord with unbreakable poly carbonate bowl|Multi-purpose fixed stainless steel blade|Warranty: 1 year on product,https://m.media-amazon.com/images/W/WEBP_402378-T1/images/I/31l0oxTSJuL._SX300_SY300_QL70_FMwebp_.jpg,https://www.amazon.in/Orpat-HHB-100E-250-Watt-Blender-White/dp/B0085W2MUQ/ref=sr_1_358?qid=1672923610&s=kitchen&sr=1-358
B09474JWN6,HealthSense Rechargeable Lint Remover for Clothes | Fuzz and Fur Remover | Electric Fabric Shaver Trimmer for Clothes Carpet Sofa Sweaters Curtains | One-Year Warranty Included - New-Feel LR350,Home&Kitchen|Kitchen&HomeAppliances|VacuumCleaning&Ironing|IronsSteamers&Accessories|LintShavers,999,1500,33%,4.2,386,RECHARGEABLE CORDLESS: Long lasting multiple USB rechargeable battery gives usage of 60 min with 6-hour charging. Being small handy makes it perfect handheld for at-home daily usage & while on travel|SWIFT & ERGONOMIC: Built with premium ABS material SS mesh cover & razor-sharp blades. Advanced technology & powerful suction motor shaves off any cloth lint-free|SUPERIOR RELIABILITY: 3 stainless steel floating blades removes lint pills bubbles & fuzz of all sizes! Large storage bin eases usage|MADE FOR INDIA: HealthSense is a registered Indian Brand aiming to bring quality innovative products. This product is idealised & conceptualised for Indians & manufactured by exclusive overseas partners|SERVICE & WARRANTY: 1 year Healthsense offsite service warranty on manufacturing defects ensures on time customer support,https://m.media-amazon.com/images/W/WEBP_402378-T1/images/I/41lGZWRZqOS._SX300_SY300_QL70_FMwebp_.jpg,https://www.amazon.in/HealthSense-New-Feel-Rechargeable-Electric-Sweaters/dp/B09474JWN6/ref=sr_1_361?qid=1672923610&s=kitchen&sr=1-361
B09G2VTHQM,AGARO Classic Portable Yogurt Maker 1.2L Capacity Electric Automatic Grey and White Medium (33603),Home&Kitchen|Kitchen&HomeAppliances|SmallKitchenAppliances|YogurtMakers,587,1295,55%,4.1,557,1.2 Litres Capacity|Double Deck Seal|Stainless Steel Bowl|Fully Automatic|1 Year Warranty|Product Dimensions: 16.5 x 16.5 x 11 Centimeters Item Weight: 800 Grams,https://m.media-amazon.com/images/W/WEBP_402378-T1/images/I/310umqMFDRL._SX300_SY300_QL70_FMwebp_.jpg,https://www.amazon.in/AGARO-Portable-Capacity-Automatic-33603/dp/B09G2VTHQM/ref=sr_1_362?qid=1672923610&s=kitchen&sr=1-362
B07R679HTT,AGARO Imperial 240-Watt Slow Juicer with Cold Press Technology,Home&Kitchen|Kitchen&HomeAppliances|SmallKitchenAppliances|Juicers|ColdPressJuicers,12609,23999,47%,4.4,2288,Cold press process for maximum juice extraction and nutrients retention;Easy to assemble operate and clean|Large 74mm Feeding Tube I Can process whole fruits like orange & apple;Screw Shaped Pulverizing auger to squeeze last drop of juice|100% BPA free Plastic;Dense juice with practically no air bubbles|Can be used to extract juices prepare smoothies and sorbet;1 year warranty on Electrical parts and 5 years on motor; Blade Material Type: Stainless Steel|Suitable for gifting on Diwali and other special occasions.,https://m.media-amazon.com/images/W/WEBP_402378-T1/images/I/41e5RU3gPHL._SX300_SY300_QL70_FMwebp_.jpg,https://www.amazon.in/AGARO-Imperial-Slow-Juicer-Watts/dp/B07R679HTT/ref=sr_1_363?qid=1672923610&s=kitchen&sr=1-363
B00B7GKXMG,Wipro Smartlife Super Deluxe Dry Iron- 1000W,Home&Kitchen|Kitchen&HomeAppliances|VacuumCleaning&Ironing|IronsSteamers&Accessories|Irons|DryIrons,699,850,18%,4.1,1106,Scratch resistant sole plate;Adjustable thermostat controls|teflon non-stick coating;Easy Glide: Reaches into hard to reach areas|Smoothest coating duPont;Smoothest coating dunpont teflon non-stick coating; Auto off pilot light;Warranty: 2 years on product|Power: 1000 watts;Includes: Electric iron Instruction manual and Warranty card|Material Type: Aluminium,https://m.media-amazon.com/images/I/319pDZDL+sL._SY300_SX300_.jpg,https://www.amazon.in/Wipro-Smartlife-Super-Deluxe-Iron/dp/B00B7GKXMG/ref=sr_1_364?qid=1672923610&s=kitchen&sr=1-364
B07H3N8RJH,AmazonBasics Cylinder Bagless Vacuum Cleaner with Power Suction Low Sound High Energy Efficiency and 2 Years Warranty (1.5L Black),Home&Kitchen|Kitchen&HomeAppliances|VacuumCleaning&Ironing|Vacuums&FloorCare|Vacuums|CanisterVacuums,3799,6000,37%,4.2,11935,Bagless 700 Watt Cyclonic Cylinder Vacuum Cleaner; AAA performance in terms of energy efficiency and cleaning performance; 25 kWh consumption per year|Triple action nozzle for thorough absorption of coarse and fine dirt; (easy-to-use sliding button to regulate the suction power)|Reusable dust cup means no need to purchase disposable paper dust bags.|Cyclonic technology provides intense suction power that effectively draws in air dirt dust pet hair and other debris|The washable HEPA-12 filter captures more than 99.5 percent of all particles for a cleaner air release|1.5 l capacity small compact and lightweight easy to carry thanks to integrated handle 5 m cable length 1.5 m adjustable hose|Exceptionally quiet (78 decibels) cord storage Accessories include crevice nozzle upholstery nozzle dust brush parquet brush and accessory holder|2 Years Limited Warranty in case of manufacturing defects Actual product may differ slightly in appearance to illustrations/picture provided,https://m.media-amazon.com/images/I/41bdE73aspL._SX300_SY300_QL70_FMwebp_.jpg,https://www.amazon.in/AmazonBasics-VCS35B15K-C-1-5-Litre-Bagless-Cylinder/dp/B07H3N8RJH/ref=sr_1_365?qid=1672923610&s=kitchen&sr=1-365
B07K2HVKLL,Crompton IHL 251 1500-Watt Immersion Water Heater with Copper Heating Element and IP 68 Protection,Home&Kitchen|HeatingCooling&AirQuality|WaterHeaters&Geysers|ImmersionRods,640,1020,37%,4.1,5059,PACKAGE CONTENTS: 1 unit of Crompton Immersion Water Heater Instructions Manual and Warranty Card,https://m.media-amazon.com/images/W/WEBP_402378-T2/images/I/31pzC6I+bEL._SY300_SX300_.jpg,https://www.amazon.in/Crompton-IHL251-1500-Watt-Immersion-Heater/dp/B07K2HVKLL/ref=sr_1_366?qid=1672923610&s=kitchen&sr=1-366
B09MQ9PDHR,SaiEllin Room Heater For Home 2000 Watts Room Heater For Bedroom | ISI Approved With 1 Year Warranty | For 250 Sq. Feet Blower Heater & Room Heaters Home For Winters,Home&Kitchen|HeatingCooling&AirQuality|RoomHeaters|FanHeaters,979,1999,51%,3.9,157,Room Heater For Home is Meant for Spot Heating Room Size: Upto 250 sq ft. 100% Pure Copper Wire Motor for long life|Heater for Home Ideal to be used a s Room Heater for Bedroom small / medium room only i.e. up to 250 sq. ft. when operated at 2000 watt heat setting. Makes some noise due to fan. Body Material: Plastic Metal|Our Blower Hitter comes with a powerful 2400 RPM copper winded motor for quick heating and can be used vertically or horizontally (kindly refer to images);Do not worry if you experience some burning smell when you run your room heater for the 1st time. This is due to the motor varnish getting heated for the 1st time. The problem should not recur in subsequent usage. If it does please contact our Customer support|Room Heaters Home for Winters gives Cool Warm or Hot wind selection knob for heat setting; Please note that regulator changes heating power & not actual fan speed;Lightweight (1.15 kg) for easy portability between rooms; Plastic body with rust-free metal grill front,https://m.media-amazon.com/images/I/41VYlxCZqLL._SX300_SY300_QL70_FMwebp_.jpg,https://www.amazon.in/SaiEllin-Heater-Portable-Bedroom-Compact/dp/B09MQ9PDHR/ref=sr_1_364?qid=1672923611&s=kitchen&sr=1-364
B014HDJ7ZE,Bajaj Majesty Duetto Gas 6 Ltr Vertical Water Heater ( LPG) White,Home&Kitchen|HeatingCooling&AirQuality|WaterHeaters&Geysers|InstantWaterHeaters,5365,7445,28%,3.9,3584,Dimensions: 35.56 Cms X 19 Cms X 55 Cms,https://m.media-amazon.com/images/I/31MEXd6TAoL._SX300_SY300_QL70_FMwebp_.jpg,https://www.amazon.in/Bajaj-Majesty-Duetto-LPG-6-Litre/dp/B014HDJ7ZE/ref=sr_1_365?qid=1672923611&s=kitchen&sr=1-365
B07D2NMTTV,Black + Decker BD BXIR2201IN 2200-Watt Cord & Cordless Steam Iron (Green),Home&Kitchen|Kitchen&HomeAppliances|VacuumCleaning&Ironing|IronsSteamers&Accessories|Irons|SteamIrons,3199,3500,9%,4.2,1899,Cord and cordless convenience for easy and hassle free movement;Ceramic coated sole plate - even heat distribution and best for all types of clothes|30 g/min continuous steam output and 100g/min steam boost;Visible water droplets in the water tank means the iron was tested in factory and passed the quality test|Anti-drip feature to avoid any water dripping from the soleplate in case the steam level is not reached;350 ml water storage tank  Cord length :1 m|Vertical steam : Ideal for all fabrics and saves time;Steam burst function and spray function; Self clean feature to clean the scales built up;Warranty: 2 Years Warranty|Care Instructions: Handle With Care,https://m.media-amazon.com/images/I/41ady4ISpWL._SX300_SY300_QL70_FMwebp_.jpg,https://www.amazon.in/Black-Decker-BXIR2201IN-2200-Watt-Cordless/dp/B07D2NMTTV/ref=sr_1_366?qid=1672923611&s=kitchen&sr=1-366
B075K76YW1,Inalsa Hand Blender| Hand Mixer|Beater - Easy Mix Powerful 250 Watt Motor | Variable 7 Speed Control | 1 Year Warranty | (White/Red),Home&Kitchen|Kitchen&HomeAppliances|SmallKitchenAppliances|HandMixers,979,1395,30%,4.2,15252,Half the mixing effort: Easy Mix has a powerful motor that provides powerful processing & at the same time is energy saving. Save time & money with this appliance. It performs all your blending whisking & kneading tasks fast & efficiently. Body Material : ABS|Cord Plug / Length : 2 Pins 1.0 m  Control the power you need: With 7-Speed control settings you get control your food preparation. Mix ingredients for a variety of recipes from slowly stirring in chunky ingredients like nuts or chocolate chips at speed one to whipping egg whites or heavy cream at speed seven|Attachments for all your cooking tasks:Beat Mix Whisk Blend Mash with Quality stainless-steel attachments.2 Detachable Beaters & Whisker/Dough Hooks that will take care of your meal preparation. Now making doughs& batters is quite an easy task|Handy & Conveneint: In-Built Eject Knob Feature helps you to remove attachments without a hitchIts compact design & slim-grip makes our hand mixer machine easy to hold and manoeuvre in mixing bowl or large cup. Input Supply 220 - 230V AC|1 Year warranty: We sincerely provide with product warranty and genuine customer service. If you have any needs or questions we will be more than happy to assist you,https://m.media-amazon.com/images/W/WEBP_402378-T1/images/I/413XAuyrxWL._SX300_SY300_QL70_FMwebp_.jpg,https://www.amazon.in/Inalsa-Easy-Mix-200-Watt-Mixer/dp/B075K76YW1/ref=sr_1_367?qid=1672923611&s=kitchen&sr=1-367
B0BNLFQDG2,Longway Blaze 2 Rod Quartz Room Heater (White Gray 800 watts),Home&Kitchen|HeatingCooling&AirQuality|RoomHeaters|ElectricHeaters,929,2199,58%,3.7,4,Power Consumed: 800 W,https://m.media-amazon.com/images/W/WEBP_402378-T1/images/I/51y3Y6qZScL._SY300_SX300_QL70_FMwebp_.jpg,https://www.amazon.in/Longway-Blaze-Quartz-Heater-White/dp/B0BNLFQDG2/ref=sr_1_368?qid=1672923611&s=kitchen&sr=1-368
B082ZQ4479,Prestige PWG 07 Wet Grinder 2L (Multicolor) with Coconut Scraper and Atta Kneader Attachments 200 Watt,Home&Kitchen|Kitchen&HomeAppliances|SmallKitchenAppliances|Mills&Grinders|WetGrinders,3710,4330,14%,3.7,1662,2 Litres Capacity 5 Years Warranty on Motor|High Quality Grinding Stones Heavy Duty Motor|Compact Table Top Design Coconut Scraper Attachment|Atta Kneader Attachment.,https://m.media-amazon.com/images/I/41-iQHWCwHL._SX300_SY300_QL70_FMwebp_.jpg,https://www.amazon.in/Prestige-Wet-Grinder-PWG-07/dp/B082ZQ4479/ref=sr_1_369?qid=1672923611&s=kitchen&sr=1-369
B09Y358DZQ,Pigeon Zest Mixer Grinder 3 Speed Control 750 Watt Powerful Copper Motor with 3 Stainless Steel Jars for Dry Grinding Wet Grinding and Making Chutney and 3 Polycarbonate lids - Blue,Home&Kitchen|Kitchen&HomeAppliances|SmallKitchenAppliances|MixerGrinders,2033,4295,53%,3.4,422,[ Powerful & Efficient Motor ] : This Pigeon Mixer Grinder has powerful 750 Watt Copper Motor with 3 speed controls gives an exceptional performance and provides fine mixing and grinding of the ingredients at 3 different speed levels. The motor comes with an overload protector which protects it from sudden power surges.|[ Anti slip handles ] & [ Anti-skid feet ] : The Mixer Grinder jars handles are ergonomically designed for easy grip to ensure easy handling and to prevent slippage while handling the jar in mounting and dismounting the items from jars. Anti slip grips ensures that the machine remains stable where-ever it is placed while using.|[ SS Jars & lids with Food Grade Safety ] : Stainless Steel Jars of mixer grinder will keep the mixture inside the jar from spreading outside and also protects it from the external pollutants. It ensures the quality of your food is well maintained with food grade Stainless Steel Jars and Polycarbonate lids|[ Easy To Clean ] & [Reliability ] : Compact body Mixer Grinder with an ergonomic design allows for perfect usage as well as for easy cleaning. Anti-slip feet ensure not to slide the mixture on the base from the jars.|2 year Manufacurer Warranty,https://m.media-amazon.com/images/W/WEBP_402378-T1/images/I/31oK2IDhhLL._SX300_SY300_QL70_FMwebp_.jpg,https://www.amazon.in/Pigeon-Powerful-Stainless-Grinding-Polycarbonate/dp/B09Y358DZQ/ref=sr_1_370?qid=1672923611&s=kitchen&sr=1-370
B09M3F4HGB,Borosil Volcano 13 Fin Oil Filled Radiator Room Heater 2900 W Black,Home&Kitchen|HeatingCooling&AirQuality|RoomHeaters|ElectricHeaters,9495,18990,50%,4.2,79,QUICK HEATING OIL FILLED ROOM HEATER WITH WIDE COVERAGE - Equipped with 13 fins and 2900 W of power this oil filled room heater is just what you need for the winter season. The room heater efficiently heats up and the in-built fan helps to disseminate the heat to the room.|ADJUSTABLE TEMPERATURE CONTROL - The room heater is equipped with 3 heat settings and adjustable thermostat you can customize the temperature according your heating needs.|NOISELESS OPERATION - Enjoy the cosy warmth of your space in a serene environment. Silent operation makes it ideal for any room. Whether it is work entertainment or sleep it won't hinder the ambience in any way.|EASY STORAGE & ADVANCED SAFETY FEATURES - Carving out a comfortable room desk or other cosy spot for work focus and learning is more important than ever. Add this heater to your designated space for warmth; it optimises productivity.|SAVES ENERGY. Carving out a comfortable room desk or other cosy spot for work focus and learning is more important than ever. Add this heater to your designated space for warmth; it optimises productivity while also saving energy.,https://m.media-amazon.com/images/I/41qqrzjPySL._SX300_SY300_QL70_FMwebp_.jpg,https://www.amazon.in/Borosil-Volcano-Filled-Radiator-Heater/dp/B09M3F4HGB/ref=sr_1_371?qid=1672923611&s=kitchen&sr=1-371
B07VZH6ZBB,Crompton Solarium Qube 15-L 5 Star Rated Storage Water Heater (Geyser) with Free Installation and Connection Pipes (White and Black),Home&Kitchen|HeatingCooling&AirQuality|WaterHeaters&Geysers|StorageWaterHeaters,7799,12500,38%,4,5160,PRODUCT: Crompton's energy efficient storage water heater with corrosion resistant body|TECHNICAL SPECIFICATIONS: Wattage: 2000 W; Capacity: 15L; Star Rating 5; Pressure 8 bar|3 LEVEL SAFETY: Capillary Thermostat automatic thermal cut-out & multi-functional valve to provide higher safety|ANTI-RUST: Fitted with specially designed magnesium anode which prevents corrosion due to hard water quality Body- Plastic|QUALITY COMPONENTS: ISI marked nickel coated special element to provide resistance against scale formation,https://m.media-amazon.com/images/I/31kbrfC16XL._SX300_SY300_QL70_FMwebp_.jpg,https://www.amazon.in/Crompton-Solarium-Qube-Star-Rated-Storage/dp/B07VZH6ZBB/ref=sr_1_372?qid=1672923611&s=kitchen&sr=1-372
B07F366Z51,Singer Aroma 1.8 Liter Electric Kettle High Grade Stainless Steel with Cool and Touch Body and Cordless Base 1500 watts Auto Shut Off with Dry Boiling (Silver/Black),Home&Kitchen|Kitchen&HomeAppliances|SmallKitchenAppliances|Kettles&HotWaterDispensers|ElectricKettles,949,2385,60%,4.1,2311,Specifications: Power: 1500 watts Capacity: 1.8 liter Auto Shut Off with Dry Boiling Cordless Base: Yes Overheat Protection for Safety.|Durable and Hygienic: Made of food-grade stainless steel this is a durable and hygienic kettle to boil water in.|360° Cordless Base: The base of this electric kettle keeps it stable and secure in one place. Also it allows 360° movement so you can swivel the kettle around completely.|Dry Boiling Protection: This kettle features an essential safety measure that turns it off if there is no water inside it.|Warranty: 1 Year Manufacturing warranty from the date of purchase.,https://m.media-amazon.com/images/W/WEBP_402378-T2/images/I/41RI-hzCnvL._SY300_SX300_QL70_FMwebp_.jpg,https://www.amazon.in/Singer-Aroma-1-8-Litre-Electric-Kettle/dp/B07F366Z51/ref=sr_1_373?qid=1672923611&s=kitchen&sr=1-373
B077BTLQ67,Orient Electric Aura Neo Instant 3L Water Heater (Geyser) 5-level Safety Shield Stainless Steel Tank (White & Turquoise),Home&Kitchen|HeatingCooling&AirQuality|WaterHeaters&Geysers|InstantWaterHeaters,2790,4890,43%,3.9,588,LONGER TANK LIFESPAN: High-grade stainless steel tank and heavy copper heating element with a nickel coating that protects the instant geyser against corrosion;|SUITABLE FOR MID AND LOW-RISE BUILDINGS with 6.5 bar pressure rating;|NEON POWER & HEATING INDICATOR that indicates power & heating;|LONGER HEAT RETENTION enabled by Glass Wool Insulation;|ADVANCED SAFETY FEATURES include a pressure release valve anti-siphon hole and a high-strength polymer body that makes sure this 3L instant geyser is shockproof and water-proof;,https://m.media-amazon.com/images/W/WEBP_402378-T1/images/I/21vWJo4CXKL._SX300_SY300_QL70_FMwebp_.jpg,https://www.amazon.in/Orient-Electric-Aura-Neo-IWAN03WSM3/dp/B077BTLQ67/ref=sr_1_374?qid=1672923611&s=kitchen&sr=1-374
B07YSJ7FF1,Crompton Brio 1000-Watts Dry Iron with Weilburger Coating (Sky Blue and White),Home&Kitchen|Kitchen&HomeAppliances|VacuumCleaning&Ironing|IronsSteamers&Accessories|Irons|DryIrons,645,1100,41%,4,3271,PRODUCT: Crompton's dry iron with Weilburger Non Stick Coating;TECHNICAL SPECIFICATIONS: Wattage 1 W; Voltage 23V; Dimensions 262 X 11 X 128 (L X W X H) mm|SAFETY: Auto cut-off feature switchess off an unattended iron ensuring safety of garments;CONVENIENT AND EASY TO USE: 36⁰ swivel cord for easy cord movement and 6 pre-set fabric settings with variable temperature control|DESIGN: Ergonomic design for a better and stronger grip that allows the iron to easily glide over the clothes;PACKAGE CONTENTS: 1 Unit of Crompton Iron Instructions Manual and Warranty Card|WARRANTY: 2 years; Provided by Crompton from date of purchase.|Material Type: Plastic; Size Name: 1000 Watts,https://m.media-amazon.com/images/I/41Yb7bZL3nL._SX300_SY300_QL70_FMwebp_.jpg,https://www.amazon.in/Crompton-BRIO-1000-Years-Warranty/dp/B07YSJ7FF1/ref=sr_1_375?qid=1672923611&s=kitchen&sr=1-375
B07TXCY3YK,Butterfly Hero Mixer Grinder 500W 3 Jars (Grey),Home&Kitchen|Kitchen&HomeAppliances|SmallKitchenAppliances|MixerGrinders,2237.81,3899,43%,3.9,11004,Wattage: 500 W; Voltage: 220-240V 50-60Hz ; Revolution: 17000|No of Jars: 3; Jar Size: 0.40.751 in Ltr; Jar Material: Stainless Steel; Body Material: ABS body; Cord Material: 180 CM; Blade Material: Stainless Steel; Speed Control: 3 Speed Control|Do not worry if you experience some burning smell when you run your mixer grinder for the 1st time.This is due to the motor varnish getting heated for the 1st timeThe problem should not recur in subsequent uses. If it does please contact Brand Service Centre|Read Manual Before Use|High performance motor with motor overload protector; Aesthetically designed Locking System - No|Special rubber shoes for extra firm grip; Easy to handle and clean|Includes: 1 No. of Main Unit 3 Jars 1 No. of Spatula 1 No. of User Manual with Warranty Card,https://m.media-amazon.com/images/W/WEBP_402378-T1/images/I/41buv8eJQtL._SX300_SY300_QL70_FMwebp_.jpg,https://www.amazon.in/Butterfly-Hero-500-Mixer-Grinder/dp/B07TXCY3YK/ref=sr_1_379?qid=1672923611&s=kitchen&sr=1-379
B07TC9F7PN,Racold Eterno Pro 25L Vertical 5 Star Storage Water Heater (Geyser) with free Standard Installation and free Installation Pipes,Home&Kitchen|HeatingCooling&AirQuality|WaterHeaters&Geysers|StorageWaterHeaters,8699,16899,49%,4.2,3195,Titanium Plus Technology: Eterno Pro water heater has superior durability and withstanding capacity. It has a specially designed titanium steel tank with titanium enamel coating and heating element which helps to resist pressure and water impurities|Smart Bath Logic: Your water heater has a special function which can save up to 30% electricity with intelligent functions that give you an option to choose from like bucket bath shower bath etc|Smart Guard: Eterno pro water heater has a special anode which performs an electrolytic process which protects the heating element from corrosion thus greatly enhancing its life|Smart Mix: The special deflector causes slow mixing of cold and hot water in the tankkeeping the water hot for a longer duration and reducing the need for frequent restartsthis helps in saving up to 40% electricity and gives you up to 10% more hot water|Safety Plus: Three levels of safety against high temperature and pressure provided by a hightech adjustable thermostat cut-out and multi function safety valve according to international standards|High Pressure Resistance: Your water heater has high pressure withstanding capacity which makes it suitable for high-rise buildings and high pressure pump applications|Superbrand and BEE Awards: Racold is once again recognized as Superbrand in the Water Heating Category in 2021 and also the 10thtime BEE Award Winner as most energy efficient appliance in storage water heater in 2020,https://m.media-amazon.com/images/I/31Ex4oSr8RL._SX300_SY300_QL70_FMwebp_.jpg,https://www.amazon.in/Racold-Eterno-Pro-Vertical-Metallic/dp/B07TC9F7PN/ref=sr_1_380?qid=1672923611&s=kitchen&sr=1-380
B09NS5TKPN,LG 1.5 Ton 5 Star AI DUAL Inverter Split AC (Copper Super Convertible 6-in-1 Cooling HD Filter with Anti-Virus Protection 2022 Model PS-Q19YNZE White),Home&Kitchen|HeatingCooling&AirQuality|AirConditioners|Split-SystemAirConditioners,42990,75990,43%,4.3,3231,Split AC with inverter compressor: variable speed compressor which adjusts power depending on heat load. It is most energy efficient and has lowest-noise operation;Capacity: 1.5 Ton Suitable for medium sized rooms (111 to 150 sq ft.)|Energy Rating: 5 Star - Best in class efficiency | Annual Energy Consumption: 818.81 Units per year | ISEER Value: 4.73 (Please Refer Energy Label On Product Page Or Contact Brand For More Details) . The star rating is as per BEE guidelines on or before 30th June 2022.|Manufacturer Warranty: 1 Year on Product 5 Years on PCB and 10 Years on Compressor with gas charging|Copper With ocean black protection: Prevents from rust & corrosion;Increase durability;Uninterrupted cooling|Power Source Type: Corded Electric;Controller Type: Remote Control;Control Method: Remote;Warranty Type: Limited,https://m.media-amazon.com/images/I/21ywp-zfTjL._SY445_SX342_QL70_FMwebp_.jpg,https://www.amazon.in/LG-Convertible-Anti-Virus-Protection-PS-Q19YNZE/dp/B09NS5TKPN/ref=sr_1_381?qid=1672923611&s=kitchen&sr=1-381
B00LP9RFSU,Eureka Forbes Aquasure Amrit Twin Cartridge (Pack of 2) White,Home&Kitchen|Kitchen&HomeAppliances|WaterPurifiers&Accessories|WaterPurifierAccessories,825,825,0%,4,3246,Color: White|Specially designed for AquaSure storage water purifiers|Removes suspended impurities as well as organic chemicals|Destroys diseases causing bacteria and virus thus giving your family protection from harmful water borne diseases|The life of this cartridges is 750 liters|Includes: 2 Amrit cartridges,https://m.media-amazon.com/images/I/41WfA7FDnzL._SX300_SY300_QL70_FMwebp_.jpg,https://www.amazon.in/Eureka-Forbes-Amrit-Twin-Cartridge/dp/B00LP9RFSU/ref=sr_1_382?qid=1672923611&s=kitchen&sr=1-382
B0B7L86YCB,Green Tales Heat Seal Mini Food Sealer-Impulse Machine for Sealing Plastic Bags Packaging,Home&Kitchen|Kitchen&HomeAppliances|SmallKitchenAppliances|VacuumSealers,161,300,46%,2.6,24,Sealing Machine use for snack food saver storage and creates airtight containers make food fresh.|Heat Sealer will easily reseal original plastic bags so food will stop being exposed to dust.|Magnetic bottom it easily attaches to refrigerators or any stationary metal surface so you will keep it handy in your kitchen outdoor cabinet or anywhere you need it.|Safe & Convenient Sealer: High quality ABS material resistance to high and low temperature.|Airtight seal Create airtight seal and prevent your food from tasting bland and stale and lock in freshness and flavor.,https://m.media-amazon.com/images/W/WEBP_402378-T2/images/I/411NB1EXJNL._SY300_SX300_QL70_FMwebp_.jpg,https://www.amazon.in/Green-Tales-Sealer-Impulse-Machine-Packaging/dp/B0B7L86YCB/ref=sr_1_383?qid=1672923611&s=kitchen&sr=1-383
B09VPH38JS,SaleOn Instant Coal Heater 500W Charcoal Burner Electric Stove Hot Plate - Mix Colors - Pack of 1 - Only Charcoal Heater,Home&Kitchen|Kitchen&HomeAppliances|SmallKitchenAppliances|InductionCooktop,697,1499,54%,3.8,144,Size: 15*15*5.5cm Material: Stainless steel Color: Mix colors  Package content: 1*Electric cooker 4*Rubber feet 1*English user manual 1*box|Brand new and high quality Charcoal ready in just 3-5 minutes|Electric-heating charcoal starter Optional on/off switch|High quality excellent polishing indicates quality of life Thermal fuse for safe use Non-slip feet Plug|The light on the front of the shell goes out when the Heater reaches highest temperature. It will restart automatically again and again.,https://m.media-amazon.com/images/W/WEBP_402378-T2/images/I/51kEztAe73L._SX300_SY300_QL70_FMwebp_.jpg,https://www.amazon.in/SaleOn-Charcoal-Electric-Appliances-Mix-colors/dp/B09VPH38JS/ref=sr_1_384?qid=1672923611&s=kitchen&sr=1-384
B01MUAUOCX,Sujata Chutney Steel Jar 400 ml (White) Stainless Steel,Home&Kitchen|Kitchen&HomeAppliances|SmallKitchenAppliances|SmallApplianceParts&Accessories,688,747,8%,4.5,2280,Warranty: No Warranty|Includes: 1 jar only|Perfectly fit to sujata's motor|Totally shock-proof and safe|Low maintenance trouble free running,https://m.media-amazon.com/images/W/WEBP_402378-T1/images/I/315uFBgWK3L._SX300_SY300_QL70_FMwebp_.jpg,https://www.amazon.in/SUJATA-Chutney-Jar-Small-8x8x8cm/dp/B01MUAUOCX/ref=sr_1_386?qid=1672923611&s=kitchen&sr=1-386
B09MB3DKG1,KHAITAN AVAANTE KA-2013 1200 Watt 3-Rod Halogen Heater (1200 Watts Grey),Home&Kitchen|HeatingCooling&AirQuality|RoomHeaters|HalogenHeaters,2199,3999,45%,3.5,340,3 Rod Halogen tube element|Instant heating|Cool touch body|Frost grill for safety|Safety tip over protection|Halogen heater|Best heater,https://m.media-amazon.com/images/W/WEBP_402378-T2/images/I/41UBtJFuwEL._SX300_SY300_QL70_FMwebp_.jpg,https://www.amazon.in/KHAITAN-AVAANTE-KA-2013-Halogen-Heater/dp/B09MB3DKG1/ref=sr_1_387?qid=1672923611&s=kitchen&sr=1-387
B08QHLXWV3,Kenstar 2400 Watts 9 Fins Oil Filled Radiator with PTC Fan Heater (BLACK GOLD),Home&Kitchen|HeatingCooling&AirQuality|RoomHeaters|FanHeaters,6850,11990,43%,3.9,144,Quick heating with PTC fan and Over heat protection|3 Heat setting 1000/1500/2500 Watt with additional 400 Watt (Heater+Fan)|High grade oil for long lasting and better heating efficiency|Large surface wave fin for Faster Heating; Castor Wheels for easy mobility and Rear Safety cover|Material Type: Plastic; Size Name: 48x25x63(Lwh),https://m.media-amazon.com/images/W/WEBP_402378-T2/images/I/41g0U0-t1RL._SX300_SY300_QL70_FMwebp_.jpg,https://www.amazon.in/Kenstar-Watts-Filled-Radiator-Heater/dp/B08QHLXWV3/ref=sr_1_388?qid=1672923611&s=kitchen&sr=1-388
B07G147SZD,NEXOMS Instant Heating Water Tap Wall Mounted with 3 Pin Indian Plug (16Amp),Home&Kitchen|HeatingCooling&AirQuality|WaterHeaters&Geysers|InstantWaterHeaters,2699,3799,29%,4,727,Suitable for your Home & Offices gives 'New' dimension to styling of your Bathrooms and Kitchens|Innovative and Cost Effective solution|Easy to Install does not need space like other Geysers|3-5 Seconds Instant Hot Water. This is 2 in 1 tap can be used for hot and normal water.|Please Note: When you receive the tap do not test it in your hands. You need install it first and then test else it will be dangerous. Please operate it according to the instructions written in User Manual.,https://m.media-amazon.com/images/W/WEBP_402378-T1/images/I/41A6EmdtN8L._SY300_SX300_QL70_FMwebp_.jpg,https://www.amazon.in/NEXOMS-Instant-Heating-Mounted-Stainless/dp/B07G147SZD/ref=sr_1_389?qid=1672923611&s=kitchen&sr=1-389
B09LH32678,JIALTO Mini Waffle Maker 4 Inch- 350 Watts: Stainless Steel Non-Stick Electric Iron Machine for Individual Belgian Waffles Pan Cakes Paninis or Other Snacks - Aqua blue,Home&Kitchen|Kitchen&HomeAppliances|SmallKitchenAppliances|WaffleMakers&Irons,899,1999,55%,4,832,Why To Buy : To enjoy thick restaurant like quality waffles you must buy this waffle iron maker this is very energy efficient waffle irons only uses 350 watt energy.|Easy To Use : This waffles machine can we used by anyone no special learning needed to use this waffel toster machine.|Durable and Energy Efficient : BONIRY brand is known for high quality material we never compromise with quality and assure you great quality waffles maker.|Non Stick Thick Waffle Maker Pan : You can experience non stick cooking wit this waffle maker gas This waffle making machine offers rich thick Belgian baffles.|Care for you : We value our customers and provide 24 hours service. You can call us any time we will resolve your quiary within 12 hours.,https://m.media-amazon.com/images/W/WEBP_402378-T2/images/I/41Ps3i9b4HL._SY300_SX300_QL70_FMwebp_.jpg,https://www.amazon.in/BONIRY-Waffle-Maker-Inch-Watts/dp/B09LH32678/ref=sr_1_390?qid=1672923611&s=kitchen&sr=1-390
B09R1YFL6S,Candes BlowHot All in One Silent Blower Fan Room Heater (ABS Body White Brown) 2000 Watts,Home&Kitchen|HeatingCooling&AirQuality|RoomHeaters|FanHeaters,1090,2999,64%,3.5,57,Efficient Warmth: Ideal for use in small and medium rooms this noiseless 1000/2000 Watts heater provides instant heating during winters. Effective Cord Length (in meters) 1.5|Personalized Comfort: Customize to your heating needs with two heat settings (1000W / 2000W)|Peace of Mind: Featuring dual safety device|Warranty: 1 years warranty provided by Candes from date of purchase covers on manufacturing defects kindly read the user manual for more details|Dual Safety Assurance: Safety knob to safeguard against improper installation,https://m.media-amazon.com/images/W/WEBP_402378-T1/images/I/41C90o+3GOL._SX300_SY300_.jpg,https://www.amazon.in/Candes-BlowHot-Silent-Blower-Heater/dp/B09R1YFL6S/ref=sr_1_388?qid=1672923612&s=kitchen&sr=1-388
B07Q4NJQC5,Ionix Jewellery Scale | Weight Scale | Digital Weight Machine | weight machine for gold | Electronic weighing machines for Jewellery 0.01G to 200G Small Weight Machine for Shop - Silver,Home&Kitchen|Kitchen&HomeAppliances|SmallKitchenAppliances|DigitalKitchenScales,295,599,51%,4,1644,Electronic Pocket Scale|Capacity : 200 gm Div 0.1 gm|Easy-to-read backlit LCD display; intuitive flip-open lid protects the smooth stainless-steel weighing surface|Durable and compact digital pocket scale for easy portability. Weighs items up to 200g in 0.1g increments|Powered by 2 AAA batteries(included).,https://m.media-amazon.com/images/W/WEBP_402378-T2/images/I/41iZgQu0WLL._SY300_SX300_QL70_FMwebp_.jpg,https://www.amazon.in/Ionix-Digital-Kitchen-Jewellery-Weighing/dp/B07Q4NJQC5/ref=sr_1_389?qid=1672923612&s=kitchen&sr=1-389
B097RN7BBK,Kitchen Kit Electric Kettle 1.8L Stainless Steel Tea Kettle Fast Boil Water Warmer with Auto Shut Off and Boil Dry Protection Tech,Home&Kitchen|Kitchen&HomeAppliances|SmallKitchenAppliances|Kettles&HotWaterDispensers|Kettle&ToasterSets,479,1999,76%,3.4,1066,. The tough pure metal stainless-steel build makes it very sturdy and the inside part is only made from premium food grade stainless steel that keep your water out of the contamination from plastic materials and chemicals,https://m.media-amazon.com/images/I/31B-f4QcESS._SX300_SY300_QL70_FMwebp_.jpg,https://www.amazon.in/Kitchen-Kit-Electric-Stainless-Protection/dp/B097RN7BBK/ref=sr_1_390?qid=1672923612&s=kitchen&sr=1-390
B097MKZHNV,Racold Pronto Pro 3Litres 3KW Vertical Instant Water Heater (Geyser),Home&Kitchen|HeatingCooling&AirQuality|WaterHeaters&Geysers|InstantWaterHeaters,2949,4849,39%,4.2,7968,PUF Insulation: The high density and thick PUF in your water heater ensures retention of internal heat and temperature and resulting in better energy efficiency and reduced electricity bills|Faster Heating: The high power heating element ensures you get hot water in no time|High Pressure Resistance: High pressure withstanding capacity makes it suitable for high rise buildings and high pressure pump applications|Safety Plus: Pronto Pro provides three levels of safety against high temperature and pressure provided by a high tech adjustable thermostat cutout and multifunction safety valve conforming to international standards|Auto Cut off: Stem-type thermostat and cutout ensures automatic temperature control and extra safety for your water heater|No Back Flow of Water: The anti-syphoning system prevents the back flow of water from the container thus avoiding dry heating|Elegant Italian design with a rare combination of technology and style;Capacity: 3 litre; Mount Type: Vertical;Warranty: 2 years on product 2 years on heating element and 5 years on tank;Power: 3000 Watts,https://m.media-amazon.com/images/W/WEBP_402378-T1/images/I/314qO8dyvRL._SX300_SY300_QL70_FMwebp_.jpg,https://www.amazon.in/Racold-Pronto-3Litres-Vertical-Instant/dp/B097MKZHNV/ref=sr_1_391?qid=1672923612&s=kitchen&sr=1-391
B07LG96SDB,ESN 999 Supreme Quality 1500W Immersion Water Heater Rod (Black),Home&Kitchen|HeatingCooling&AirQuality|WaterHeaters&Geysers|ImmersionRods,335,510,34%,3.8,3195,Specially designed heating element for quick heating|1500W Power|Anti-corrosive Material|Hairpin tubular elements ; 3 Pin Plug|NOTE: Black/busted melted pipes does not come under warranty is due to dry heating or not maintaining water level.,https://m.media-amazon.com/images/W/WEBP_402378-T1/images/I/41d2SJq5sxL._SX300_SY300_QL70_FMwebp_.jpg,https://www.amazon.in/ESN-999-Quality-Immersion-Heater/dp/B07LG96SDB/ref=sr_1_392?qid=1672923612&s=kitchen&sr=1-392
B08KS2KQTK,Pajaka® South Indian Filter Coffee Maker 200 ML 2-4 Cup / Mugs / Glass | Madras Kaapi/ Kappi Drip Decoction Maker / Makers / Brewer / Pot or Drip / Dripper Made of Stainless Steel | Non-Electric Machine / Appliances / Utensils Medium Size for Home and Kitchen Office Cefe Traditional Item / Product | Used for making Country /Desi Style French Press Espresso Nespresso Expresso Cappuccino Instant Black Coffee | Best flavoured with Grounded Arabica Roasted Crushed Grind Coffee Beans,Home&Kitchen|Kitchen&HomeAppliances|CoffeeTea&Espresso|DripCoffeeMachines,293,499,41%,4.1,1456,Strength: The Coffee Filter is strong durable sufficient in weight and thickness. It is resistant to Rust Corrosion and Non-absorbent.|Quality: Food Grade Quality Material that does not allow the migration of hazardous substances or impart colors odors stains or tastes to food.|Physical Characteristics: Finished to have a smooth zero sharp edge surface for Easy to use and clean in a dishwasher. It is an Inexpensive portable reusable and environmentally friendly Phin filter.|Taste is a personal subject but for Vibrant and Rich Aromatic cup of coffee we recommend to use Grounded Coffee Coffee Granules Coffee Beans or Filter Coffee Powder.|Also known as: Kumbakonam Coffee Filter Mylapore Coffee Filter Mysore Coffee Filter Degree Coffee Maker.,https://m.media-amazon.com/images/W/WEBP_402378-T1/images/I/31+EgPqYa6L._SX300_SY300_.jpg,https://www.amazon.in/n1-Retail-Stainless-Indian-Coffee/dp/B08KS2KQTK/ref=sr_1_393?qid=1672923612&s=kitchen&sr=1-393
B095K14P86,Saiyam Stainless Steel Espresso Maker Stovetop Coffee Percolator Italian Coffee Maker Moka Pot (4 Cup - 200 ml Silver),Home&Kitchen|Kitchen&HomeAppliances|CoffeeTea&Espresso|StovetopEspressoPots,599,1299,54%,4.2,590,Safe Material - made of high quality food grade stainless steel  sanitary and durable. with curved black heat resistant and ergonomic handle is comfortable for finger grip and easy handling|APPLICABLE TO INDUCTION COOKER: espresso maker is made of 430 food grade safe stainless steel applicable to a variety of stoves including induction cooker electric furnace ceramic furnace alcohol furnace and gas stove. Because of its excellent corrosion and rust resistance it can also be cleaned with a dishwasher.|Simple Steps - The Coffee Maker Espresso Machine is easy to use: Fill the lower part of the three-part espresso maker with water put the ground coffee into the basket put the top on and place the stainless steel espresso pot on the cooker to boil.|COMFORTABLE HANDLE: The advanced sanded handle has excellent thermal insulation effect and the curve of the handle is ergonomic. The moment of use will bring you to the Roman restaurant in the morning.|APPEALING DESIGN: Elegant espresso maker body through polishing design three ring precision thread and imported safety valve to make your use process more secure.,https://m.media-amazon.com/images/I/414gUKUBHML._SX300_SY300_QL70_FMwebp_.jpg,https://www.amazon.in/Saiyam-Stainless-Espresso-Maker-Percolator/dp/B095K14P86/ref=sr_1_394?qid=1672923612&s=kitchen&sr=1-394
B08K36NZSV,KONVIO NEER 10 Inch Spun Filter (PP SPUN) Cartridge Compatible for 10 Inch Pre-Filter Housing of Water Purifier | Pack of 4 Spun,Home&Kitchen|Kitchen&HomeAppliances|WaterPurifiers&Accessories|WaterPurifierAccessories,499,999,50%,4.3,1436,RO 10 Inch 5 Micron PP Spun Filter Cartridge/Candle used in RO Water Filter-Pre/Outer Filter Bowl.|Can be used in any pre filter that supports 10 inch pre filter|Removes Sand Slit Dirt & Rust particles|Replacement of Spun Filter every 3 to 4 month can save bigger expenses. - Regular replacement of Spun Filter protects RO Membrane and choking of other filters|RO filter is normally used in first stage of multi stage water filter system. Replacement of Spun/sediment Filter every month can save bigger expenses. Frequently replacing of Spun/Sediment Filter protects RO Membrane and choking of other water filters. Impurities and sediment removal water filters. These are pre filters commonly used to remove dirt impurities sediment rust slime sand grass and grit etc,https://m.media-amazon.com/images/W/WEBP_402378-T2/images/I/410GwzE+TrL._SX342_SY445_.jpg,https://www.amazon.in/KONVIO-NEER-Cartridge-Compatible-Pre-Filter/dp/B08K36NZSV/ref=sr_1_395?qid=1672923612&s=kitchen&sr=1-395
B07LDPLSZC,Havells Glydo 1000 watt Dry Iron With American Heritage Non Stick Sole Plate Aerodynamic Design Easy Grip Temperature Knob & 2 years Warranty. (Charcoal Blue),Home&Kitchen|Kitchen&HomeAppliances|VacuumCleaning&Ironing|IronsSteamers&Accessories|Irons|DryIrons,849,1190,29%,4.2,4184,360 degree swivel cord for effortless manoeuvring|Registered American heritage golden ptfe coated side plate|Dual color led indicator on handle|Full length button groove for maximum reech|Easy grip temperature control dial for selection of different fabrics|Warranty: 2 Year|Power: 1000 watts; Operating Voltage: 230 - 230 volts|Includes: 1 N Dry Iron & 1 N Manual,https://m.media-amazon.com/images/W/WEBP_402378-T1/images/I/41JWKjRa+PL._SX300_SY300_.jpg,https://www.amazon.in/Havells-Glydo-1000-Watt-Iron-Charcoal/dp/B07LDPLSZC/ref=sr_1_396?qid=1672923612&s=kitchen&sr=1-396
B07F1T31ZZ,Raffles Premium Stainless Steel South Indian Coffee Filter/Drip Coffee Maker 2-3 Cups 150 ml,Home&Kitchen|Kitchen&HomeAppliances|CoffeeTea&Espresso|DripCoffeeMachines,249,400,38%,4.1,693,Crafted from Stainless Steel; Rust-proof|Ideal for making authentic South Indian filter coffee|Capacity: 150 ml; Size: Diameter - 5.5 cms; Height - 13.5 cms|Package Content: 1-Pc. Coffee Filter|Size Name: 2 Cups; Human Interface Input: Unknown,https://m.media-amazon.com/images/I/41UGgTLOD4L._SX300_SY300_QL70_FMwebp_.jpg,https://www.amazon.in/Raffles-Premium-Stainless-Indian-Coffee/dp/B07F1T31ZZ/ref=sr_1_397?qid=1672923612&s=kitchen&sr=1-397
B0BNDRK886,IONIX Activated Carbon Faucet Water Filters Universal Interface Home Kitchen Faucet Tap Water | Tap filter Multilayer | Clean Purifier Filter Cartridge Five Layer Water Filter-Pack of 1,Home&Kitchen|Kitchen&HomeAppliances|WaterPurifiers&Accessories|WaterPurifierAccessories,185,599,69%,3.9,1306,Faucet Water Filter: Built-in layered filter can separate coconut activated carbon zeolite PVA non-woven?fabrics calcium sulfite and rubber which applys to purify hard water and well water.|Healthy Lifestyle: Remove the water in the chlorine heavy metals other impuritieswater more sweet more secure.|Easy to Clean : A must item for home & office use.High temperature resistance not easy to deform.To clean simply remove the strainer and rinse it off under the water.|Water-saving :Made of soft rubber material can prevent water leak which can save water for your each time using.; Package List:1 * Faucet Filter|Included Components: 1 X Five Layer Faucet,https://m.media-amazon.com/images/I/41asnfU59KL._SY445_SX342_QL70_FMwebp_.jpg,https://www.amazon.in/IONIX-Tap-filter-Multilayer-Filter-Pack/dp/B0BNDRK886/ref=sr_1_399?qid=1672923612&s=kitchen&sr=1-399
B09ZVJXN5L,KNYUC MART Mini Electric Handy Room Heater Compact Plug-in The Wall Outlet 400 Watts Handy Air Warmer Blower Adjustable Timer Digital Display,Home&Kitchen|HeatingCooling&AirQuality|RoomHeaters|FanHeaters,778,999,22%,3.3,8,Function: Portable handy heater provides functionalities like Adjustable Thermostat Overheat Protection.|Personal heating: This Electric heater gives you personal heating anywhere you go.|Portable heater: Electric Handy Heater is potable. You can use it in rooms bathroom and take it to outside of your house.|Easy to use: This fan heater is simple to utilize. Just find a plug plug it and set the temperature.|Package Contains: 1 Handy Heater  1 User Manual & Free 1 US Converter Plug,https://m.media-amazon.com/images/I/41EFR4bxzeL._SX300_SY300_QL70_FMwebp_.jpg,https://www.amazon.in/KNYUC-MART-Electric-Compact-Adjustable/dp/B09ZVJXN5L/ref=sr_1_403?qid=1672923612&s=kitchen&sr=1-403
B08JKPVDKL,INKULTURE Stainless_Steel Measuring Cups & Spoon Combo for Dry or Liquid/Kitchen Gadgets for Cooking & Baking Cakes/Measuring Cup Set Combo with Handles (Set of 4 Cups & 4 Spoons),Home&Kitchen|Kitchen&HomeAppliances|CoffeeTea&Espresso|CoffeeMakerAccessories|MeasuringSpoons,279,699,60%,4.3,2326,COMPLETE‬ 4 PCS CUPSET of supreme quality and sturdy stainless steel measuring cups including 60ML (1/4Cup) 80ML (1/3Cup) 125ML (1/2Cup) and 250ML (1Cup) and COMPLETE‬ 4 PCS Measuring Spoon Set of high quality and sturdy stainless steel measuring spoons with ring  includes: 1/4 TSP(1.25 ml) 1/2 TSP(2.5 ml.)  1 (5 ml.) teaspoon and 1 (15 ml.) tablespoon.|FOOD SAFE measuring cups & spoons made with food grade stainless steel that will never rust peel or chip off to contaminate your food.|DISHWASHER‬ SAFE and super easy to clean thus ensuring complete hygiene with each use whether you measure dry of liquid ingredients.|DURABLE‬ CONSTRUCTION with robust materials and a compact design that features flat handles bearing engraved measurements to assure you of lifetime measuring cups.‎|‎ECO‬-FRIENDLY stainless steel measuring cups last a lifetime a great alternative to flimsy plastic cups that easily break and end up polluting the environment.,https://m.media-amazon.com/images/W/WEBP_402378-T1/images/I/41kr7l+z1FL._SY300_SX300_.jpg,https://www.amazon.in/INKULTURE-Stainless-Measuring-Kitchen-Gadgets/dp/B08JKPVDKL/ref=sr_1_404?qid=1672923612&s=kitchen&sr=1-404
B09JFR8H3Q,"Macmillan Aquafresh 5 Micron PS-05 10"" in PP Spun Filter Candle Set for All Type RO Water Purifier 10 inch (4)",Home&Kitchen|Kitchen&HomeAppliances|WaterPurifiers&Accessories|WaterPurifierAccessories,215,1499,86%,3.9,1004,"This water filter candle Suitable for 10 'Pre-filter housing having Plain cut inside its cap. Easy to installself installation could be done.|Purification Capacity: Micron filter spun filter 10 inch cartridges will typically last between 6 months to 1 year depending on level of turbidity in your Raw Water.|Must be used before the main RO Machine to protect & inhance the life of inline filters & Membrane use inside the Main machine. & obviously reduces the cost of maintenance.|Sediment ro filter is normally used in first stage of multi stage water filter system. Frequently replacing of spun/sediment ro filter water purifier protects ro membrane and choking of other water filters. Impurities and sediment removal water filters. These are pre filters commonly used to remove dirt impurities sediment rust slime sand grass and grit|RO Spanner-Wrench Suitable for RO Water Purifier -10"" Pre Filter Housing Bowl..Suited for common RO water filter Purifiers available in India Compatible with many RO Brands and Models-Can be used in multiple water purifier Models-Counter Top Desk Top Stand Mounted Wall Hanging Under Sink most of the RO Model cabinets.",https://m.media-amazon.com/images/W/WEBP_402378-T2/images/I/41UoZi45q9L._SX300_SY300_QL70_FMwebp_.jpg,https://www.amazon.in/Macmillan-Aquafresh-Micron-Filter-Purifier/dp/B09JFR8H3Q/ref=sr_1_405?qid=1672923612&s=kitchen&sr=1-405
B07LDN9Q2P,Havells D'zire 1000 watt Dry Iron With American Heritage Sole Plate Aerodynamic Design Easy Grip Temperature Knob & 2 years Warranty. (Mint),Home&Kitchen|Kitchen&HomeAppliances|VacuumCleaning&Ironing|IronsSteamers&Accessories|Irons|DryIrons,889,1295,31%,4.3,6400,American heritage original imported golden nonstick coating on sole plate|Easy to see pilot light|Easy grip fabric selector knob|360 degree cord swivel|Warranty: 2 year on product|Includes: 1 Dry iron and Instruction Manual|Cotton and silk braided; Temperature control dial for various fabrics,https://m.media-amazon.com/images/W/WEBP_402378-T2/images/I/41lYqkaeadL._SX300_SY300_QL70_FMwebp_.jpg,https://www.amazon.in/Havells-Dzire-1000-Watt-Iron-Mint/dp/B07LDN9Q2P/ref=sr_1_406?qid=1672923612&s=kitchen&sr=1-406
B08T8KWNQ9,TE™ Instant Electric Heating Hot and Cold Water Geyser Tap Water with Digital Display (White),Home&Kitchen|HeatingCooling&AirQuality|WaterHeaters&Geysers|InstantWaterHeaters,1449,4999,71%,3.6,63,Easy to Install does not need space like other Geysers.|3-5 Seconds Instant Hot Water.|Heating tube: high-purity copper liner heating element Rated voltage: 220V/50HZ Rated Power: 3000W|The display will real-time display the current temperature.|A must kitchen accessory for housewives: your hands won't feel cold when washing dishes,https://m.media-amazon.com/images/W/WEBP_402378-T2/images/I/51fYpZRmZ2L._SX300_SY300_QL70_FMwebp_.jpg,https://www.amazon.in/Tvara-Enterprise-Instant-Electric-Heating/dp/B08T8KWNQ9/ref=sr_1_407?qid=1672923612&s=kitchen&sr=1-407
B07Y1RCCW5,ZIGMA WinoteK WinoteK Sun Instant Water Geyser Water Heater Portable Water Heater Geysers Made of First Class ABS Plastic automatic Reset Model AE10-3 W (Yellow),Home&Kitchen|HeatingCooling&AirQuality|WaterHeaters&Geysers|InstantWaterHeaters,1190,2550,53%,3.8,1181,NOTE- In this order you will receive10 geysers. If Not received please return or replace immediately,https://m.media-amazon.com/images/W/WEBP_402378-T2/images/I/31C71rcp+1L._SY300_SX300_.jpg,https://www.amazon.in/WinoteK-Instant-Portable-Geysers-automatic/dp/B07Y1RCCW5/ref=sr_1_409?qid=1672923612&s=kitchen&sr=1-409
B0762HXMTF,KENT 11054 Alkaline Water Filter Pitcher 3.5 L | Chemical-Free Water with Balanced pH Levels 8.0 to 9.5 | Solves Acidity Issue | Equipped with Carbon and Sediment Filter - Grey,Home&Kitchen|Kitchen&HomeAppliances|WaterPurifiers&Accessories|WaterFilters&Purifiers,1799,1950,8%,3.9,1888,KENT Alkaline Water Filter Pitcher converts drinking water to alkaline water and increases its pH level up to 9.5 for a healthy body and healthy mind;Alkaline water helps in reducing acidity regulating your body’s pH levels boosting immunity and fortifying your health|It reduces the oxygen reduction potential (ORP) and makes antioxidant alkaline water that tastes fresh and clean;Doesn’t use electricity or chemicals for enhancing pH levels|Improves anti oxidation ability;Country of Origin-India; Color: Grey;3.5 liters capacity|Warranty: 1 year warranty. Terms and Conditions apply;Includes: Alkaline Water Filter Pitcher Cartridge assembly and Instruction manual|Warranty Description: 1 Year Manufacturer Warranty,https://m.media-amazon.com/images/I/41EI+3OYGaL._SY300_SX300_.jpg,https://www.amazon.in/Kent-Alkaline-Filter-Pitcher-3-5-litres/dp/B0762HXMTF/ref=sr_1_410?qid=1672923612&s=kitchen&sr=1-410
B00K57MR22,Sujata Dynamix DX Mixer Grinder 900W 3 Jars (White),Home&Kitchen|Kitchen&HomeAppliances|SmallKitchenAppliances|MixerGrinders,6120,8478,28%,4.6,6550,Warranty: 2 year warranty provided by the manufacturer from date of purchase|Includes: 1 unit Motor 1 Wet Grinder jar 1 Chutney jar 1 Dry Grinder jar|Most powerful 9 watts motor with double ball bearings for efficiency low maintenance and trouble free running for years|Dome jar for wet grinding 2 separate stainless steel jars for dry grinding and chutney grinding|22 rpm operation- retains flavor and aroma of juices and food|9 mins. continuous running- suitable for longer usage|Totally shock-proof and safe|Low maintenance trouble free running,https://m.media-amazon.com/images/I/41cZE9HcRUL._SX300_SY300_QL70_FMwebp_.jpg,https://www.amazon.in/Sujata-DynaMix-DX-900-Watt-Grinder/dp/B00K57MR22/ref=sr_1_411?qid=1672923612&s=kitchen&sr=1-411
B07TTSS5MP,Lifelong LLMG74 750 Watt Mixer Grinder with 3 Jars (White and Grey),Home&Kitchen|Kitchen&HomeAppliances|SmallKitchenAppliances|MixerGrinders,1799,3299,45%,3.8,1846,Warranty: 1 Year,https://m.media-amazon.com/images/I/31Sh9NZmX-L._SX300_SY300_QL70_FMwebp_.jpg,https://www.amazon.in/Lifelong-LLMG74-Mixer-Grinder-White/dp/B07TTSS5MP/ref=sr_1_412?qid=1672923612&s=kitchen&sr=1-412
B09ZDVL7L8,TTK Prestige Limited Orion Mixer Grinder 500 Watts 3 Jars (1200ml 1000ml 500ml) (Red),Home&Kitchen|Kitchen&HomeAppliances|SmallKitchenAppliances|MixerGrinders,2199,3895,44%,3.9,1085,Ergonomic Design|Strong 500 W Motor|Superior Quality Body|3 Super-effcient Blades|Sturdy Handles 3 Stainless Steel Jars,https://m.media-amazon.com/images/I/41+oy999w7L._SY300_SX300_.jpg,https://www.amazon.in/TTK-Prestige-Limited-Grinder-1200ml/dp/B09ZDVL7L8/ref=sr_1_413?qid=1672923612&s=kitchen&sr=1-413
B09XHXXCFH,AGARO Regal Electric Rice Cooker 3L Ceramic Inner Bowl Cooks Up to 600 Gms Raw Rice SS Steamer Preset Cooking Functions Preset Timer Keep Warm Function LED Display Black,Home&Kitchen|Kitchen&HomeAppliances|SmallKitchenAppliances|Rice&PastaCookers,3685,5495,33%,4.1,290,Multi functional use- Steamed veggies and rice various recipes you can accomplish it all with your rice cooker|Cooks up to 600 gms of raw rice or up to 5.5 cups of raw rice|Multi cooking functions-White rice brown rice with low carb short grain porridge steam slow cook|ADVANCED FUZZY LOGIC RICE COOKER TECHNOLOGY - auto adjust temperature and timings for optimal rice cooking combined with tailored useful add on options including steam porridge slow cook settings Including 24 hour pre-set timer and keep warm features|Comes with 3 Litres 5-layer thick ceramic coated inner bowl with rice level lines|Smart touch button with 3D surround heating|Includes inner bowl stainless steel steaming basket rice measuring cup rice spatula and soup ladle|1 Year Warranty,https://m.media-amazon.com/images/W/WEBP_402378-T2/images/I/417Fqdo6KJL._SX300_SY300_QL70_FMwebp_.jpg,https://www.amazon.in/AGARO-Regal-Electric-Ceramic-functions/dp/B09XHXXCFH/ref=sr_1_412?qid=1672923613&s=kitchen&sr=1-412
B0BL3R4RGS,VAPJA® Portable Mini Juicer Cup Blender USB Rechargeable with 4 Blades for Shakes and Smoothies Fruits Vegetables Juice Maker Grinder Mixer Strong Cutting Bottle Sports Travel Outdoors Gym (BOTTLE),Home&Kitchen|Kitchen&HomeAppliances|SmallKitchenAppliances|JuicerMixerGrinders,649,999,35%,3.6,4,【USB Rechargeable & Great Portability】 The personal blender has a built-in 1800mAh USB rechargeable battery which can be easily charged by power bank computer or other USB power source. The blender can be fully charged within 3 hours and serve up to 15 cups of drinks. The on the go blender comes with 400ml capacity and only 250g product weight can fit in any kinds of bags. It's easy to carry around in any circumstances such as working travelling and chilling at home.|【Advanced Tips on Blending】 (a)Fully charge the blender after receive it and always recharge it after using. (b)Before blending: Make sure not adding overloaded ingredient (up to 3/4 of the cup) then add some wate or other berverage (1/3) to the blender cup (c)While blending: Turn the blender up side down before starting it. After the blades start to rotate flip the blender back as well as shaking the bottle. The correct operation can prevent blade stuck and provide a better blending result.|【Powerful & Effective】 The juicer cup is equipped with 4 PCS 304 stainless steel blades with 30W rated power motor and 3.7 rated voltage. With a higher level of rotation frequency about 21000 times per minutes it only takes 40 seconds to bring you fresh smoothie protein/milk shakes fresh juices baby food etc. Please cut fruits/veggies into small pieces for a better blending result. The mini blender will not work on large ice cube.|【One-button Operation & Cleaning】 PRESS DOWN THE BUTTON for 2 seconds to turn on the blender. If you see the button is blinking while blender not turning on checkout if the bottle and the base are tightened and make sure the blade is not stuck. The mini blender is easy to clean by adding water and long press the power button to start the self-cleaning mode. DO NOT soak the whole blender into water for safety concern.|【Unique Appearance & User-Friendly Design】Beautiful and elegant private mold design Small size Wireless USB rechargeable and portable design make it a personal travel mixer. The charging port at the bottom and the silicone plug make it water-proof.,https://m.media-amazon.com/images/W/WEBP_402378-T1/images/I/411S8WHOsXL._SX300_SY300_QL70_FMwebp_.jpg,https://www.amazon.in/Portable-Rechargeable-Smoothies-Vegetables-BOTTLE/dp/B0BL3R4RGS/ref=sr_1_415?qid=1672923613&s=kitchen&sr=1-415
B07P1BR7L8,Philips HD6975/00 25 Litre Digital Oven Toaster Grill Grey 25 liter,Home&Kitchen|Kitchen&HomeAppliances|SmallKitchenAppliances|OvenToasterGrills,8599,8995,4%,4.4,9734,Capacity: 25 litres s for 4-5 people;Cooking capability: baking grilling toasting|Powerful 1500W Ready signal;Opti temp technology(Even Browning); One touch 10 preset menu;One-touch Preheat functionality|Includes Oven toaster grillBaking Tray Grill Rack Tong Crumb Tray and Skewer Rods;90 Minutes auto cut-off|Capacity: 25 liters;Warranty: 2 year warranty on product|Size Name: 25-Litre,https://m.media-amazon.com/images/I/417VKyMXuYL._SX300_SY300_QL70_FMwebp_.jpg,https://www.amazon.in/Philips-HD6975-00-25-Litre-Digital/dp/B07P1BR7L8/ref=sr_1_417?qid=1672923613&s=kitchen&sr=1-417
B078WB1VWJ,Usha EI 3710 Heavy Weight 1000-Watt Dry Iron with Golden American Heritage Soleplate 1.75 Kg(White),Home&Kitchen|Kitchen&HomeAppliances|VacuumCleaning&Ironing|IronsSteamers&Accessories|Irons|DryIrons,1110,1599,31%,4.3,4022,1.75kg heavy weight iron for better ironing;5 fabric settings|360 degree swivel cord for easy movement;Golden American heritage soleplate|1000watt-effective performance;Shock proof plastic handle and body|Easy grip fabric selector;Warranty: 2 years,https://m.media-amazon.com/images/W/WEBP_402378-T1/images/I/31gRT7Gvw7L._SY300_SX300_QL70_FMwebp_.jpg,https://www.amazon.in/Usha-Electric-EI3710-1000W-Golden/dp/B078WB1VWJ/ref=sr_1_418?qid=1672923613&s=kitchen&sr=1-418
B0BP89YBC1,Campfire Spring Chef Prolix Instant Portable Water Heater Geyser 1Ltr. for Use Home Stainless Steel Baking Rack | Restaurant | Office | Labs | Clinics | Saloon | with Installation Kit (With MCB),Home&Kitchen|HeatingCooling&AirQuality|WaterHeaters&Geysers|InstantWaterHeaters,1499,3500,57%,4.7,2591,Prolix Auto cut off feature: It is available when the user forget to switch off it will going to automatically cut it off. (Manual reset models are only going to Standby Mode Other Auto reset models are going to restart automatically after 10 minutes If this is not noticed the same process keeps repeating it will increase your electricity and geyser life time also decrease.|Prolix Specifications: ABS (Acrylonitrile butadiene styrene) Shock proof and Heat resistant Copper Heating Element Tubular type(3Kw.) ISI marked Indicators Neon Green and Red light Thermostat Copper ISI marked 1.5 square mm 3Core cable ISI marked 1.15Mtrs 16Amp. Plug Pin-top ISI marked coming with Guaranty card and user manual with 2 No s Connecting nipple 1 No Royal union 1.5 m connecting hose and 2 No s Screw with wall sleeve and excellent packing|Prolix Instant water heater: Now comes with unbreakable First Class ABS (Acrylonitrile butadiene styrene) body and comes with water inlet and outlet Thread type. It is more convenient for usage and it will avoid water leakages. Our geyser is portable instant and compact less power consumption Up to 20% saves electricity compare to other storage geyser|Compact size: It provides Non-stop (247) hot water from 10 seconds onwards just put it in the water tap and get hot water continuously it does not required additional plumbing. Ideal to use in Houses Beauty salons Hotels Schools bathroom Kitchen Wash area Hospitals Mansion and factories where there is an instant need of Warm/Hot water supply. (Strictly we are not recommended for drinking purpose)|Warranty: Manufacturer 1 Year Warranty,https://m.media-amazon.com/images/W/WEBP_402378-T1/images/I/41hoHTbN5rL._SX300_SY300_QL70_FMwebp_.jpg,https://www.amazon.in/Spring-Chef-Stainless-Restaurant-Installation/dp/B0BP89YBC1/ref=sr_1_419?qid=1672923613&s=kitchen&sr=1-419
B09W9V2PXG,Themisto TH-WS20 Digital Kitchen Weighing Scale Stainless Steel (5Kg),Home&Kitchen|Kitchen&HomeAppliances|SmallKitchenAppliances|DigitalKitchenScales,759,1999,62%,4.3,532,"High Precision Core Technology：Kitchen Scale Equipped with sensitive sensors it can provide you precision graduation 0.1oz/1g capacity 11lb/5kg. This digital scale with 2 models of gram and lb:oz to switch between imperial and metric measuring units.|Stainless Steel Food Scale Set：Digital Kitchen Scale is made with food-grade 202 stainless steel. Sturdy and not easy to damage.|Liquid Weighing Capacity：Themsito kitchen scale is a multifunctional scale with unique features. Besides weighing solid unit lb: oz and g you can easily measure your recipe ingredients in fluid ounces (fl'oz) and milliliters by water volume or milk volume.|Easy Tare Function：The taring and auto-zero function of Kitchen Scale allow you to subtract the weight of the bowl dish or container from the weight of the food. To ensure food safety you can use multiple-sized bowls to weigh various types of food separately.|Clear LCD Display：This Kitchen scale comes with 2.5"" Large LCD with white backlight can display the reading more clearly even cooking in a dim place. 2 x AAA batteries included.",https://m.media-amazon.com/images/W/WEBP_402378-T2/images/I/41HoeX-PcDL._SY445_SX342_QL70_FMwebp_.jpg,https://www.amazon.in/Themisto-TH-WS20-Digital-Weighing-Stainless/dp/B09W9V2PXG/ref=sr_1_420?qid=1672923613&s=kitchen&sr=1-420
B09XTQFFCG,FYA Handheld Vacuum Cleaner Cordless Wireless Hand Vacuum&Air Blower 2-in-1 Mini Portable Car Vacuum Cleaner with Powerful Suction USB Rechargeable Vacuum for Pet Hair Home and Car,Home&Kitchen|Kitchen&HomeAppliances|VacuumCleaning&Ironing|Vacuums&FloorCare|Vacuums|HandheldVacuums,2669,3199,17%,3.9,260,【High Power Suction】 This hand held vacuuming cordless uses a built-in cyclone design which makes this compact handheld vacuum cleaner can still provide 5200pa continuous strong suction; not only can it effectively clean dust paper scraps hair and other small garbage but also small rubble; after many tests it has been shown that the fully charged portable cordless vacuum cleaner can last for 20 to 25 minutes.|【Suction & Blowing Dual Function】The cordless handheld vacuum has a smart design which not only has a enough cyclone suction and could be used on small areas like car interior keyboard workstation area kitchen cabinets but also could be used as a dust blower. One end of the machine is connected to the suction nozzle for vacuuming the other end is connected to the nozzle for blowing dust.|【Multifunctional Accessories & Storage Bag】 Our portable hand-held vacuum comes with 3 functional accessories and 1 storage bag will meet all your cleaning needs. The crevice nozzle can clean deep slits and corners. The long soft hose nozzle can reach anywhere flexibly. The brush can easily remove the stubborn dust and pet hair. The lightweight storage bag is convenient for you to carry or store your pet hair vacuum and accessories.|【Portable & Family Gift】 This handheld vacuum weighs only 950 Grams the ultra-light design allows you to use it for a long time without getting tiredand you can easily clean the room even if you hold a baby. Ideal cleaning GIFT for your family or friends solve their cleaning troubles! NOTICE: Fully charge before using for the first time.|【Vacuum Cleaner Set include】the Vacuum Cleaner incudes 1* Handheld Vacuum Cleaner 1*Brush 1*Nozzle 1*Retracable Nozzle 1*Blowing Nozzle 1*USB cable 1* carry-bag.If you have any questions during use please feel free to contact us we will try our best.|We offer a 12-month guarantee to prove that we take quality seriously. If you have any questions about your cordless handheld vacuum cleaner please do not hesitate to contact us directly via email and we will get back to you within 24 hours and give you the best solution!,https://m.media-amazon.com/images/I/41R4IgGsMaL._SX300_SY300_QL70_FMwebp_.jpg,https://www.amazon.in/FYA-Handheld-Cordless-Wireless-Rechargeable/dp/B09XTQFFCG/ref=sr_1_421?qid=1672923613&s=kitchen&sr=1-421
B08LVVTGZK,Lifelong LLSM120G Sandwich Griller  Classic Pro 750 W Sandwich Maker with 4 Slice Non-Stick Fixed Plates for Sandwiches at Home with 1 Year Warranty (Black),Home&Kitchen|Kitchen&HomeAppliances|SmallKitchenAppliances|SandwichMakers,929,1300,29%,3.9,1672,Elegant black finish body; Non-stick plates provide a healthy low fat sandwich|Safety: Cool touch outer body and heat resistant housing;|Plate Size : 20 cm x 7 cm; it comes with 1 year warranty|Grill Sandwich: Hinged lock for well grilled sandwiches|Includes: 1N Sandwich maker 1N User Manual 1N Warranty Card|Made in India,https://m.media-amazon.com/images/W/WEBP_402378-T2/images/I/41mcGL9ei0L._SX300_SY300_QL70_FMwebp_.jpg,https://www.amazon.in/Lifelong-Sandwich-Griller-Non-Stick-Plates/dp/B08LVVTGZK/ref=sr_1_422?qid=1672923613&s=kitchen&sr=1-422
B07J2BQZD6,Kuber Industries Nylon Mesh Laundry Basket|Sturdy Material & Durable Handles|Netted Lightweight Laundry Bag Size 36 x 36 x 58 Capicity 30 Ltr (Pink),Home&Kitchen|HomeStorage&Organization|LaundryOrganization|LaundryBaskets,199,399,50%,3.7,7945,PACKAGE CONTAINS: 1 Piece Laundry Basket|MATERIAL: Nylon Mesh|PRODUCT DIMENSION: 36 x 36 x 58 CM|Segregate your dirty clothes instead of every member of your family leaving their dirty clothes lying around haphazardly you can place a laundry bag in the bathroom for them to use.|Made of a nylon mesh this laundry bag is breathable. This nylon mesh laundry bag is also easy to wash and keep clean,https://m.media-amazon.com/images/W/WEBP_402378-T1/images/I/51Ule90yh0L._SX300_SY300_QL70_FMwebp_.jpg,https://www.amazon.in/Kuber-Industries-Laundry-Basket-CTKTC1475/dp/B07J2BQZD6/ref=sr_1_427?qid=1672923613&s=kitchen&sr=1-427
B07HK53XM4,Bulfyss Plastic Sticky Lint Roller Hair Remover Cleaner Set of 5 Rolls 150 Sheets 30 Sheets Each roll Lint Roller Remover for Clothes Furniture Carpet Dog Fur Sweater Dust & Dirt,Home&Kitchen|Kitchen&HomeAppliances|VacuumCleaning&Ironing|IronsSteamers&Accessories|LintShavers,279,599,53%,3.5,1367,Package Contents: 1 Lint Roller with 5 Adhesive Rolls (5 x 30 sheets)|Dimensions (L x W x H): 17 cm x 5 cm x 5 cm|Material: Plastic Lint Roller with 150 sheets|SAFE TO USE: The lint remover uses the special adhesive paper material for effective lint removal without risk of damaging surfaces.|MULTIPLE USAGE: It can quickly remove all kinds of lint on Clothes Coats Sweaters Dresses Suits Formal wear thin hair Sofa Blankets Pet hair and more.|PORTABLE This lint roller perfect for travel and common everyday use small enough to fit in a purse or pocket for use on the go with minimal space taken and maximum convenience,https://m.media-amazon.com/images/I/41Fo2P8-4ZL._SY300_SX300_QL70_FMwebp_.jpg,https://www.amazon.in/Bulfyss-Plastic-Remover-Cleaner-Remover/dp/B07HK53XM4/ref=sr_1_428?qid=1672923613&s=kitchen&sr=1-428
B08RDWBYCQ,T TOPLINE 180 W Electric Hand MixerHand Blender  Egg Beater Cake maker  Beater Cream Mix Food Blender Beater for Whipping Cream Beater for Cake With 7 -Speed with spatula and oil brush,Home&Kitchen|Kitchen&HomeAppliances|SmallKitchenAppliances|HandBlenders,549,999,45%,4,1313,★7 Speed hand mixer please see the image or read instruction manual for speed guide|★Attachments: Tackle a number of kitchen tasks with two professional-style wire beaters for eggs and ream and two hooks for mixing dough. All are dishwasher-safe|★Motor 180-watt - this powerful motor has 7 speeds so you can start slow and finish fast|2 Stainless Steel Hooks For Mixing and Kneading.,https://m.media-amazon.com/images/W/WEBP_402378-T2/images/I/41F-EWC+v+L._SY300_SX300_.jpg,https://www.amazon.in/TOPLINE-Egg-Beater-Stainless-Attachments/dp/B08RDWBYCQ/ref=sr_1_429?qid=1672923613&s=kitchen&sr=1-429
B09FHHTL8L,Empty Mist Trigger Plastic Spray Bottle for Multi use 200ml Pack of 2,Home&Kitchen|HomeStorage&Organization|LaundryOrganization|IroningAccessories|SprayBottles,85,199,57%,4.1,212,Easy To Press Spray Pump Delivers Ultra-Fine Mist Spray. Transparent empty Bottle. lock On Top Prevents The Spray Pump From Spraying Liquids Accidentally.|Made From BPA-Free Food-Safe Plastic. Odorless and Keeps the Liquids Fresh for Long.|Transfer Toners Rose Waters Perfumes Oils Hand Sanitizers etc. in this Cute Spray Bottle and Keep it in Your Purse or Travel Bag.,https://m.media-amazon.com/images/W/WEBP_402378-T1/images/I/41Qu+vkjbcL._SY300_SX300_.jpg,https://www.amazon.in/Empty-Trigger-Plastic-Spray-Bottle/dp/B09FHHTL8L/ref=sr_1_430_mod_primary_new?qid=1672923613&s=kitchen&sbo=RZvfv%2F%2FHxDF%2BO5021pAnSA%3D%3D&sr=1-430
B0BHNHMR3H,LONAXA Mini Travel Rechargeable Fruit Juicer - USB Electric Fruit & Vegetable Juice Blender/Grinder for Home and Office Use (Multicolor)…,Home&Kitchen|Kitchen&HomeAppliances|SmallKitchenAppliances|JuicerMixerGrinders,499,1299,62%,3.9,65,The USB personal portable blender is equipped with a built-in 2000mAh rechargeable battery which is universally compatible with all USB ports including mobile power supplies computers laptops and other USB devices. The capacity is 380 ml. It is suitable for indoor and outdoor activities exercise travel work and carry it with you!,https://m.media-amazon.com/images/I/51V0CstI47L._SX300_SY300_QL70_FMwebp_.jpg,https://www.amazon.in/LONAXA-Travel-Rechargeable-Fruit-Juicer/dp/B0BHNHMR3H/ref=sr_1_431?qid=1672923613&s=kitchen&sr=1-431
B07D8VBYB4,SUJATA Powermatic Plus Juicer Mixer Grinder 900 Watts 2 Jars (White),Home&Kitchen|Kitchen&HomeAppliances|SmallKitchenAppliances|JuicerMixerGrinders,5865,7776,25%,4.4,2737,Warranty: 1 year warranty provided by the manufacturer from date of purchase|Includes: 1 unit Motor 1 Jucier attachment 1 Blender jar 1 Grinder jar|Most powerful 9 watts motor with double ball bearings for efficiency low maintenance and trouble free running for years|Juicer with unique honeycomb filter mesh for finer juice with higher yield|22 rpm operation- retains flavor and aroma of juices and food|9 mins. continuous running- suitable for longer usage|Totally shock-proof and safe|Item shape: Square,https://m.media-amazon.com/images/W/WEBP_402378-T1/images/I/41pb+fODkVL._SX300_SY300_.jpg,https://www.amazon.in/Powermatic-Plus-CH-900-Watt-Grinder/dp/B07D8VBYB4/ref=sr_1_432?qid=1672923613&s=kitchen&sr=1-432
B0B3TBY2YX,AGARO Royal Double Layered Kettle 1.5 Litres Double Layered Cool Touch  Dry Boiling Protection Black,Home&Kitchen|Kitchen&HomeAppliances|SmallKitchenAppliances|Kettles&HotWaterDispensers|ElectricKettles,1260,2299,45%,4.3,55,1.5 L Capacity|Double Layered Food Grade 304 Stainless Steel Body inside and plastic outside with Cool Touch Handle|Advanced thermostat with Boil-Dry Protection & Auto Shut Off|Big Mouth Design for Easy Cleaning|1.2 meters power cord 1500 Watts 220V-240 V AC 50 Hz|2 Years Warranty,https://m.media-amazon.com/images/I/310R9iLp3mL._SX300_SY300_QL70_FMwebp_.jpg,https://www.amazon.in/AGARO-Double-Layered-Boiling-Protection/dp/B0B3TBY2YX/ref=sr_1_433_mod_primary_new?qid=1672923613&s=kitchen&sbo=RZvfv%2F%2FHxDF%2BO5021pAnSA%3D%3D&sr=1-433
B088WCFPQF,Cafe JEI French Press Coffee and Tea Maker 600ml with 4 Level Filtration System Heat Resistant Borosilicate Glass (Black 600ml),Home&Kitchen|Kitchen&HomeAppliances|CoffeeTea&Espresso|CoffeePresses,1099,1500,27%,4.5,1065,4 LEVEL FILTRATION SYSTEM - We use double stainless steel screen filters on a plunger supported by a spring loaded base plate to seal the edges followed by a final top lid strainer to give you a pure brew with no grounds unlike other cheap presses. Perfect to make fresh coffee tea espresso cold brew or even latte. Use the French press coffee machine to froth milk the double screen filters make perfect milk froth for your latte.|ONLY THE FINEST QUALITY MATERIALS - Every single metal piece is high-grade stainless steel giving the french press a resilient shine protecting it from rust. The large carafe is made of thick borosilicate glass that can withstand boiling water! The handle is sturdy and is made of high-grade heat-resistant material making it easy to hold. All individual materials surpass food/drink grade quality—BPA-free plastic lid strainer.|MAXIMUM FLAVOUR - Pressed Coffee extracts the perfect amount of essentials oils and acids from the Coffee bean for maximum flavor; the preferred method for brewing for Coffee enthusiasts everywhere.|PERFECT GIFT FOR COFFEE AND TEA LOVERS - Our french press coffee plunger makes an ideal gift for coffee and tea lovers. Give those coffee and tea lovers a gift that they will remember forever.|INCLUDED - 2 Bonus Stainless Steel Screen filters & 0.20 oz coffee measuring spoon and a Cleaning tool in the package.|Pinnacle Of Richness Of Nutrients & Taste Pressed coffee extracts the perfect amount of essential oils and acids from the coffee bean for maximum flavor while allowing you to savor the deep-roasted flavor full-body and subtle notes of your favorite beans from your very first cup.,https://m.media-amazon.com/images/W/WEBP_402378-T2/images/I/31YEW0-SNcL._SX300_SY300_QL70_FMwebp_.jpg,https://www.amazon.in/Cafe-JEI-Filtration-Resistant-Borosilicate/dp/B088WCFPQF/ref=sr_1_436?qid=1672923613&s=kitchen&sr=1-436
B07JZSG42Y,Borosil Prime Grill Sandwich Maker (Grey),Home&Kitchen|Kitchen&HomeAppliances|SmallKitchenAppliances|SandwichMakers,1928,2590,26%,4,2377,Non stick grilling plate can make up to 2 large size sandwiches at the same time. Capacity 4 Slices|Non stick grill plate dimension : 230 x 145mm  Heating plate opens to 90 degree for easy access|Automatic Temperature ControlThermal fuse for extra safety. Red Indicator for heating operation|Cool touch handle for safety|Longer than normal power cord|Cord wrap for easy storage|Anti Skid legs,https://m.media-amazon.com/images/W/WEBP_402378-T1/images/I/51IMz58igdL._SX300_SY300_QL70_FMwebp_.jpg,https://www.amazon.in/Borosil-Prime-BGRILLPS11-Grill-Sandwich/dp/B07JZSG42Y/ref=sr_1_437?qid=1672923613&s=kitchen&sr=1-437
B08YRMBK9R,Candes 10 Litre Perfecto 5 Star Rated Automatic Instant Storage Electric Water Heater with Special Metal Body Anti Rust Coating With Installation Kit 2KW Geyser (Ivory),Home&Kitchen|HeatingCooling&AirQuality|WaterHeaters&Geysers|StorageWaterHeaters,3249,6299,48%,3.9,2569,Type: Storage; Capacity: 10 Litres; Wattage: 2000 Watts; Pressure: 6.5 Bars ; BEE Rating: 5 Star Rated Energy Efficient Geyser Inner Tank Material: Stainless Steel (SS) Tank with special Anti-Rust coating - 2X Corrosion Resistance; Outer Body Material: Metal (CRCA) Product Dimensions: 42cm Height x 29 cm Length x 27 cm Width|Free Installation Kit - includes inlet & outlet connection pipes teflon tape fastener kit with screws for hanging at no extra cost.|Highest Saving: BEE 5-star rated with Advanced heat resistant Technology & Thermal Insulation for maximum Power Savings. Perfect if you want to go green. Multiple safety systems for protection against dry heating overheating and overpressure; Double Protection with Thermal Auto Cut-Out and Multi-function Safety Valve. Quality check: 5 safety functions and 15 Quality checks by team of advanced professionals & technocrats to ensure only the best product reaches you.|Superior polymer coated 10Ltr capacity tank nano poly bond technology for excellent corrosion resistance and oxidation resistance even in high temperature and pressure 100% ISI Marked & BIS approved Copper Heating Element to ensure powerful heating. ISO Approved Company & 5 Star Rating. Steel Tank is high grade 304 L Steel with overlapping welding with advanced technology & supreme quality material. Thermostat and Auto Cut out with cutting edge latest technology by Automatic Instruments (Al).|Warranty: 5 years on inner tank & 1 year comprehensive warranty for manufacturing defects Includes 1 Vertical Geyser with 1.5 m cord length & 3 pin socket Free Installation Kit as shown Installation to be done by the Customer by themselves Warranty Details- On-Site Service available at 500+ Cities & 13500+ Pincodes for others the product needs to be shipped to service hub. Activate warranty post purchase by product registration please e-mail as mentioned in the images for activation.,https://m.media-amazon.com/images/I/21NKf-n3WdL._SX300_SY300_QL70_FMwebp_.jpg,https://www.amazon.in/Candes-Automatic-Instant-Multiple-Perfecto/dp/B08YRMBK9R/ref=sr_1_438?qid=1672923613&s=kitchen&sr=1-438
B00935MGHS,Prestige PSMFB 800 Watt Sandwich Toaster with Fixed Plates Black,Home&Kitchen|Kitchen&HomeAppliances|SmallKitchenAppliances|SandwichMakers,1199,1795,33%,4.2,5967,Content: Prestige sandwich toaster with fixed sandwich plate|Voltage: 230V; Wattage: 800W; Capacity 4 Slices|Weight: 1.06kg.,https://m.media-amazon.com/images/I/4108k4zDdOL._SY300_SX300_QL70_FMwebp_.jpg,https://www.amazon.in/Prestige-PSMFB-Sandwich-Toaster-Plates/dp/B00935MGHS/ref=sr_1_436?qid=1672923614&s=kitchen&sr=1-436
B07B5XJ572,iBELL MPK120L Premium Stainless Steel Multi Purpose Kettle/Cooker with Inner Pot 1.2 Litre (Silver),Home&Kitchen|Kitchen&HomeAppliances|SmallKitchenAppliances|Kettles&HotWaterDispensers|ElectricKettles,1456,3190,54%,4.1,1776,iBELL Premium 1.2 Litre Stainless Steel Multi Purpose Electric Kettle with Glass Lid,https://m.media-amazon.com/images/I/41hBHbn0KFL._SX300_SY300_QL70_FMwebp_.jpg,https://www.amazon.in/iBELL-MPK120L-Stainless-Purpose-Kettle/dp/B07B5XJ572/ref=sr_1_437?qid=1672923614&s=kitchen&sr=1-437
B086199CWG,Maharaja Whiteline Odacio Plus 550-Watt Juicer Mixer Grinder with 3 Jars (Black/Silver),Home&Kitchen|Kitchen&HomeAppliances|SmallKitchenAppliances|JuicerMixerGrinders,3349,4799,30%,3.7,4200,550 W : Higher the Wattage tougher the Juicing/Grinding|30 mins continuous grinding & juicing. Large Feeder Tube : Full Apple Feeder Tube.Integrated Juice Carafe : Yes|100% Food grade safe|Versatile (3jars): 1.5l blender jar 0.7l grinding jar 0.4l chutney jar|Detachable anti-drip spout to prevent spillage of juice|Durable stainless steel juicer mesh|Pusher for effective juicing,https://m.media-amazon.com/images/I/41QKvmjpVFL._SX300_SY300_QL70_FMwebp_.jpg,https://www.amazon.in/Maharaja-Whiteline-Odacio-550-Watt-Grinder/dp/B086199CWG/ref=sr_1_438?qid=1672923614&s=kitchen&sr=1-438
B0BBWJFK5C,Shakti Technology S3 High Pressure Car Washer Machine 1800 Watts and Pressure 120 Bar for Cleaning Car Bike & Home,Home&Kitchen|Kitchen&HomeAppliances|VacuumCleaning&Ironing|PressureWashersSteam&WindowCleaners,4899,8999,46%,4.1,297,Power: 1800W Pressure: 120 Bar Flow Rate: 10L/min Voltage: 220V~50Hz|Venturi system Auto Stop Self-intake function Pressure gauge Variably adjustable fan spray lance Water filter|Low-noise operation: auto stop technology switches the motor and pump off automatically when the switch is released|The power cable has a length of 3.5 meters and a hose pipe also has a length of 8 meters. This is an efficient car washer. Convenience this pressure washer has a compact and sturdy design and is convenient to move around.|Includes: 1800W Pressure Washer Inlet Pipe 8M Outlet Pipe Water Filter Foam Pot Inlet Filter Quick Connector Pressure Gun Extension Rod & 3.5M Cable With 6 Months Warranty,https://m.media-amazon.com/images/W/WEBP_402378-T1/images/I/413b+0JACfL._SX300_SY300_.jpg,https://www.amazon.in/Shakti-Technology-S3-Pressure-Cleaning/dp/B0BBWJFK5C/ref=sr_1_439?qid=1672923614&s=kitchen&sr=1-439
B07GLS2563,Cello Quick Boil Popular Electric Kettle 1 Litre 1200 Watts | Stainless Steel body | Boiler for Water Silver,Home&Kitchen|Kitchen&HomeAppliances|SmallKitchenAppliances|Kettles&HotWaterDispensers|Kettle&ToasterSets,1199,1899,37%,4.2,3858,Suitable for: Water Tea and Soups|Stainless Steel Body Pull Lid Opening|Capacity: 1ltr 1w to 12w|Wide Mouth for Easy Cleaning|Country of Origin: China|Customer Care No: 741799,https://m.media-amazon.com/images/I/41XXDlWCBDL._SX300_SY300_QL70_FMwebp_.jpg,https://www.amazon.in/cello-Stainless-Electric-Kettle-Silver/dp/B07GLS2563/ref=sr_1_440?qid=1672923614&s=kitchen&sr=1-440
B09P182Z2H,AGARO Glory Cool Mist Ultrasonic Humidifier 4.5Litres For Large Area Room Home Office Adjustable Mist Output Ceramic Ball Filter Ultra Quiet 360° Rotatable Nozzle Auto Shut Off Grey,Home&Kitchen|HeatingCooling&AirQuality|Humidifiers,3290,5799,43%,4.3,168,Works on ultrasonic technology to humidify the room for skin hydration assist for sound sleep effortless breathing.|4.5 Litres large capacity water tank moisturises the air up to 15 hours and enables a cool and fresh atmosphere. Comes with a handle at the side of the filling inlet for easy handling of the product while filling with water.|Comes with a top handle for easy removing of top half of the product|Suitable for up to 20 sq meters/215 sq ft room area such as large room baby room living room office|Comes with removable ceramic ball filter to prevent water scalding and remove impurities from the water in the humidifier to give a clean moisture in your room|Comes with a dial control knob which can be adjusted to control the mist output for an ideal humidity level as per your requirement with max 300 ml/hr|Comes with filter for filtering out the dust,https://m.media-amazon.com/images/I/31hQyi26uAL._SX300_SY300_QL70_FMwebp_.jpg,https://www.amazon.in/AGARO-Ultrasonic-Humidifier-4-5Litres-Adjustable/dp/B09P182Z2H/ref=sr_1_441?qid=1672923614&s=kitchen&sr=1-441
B0B59K1C8F,Wolpin 1 Lint Roller with 60 Sheets Remove Clothes Lint Dog Hair Dust (19 x 13 cm) Orange,Home&Kitchen|Kitchen&HomeAppliances|VacuumCleaning&Ironing|IronsSteamers&Accessories|LintShavers,179,799,78%,3.6,101,Strong Adhesion: Wolpin lint roller is a very handy tool to have around that you can use on your clothes furniture and pretty much anywhere else. It's perfect for throwing in your gym bag purse or backpack and taking wherever you go! Keep your clothes looking fresh and clean. Perfect for cleaning / removing dust particles from clothes blazers jackets dresses woollen items dongs hair from sofa etc.|Package Content: 1 Pc 60 sheets Lint Roller|Easy to use: No Mess -Easy to use just peel and stick the roller to remove debris from clothing and upholstery. Easy to tear. Good for more than clothes - Use it on upholstery furniture and car interiors.|Multipurpose: Travel-friendly.  This lint roller has 60 adhesive sheets and it comes in a travel-friendly format. The handle is ergonomically designed so it fits comfortably in your hand.|Keep Coat Hair and Clothes Clean and Fluffy - Makes removing lint and pet fur from clothes hair and furniture easy and keeps things looking sharp and clean. Dog Hair Removal Dust Free Clothes & Furniture.,https://m.media-amazon.com/images/W/WEBP_402378-T2/images/I/51wxUA6-CBL._SX300_SY300_QL70_FMwebp_.jpg,https://www.amazon.in/Wolpin-Roller-Sheets-Remove-Clothes/dp/B0B59K1C8F/ref=sr_1_442?qid=1672923614&s=kitchen&sr=1-442
B06Y36JKC3,Abode Kitchen Essential Measuring Cup & Spoon for Spices | for Cooking and Baking Cake | Multipurpose Tablespoon Cups with Ring Holder | (Black),Home&Kitchen|Kitchen&HomeAppliances|CoffeeTea&Espresso|CoffeeMakerAccessories|MeasuringSpoons,149,300,50%,4.1,4074,Each package of measuring cups and spoons is clearly labelled with measurement markings|Easy to use for following any recipes and ingredients you need.|Measuring Cups & teaspoons are marked in millilitres. Comes with a ring holder to store all your measuring spoons together and separate them when needed.|Made of 100% plastic material lightweight durable and easy to clean|Perfect for everyday cooking/baking. Great For Sugar Flour Coffee Tea And Other Ingredients used for baking & cooking.,https://m.media-amazon.com/images/I/31Y+l9J1nYL._SY300_SX300_.jpg,https://www.amazon.in/Measuring-Cups-Spoons-Set-Essential/dp/B06Y36JKC3/ref=sr_1_443?qid=1672923614&s=kitchen&sr=1-443
B075S9FVRY,Sujata Supermix Mixer Grinder 900 Watts 3 Jars (White),Home&Kitchen|Kitchen&HomeAppliances|SmallKitchenAppliances|MixerGrinders,5490,7200,24%,4.5,1408,Warranty: 2 year warranty provided by the manufacturer from date of purchase|Includes: 1 unit Motor 1 Blender jar 1 Chutney jar 1 Dry Grinder jar|Most powerful 900 watts motor with double ball bearings for efficiency low maintenance and trouble free running for years|Unbreakable and transparent blender jar 2 separate stainless steel jars for dry grinding and chutney grinding. 3 Speed with Rotary action switch. Whipper button for momentary motion|22000 rpm operation- retains flavor and aroma of juices and food|90 mins. continuous running- suitable for longer usage|Totally shock-proof and safe,https://m.media-amazon.com/images/I/41wCglxg9qL._SX300_SY300_QL70_FMwebp_.jpg,https://www.amazon.in/Sujata-Supermix-AM-007-Watt-Juicer-Grinder/dp/B075S9FVRY/ref=sr_1_444?qid=1672923614&s=kitchen&sr=1-444
B08SJVD8QD,CARDEX Digital Kitchen Weighing Machine Multipurpose Electronic Weight Scale With Back Lite LCD Display for Measuring Food Cake Vegetable Fruit (KITCHEN SCALE),Home&Kitchen|Kitchen&HomeAppliances|SmallKitchenAppliances|DigitalKitchenScales,379,389,3%,4.2,3739,Kitchen Scale is Compact portable and easy to use. It has tare (zero) function.|Capacity: 500g 1000g 3000g 5000g.|Automatic Zero resetting and automatic switch off in 3 seconds.|Low power low battery and overload indicator.|Equipped With a High Precision Strain Gauge Sensor System,https://m.media-amazon.com/images/I/31HohsWo-+L._SY445_SX342_.jpg,https://www.amazon.in/Weighing-Multipurpose-Electronic-Measuring-Vegetable/dp/B08SJVD8QD/ref=sr_1_445?qid=1672923614&s=kitchen&sr=1-445
B07FJNNZCJ,V-Guard Zenora RO+UF+MB Water Purifier | Suitable for water with TDS up to 2000 ppm | 8 Stage Purification with World-class RO Membrane and Advanced UF Membrane | Free PAN India Installation & 1-Year Comprehensive Warranty | 7 Litre Black,Home&Kitchen|Kitchen&HomeAppliances|WaterPurifiers&Accessories|WaterFilters&Purifiers,8699,13049,33%,4.3,5891,7 STAGE ADVANCED PURIFICATION: Zenora’s intelligent design combining world-class RO Membrane guarantees effective elimination of impurities commonly found in Indian water supply and long-lasting performance with minimal maintenance hassles. The advanced hollow fiber UF Membrane polishes the filtered water to prevent any fine particles in your drinking water|MADE FOR INDIAN WATER CONDITIONS: RO+UF+MB Model can treat water with TDS up to 2000 ppm making it suitable for borewell tanker & municipal water|TRUE ONE YEAR COMPREHENSIVE WARRANTY: Covers Filters RO Membrane and Electrical Parts Free Replacement of 2 Pre-Filters Two Free Pre-emptive Maintenance Services and One Free Re-installation|AFFORDABILITY ASSURED: Free Installation with Pan India Service Support and Attractive AMC Plans|PAN-INDIA SERVICE NETWORK: 1800-103-1300 (Toll Free) | 1860-180-3000 (Toll) or send a “Hi” via WhatsApp to +919633503333 or email us at waterpurifier@vguard.in|IMMERSIVE LED EXPERIENCE: Equipped with 3 LED Indicators for 'Purification On' 'Tank Full' and 'Low Pressure'. This will keep you informed about the health of the machine at all times|7 L LARGE STORAGE TANK: Made of 100% Food Grade Plastic Ideal for Large Families,https://m.media-amazon.com/images/W/WEBP_402378-T2/images/I/31B7DwG79FL._SY445_SX342_QL70_FMwebp_.jpg,https://www.amazon.in/V-Guard-Zenora-Litre-Purifier-Purification/dp/B07FJNNZCJ/ref=sr_1_446?qid=1672923614&s=kitchen&sr=1-446
B09MFR93KS,Bajaj Rex DLX 750 W 4 Jars Mixer Grinder White and Blue,Home&Kitchen|Kitchen&HomeAppliances|SmallKitchenAppliances|MixerGrinders,3041.67,5999,49%,4,777,Powerful motor - 2000 RPM 750 Watts|4 Stainless Steel Jars - 1.5L Liquidizing jar 1.0L dry / wet grinding jar 0.4L chutney jar 1.5L polycarbonate blending jar with fruit filter|3 speed with incher facility|Unbreakable Jar Lids and handles|Motor overload protector,https://m.media-amazon.com/images/W/WEBP_402378-T1/images/I/31uBcZhDMjL._SX300_SY300_QL70_FMwebp_.jpg,https://www.amazon.in/Bajaj-Jars-Mixer-Grinder-White/dp/B09MFR93KS/ref=sr_1_447?qid=1672923614&s=kitchen&sr=1-447
B07Y5FDPKV,KENT 16051 Hand Blender 300 W | 5 Variable Speed Control | Multiple Beaters & Dough Hooks | Turbo Function,Home&Kitchen|Kitchen&HomeAppliances|SmallKitchenAppliances|HandBlenders,1745,2400,27%,4.2,14160,The powerful 300W hand blender promises an efficient and fast cooking process|Its 5 variable speed controls make mixing and blending very easy and offer perfect results every time|With the blender’s turbo function you can get the kitchen chores done quickly|In-built over-heating protection saves your product from any damage caused by overheating|Its powerful copper motor ensures longevity|Food Grade Plastic body to maintain hygiene|Multiple beaters and dough hooks for preparing a variety of recipes. You can easily change them by just pushing the eject button,https://m.media-amazon.com/images/W/WEBP_402378-T1/images/I/41XtCfScreS._SX300_SY300_QL70_FMwebp_.jpg,https://www.amazon.in/Kent-Hand-Blender-300-White/dp/B07Y5FDPKV/ref=sr_1_451?qid=1672923614&s=kitchen&sr=1-451
B0756KCV5K,Prestige PIC 15.0+ 1900-Watt Induction Cooktop (Black),Home&Kitchen|Kitchen&HomeAppliances|SmallKitchenAppliances|InductionCooktop,3180,5295,40%,4.2,6919,Concealed and feather touch buttons|Anti magnetic wall Push Button Controls|Body Material - Full Glass|Automatic voltage regulator . Indian menu option|Unique design for protection against insects|Warranty: 1 year on product|Power: 1900 watts; Operating Voltage: 230 volts,https://m.media-amazon.com/images/I/41jv4fqU1EL._SY300_SX300_QL70_FMwebp_.jpg,https://www.amazon.in/Prestige-PIC-15-0-1900-Watt-Induction/dp/B0756KCV5K/ref=sr_1_452?qid=1672923614&s=kitchen&sr=1-452
B0BJ6P3LSK,Aqua d pure Active Copper 12-L RO+UV Water Filter Purifier for Home Kitchen Fully Automatic UF+TDS Controller,Home&Kitchen|Kitchen&HomeAppliances|WaterPurifiers&Accessories|WaterFilters&Purifiers,4999,24999,80%,4.5,287,Remove 95% to 98% TDS 100% natural water Fully Automated Operation Multi Stage Purification|Elegant Design with Transparent Cover and Purified Water Level Indicator Push Fit component for Leak Proof Performance|RO Water Purifier with Adv. RO Reverse Osmosis Technology Purification Stages : 8 Storage: 12 Ltr best suitable for Home|Bio+ (AAA) Alkaline 3 in 1 Active Copper Filter - Copper Filter RO water purifier provides the goodness of copper. Copper-infused water has anti-microbial and anti-inflammatory properties along with Alkaline technology mainly helps in balancing the PH level of water.|Includes – RO Purifier Pre Filter Installation accessories user manual. Installation – You need to pay Up-to Rs. 500/- to the technician for installation|Auto Shut OFF - Fully automatic shut off function which automatically switched off the Machine when its water tanks get full,https://m.media-amazon.com/images/W/WEBP_402378-T2/images/I/41NSz+RdSoL._SX342_SY445_.jpg,https://www.amazon.in/Aquadpure-Copper-RO-Automatic-Controller/dp/B0BJ6P3LSK/ref=sr_1_453?qid=1672923614&s=kitchen&sr=1-453
B09HS1NDRQ,PrettyKrafts Laundry Square Shape Basket Bag/Foldable/Multipurpose/Carry Handles/Slanting Lid for Home Cloth Storage(Single) Jute Grey,Home&Kitchen|HomeStorage&Organization|LaundryOrganization|LaundryBaskets,390,799,51%,3.8,287,"MULTIFUNCTIONAL LAUNDRY BAG - Useful for homes apartments bathroom student's dormitory and hostels. Also help you to store other stuff such as umbrellas toys shoes etc Make your room look clean tidy and save space|Lightweight sturdy and easy to carry collapsible for compact storage|Needs no assembly - Folds when not in use. Volume: 75 litre. Package contains 1 Laundry Basket.|HIGH QUALITY - Made from non-woven fabric with strong durable stitching which is environmentally friendly durable wear and tear-resistant fabric anti-wrinkle-free lightweight|FOLDABLE STORAGE CONTAINERS - This box is foldable for space-saving easy to set up and convenient to carry. Can be folded when not in use|REMOVABLE LID - Laundry Box comes with the matching Lid to prevent dust from settling on the stored contents while bringing a decorative look|MADE IN INDIA. Rectangular in shape holds a large load of laundry clothes. Material: Non-Woven fabric. Dimension (Inch): 16"" X 14"" X 21"" In",https://m.media-amazon.com/images/I/416VJv+z7CL._SY300_SX300_.jpg,https://www.amazon.in/PrettyKrafts-Laundry-Foldable-Multipurpose-Slanting/dp/B09HS1NDRQ/ref=sr_1_454?qid=1672923614&s=kitchen&sr=1-454
B018SJJ0GE,Libra Roti Maker Electric Automatic | chapati Maker Electric Automatic | roti Maker Machine with 900 Watts for Making Roti/Chapati/Parathas - Stainless Steel,Home&Kitchen|Kitchen&HomeAppliances|SmallKitchenAppliances|RotiMakers,1999,2999,33%,4.4,388,Libra Roti Maker electric automatic has bakelite handles and housing which are strong and sturdy for long life operation. Libra Chapati maker electric automatic is also safe to use because of heat resistant bakelite handles.|Libra Roti Maker electric automatic can not only be used to make Roti / Chapati but also can be used to make Parathas  Dosa and even paneer tikkas. The Libra Chapati Maker electric automatic is a versatile product and is very handy in every kitchen.|Libra Roti Maker electric automatic makes fluffy Rotis. To do so  we need SOFTER dough then normal dough. The proportion should be 1 cup of water with 2 cups of dough. The results are better with maida and packed Atta. For other Atta please seive the atta and then use for best results. Despite all if you are unable to prepare the Chapati in the chapati maker electric automatic  please do not hesitate to call the help line they shall assist you with the process.|Libra Roti maker electric automatic is strongly packed with thermocole and strong corrugated box. Thus the Libra Chapati Maker electric automatic reaches to you very safely. You can also reach customer care at any time for further assistance with the product.|Libra Roti Maker electric automatic is made with Stainless Steel Housing. So you do not need to worry about the rusting. The Libra Chapati maker electric automatic has Non stick coated heating plates with an 8 inch diameter which makes the process of Roti and Chapati Making very easy.|Libra Roti Maker electric automatic has double indicator lamps. One indicator lamp indicates the power supply whereas the other indicator lamp is for the thermostatic control which goes on/off as soon as the temperature is achieved. Libra Chapati Maker electric automatic saves electricity as well besides maintaining temperature.,https://m.media-amazon.com/images/I/41Mm2LXiZrL._SX300_SY300_QL70_FMwebp_.jpg,https://www.amazon.in/Libra-Athena-Roti-Maker-Black/dp/B018SJJ0GE/ref=sr_1_455?qid=1672923614&s=kitchen&sr=1-455
B09FPP3R1D,Glen 3 in 1 Electric Multi Cooker - Steam Cook & Egg Boiler with 350 W (SA 3035MC) - 350 Watts,Home&Kitchen|Kitchen&HomeAppliances|SmallKitchenAppliances|EggBoilers,1624,2495,35%,4.1,827,A compact multifunction appliance perfect for boiling cooking & steaming various foods | Equipped with steam/egg plate for boiling 8 eggs at a time or steaming vegetables meat or fish;Has a non stick cooking plate to make instant noodles scrambled eggs etc and a break resistant food grade polycarbonate transparent top cover.|Allows you to set time upto 45 minute depending upon the recipe | A measuring cup with piercing pin also comes with the appliance.;350W power to boil & steam foods quickly | It has a boil dry protection that cuts off the supply once the water is finished.|Different vegetables like broccoli corn sweet potato & meats can be steamed| An indicator light is present on the front side which lights up when the unit is in operation.;Input supply: 230 V AC 50 Hz | Cord Plug / Length: 3 Pins/1.0 m | Package Includes: Main Unit Top Cover egg plate measuring cup with piercing pin User's Guide | 2 Years warranty on product|Care Instructions: Dry Clean Only; Color Name: Grey; Size Name: Small; Material Type: Plastic,https://m.media-amazon.com/images/I/31afXBXOUVL._SX300_SY300_QL70_FMwebp_.jpg,https://www.amazon.in/Glen-Electric-Multi-Cooker-Boiler/dp/B09FPP3R1D/ref=sr_1_456?qid=1672923614&s=kitchen&sr=1-456
B01F7B2JCI,Dynore Stainless Steel Set of 4 Measuring Cup and 4 Measuring Spoon,Home&Kitchen|Kitchen&HomeAppliances|CoffeeTea&Espresso|CoffeeMakerAccessories|MeasuringSpoons,184,450,59%,4.2,4971,Material Grade: Stainless Steel Steel Grade 202 Chromium Nickel Numbers 14/1 100% Stainless Steel|ENGRAVED MEASUREMENT WILL NEVER RUB OFF: Our engraved metric measurements which is easy to read and will not rub off. To ensure accurate measuring in cooking/baking.|EASY TO USE: The measuring spoon set features a round design for stability and a long sturdy and thick handle that allows an easy reach to hard spaces like jars and deep containers. Each piece has easy to read engraved markings.|Dimensions: 13.5x4.5x5 cm|Capacity: 250 ml 125 ml 80 ml 60 ml of cup,https://m.media-amazon.com/images/W/WEBP_402378-T2/images/I/41BMEYjkguL._SY300_SX300_QL70_FMwebp_.jpg,https://www.amazon.in/Dynore-Stainless-Measuring-8-Pieces-DS_45/dp/B01F7B2JCI/ref=sr_1_457?qid=1672923614&s=kitchen&sr=1-457
B09NNZ1GF7,Lint Remover For Clothes With 1 Year Warranty Fabric Shaver Lint Shaver for Woolen Clothes Blanket Jackets Stainless Steel BladesBedding Clothes and Furniture Best Remover for Fabrics Portable Lint Shavers (White Orange),Home&Kitchen|Kitchen&HomeAppliances|VacuumCleaning&Ironing|IronsSteamers&Accessories|LintShavers,445,999,55%,4.3,229,Our Lint Remover for Clothes MAKE ALL FABRICS LOOK BRAND NEW- SaiEllin Electric Lint Remover Smoothly takes off the Bur Lint Remover Fuzz Cleaner Bubble Shaver Lintremover Fur Fuss Pilling Bhur Bubbling Cleaning Balls Flower Trap from fabric suitable for Sweaters Woollens Blanket|REJUVENATE FABRICS- Restore your clothes and fabrics to a fresh new look! Powerful engine can easily and gently remove fluffs lints pilling fuzzes and bobbles from fabrics like bed sheets cushions sweaters woolen coats curtains carpets and more!|EASY TO USE- Designed Specially and lightweight so it's easy to grip while you efforlessly defuzz your fabrics at any angle. The motor generates a strong suction when the blades are rotating for maximum effect|DESIGN- Smart design Lightweight elegant handle design Skid proof design easy to operate with large shaving head detachable lint catcher and comfort grip handle. The comfort grip handle allows the fluff remover to fit comfortably in your hand giving you a good and control.|DIRECT CORDED- Easy to use just plug-in and switch on and your are now ready to do magic gently move it on your clothes it will remove all your annoying hair bobbles and your fabric will be like new.,https://m.media-amazon.com/images/W/WEBP_402378-T1/images/I/51B4Ea7gRCL._SX300_SY300_QL70_FMwebp_.jpg,https://www.amazon.in/SAIELLIN-Clothes-Sweater-Defuzzer-Trimmer/dp/B09NNZ1GF7/ref=sr_1_458?qid=1672923614&s=kitchen&sr=1-458
B01CS4A5V4,Monitor AC Stand/Heavy Duty Air Conditioner Outdoor Unit Mounting Bracket,Home&Kitchen|HeatingCooling&AirQuality|Parts&Accessories|FanParts&Accessories,699,1690,59%,4.1,3524,For AC Outdoor Unit Wall Mounting|For Upto 1.0 / 1.5 / 2.0 Ton AC Outdoor Unit|Net Weight 3.2 KGS|Easy To Install and set up|Heavy Duty GI Steel  Weight Carrying utpo 150 Kgs,https://m.media-amazon.com/images/I/41xjCi0e7GL._SX300_SY300_QL70_FMwebp_.jpg,https://www.amazon.in/Monitor-Split-AC-Stand-White/dp/B01CS4A5V4/ref=sr_1_459?qid=1672923614&s=kitchen&sr=1-459
B0BL11S5QK,iBELL Induction Cooktop 2000W with Auto Shut Off and Overheat Protection BIS Certified Black,Home&Kitchen|Kitchen&HomeAppliances|SmallKitchenAppliances|InductionCooktop,1601,3890,59%,4.2,156,Induction cooktop with press button control and High quality crystal glass|Certified by Bureau of Indian Standards (IS 302-2-6 : 2009)|Induction cooktop with press button control and High quality crystal glass|Certified by Bureau of Indian Standards (IS 302-2-6 : 2009)|Super wide voltage adaptability and with multifunctions|Auto shutoff safety protection and Overheat protection|High quality coils|2 Year Warranty (1 Year standard warranty + 1 Year additional warranty on free registration. Warranty Registration should be done within 30 days from the date of purchase.),https://m.media-amazon.com/images/I/41mZWS7bb+L._SX342_SY445_.jpg,https://www.amazon.in/Induction-Cooktop-Overheat-Protection-Certified/dp/B0BL11S5QK/ref=sr_1_460?qid=1672923614&s=kitchen&sr=1-460
B09BL2KHQW,KENT POWP-Sediment Filter 10'' Thread WCAP,Home&Kitchen|Kitchen&HomeAppliances|WaterPurifiers&Accessories|WaterPurifierAccessories,231,260,11%,4.1,490,Sediment filter 10 inch Kent,https://m.media-amazon.com/images/I/41ugz3c3G1L._SY300_SX300_QL70_FMwebp_.jpg,https://www.amazon.in/KENT-POWP-Sediment-Filter-Thread-WCAP/dp/B09BL2KHQW/ref=sr_1_461_mod_primary_new?qid=1672923614&s=kitchen&sbo=RZvfv%2F%2FHxDF%2BO5021pAnSA%3D%3D&sr=1-461
B081RLM75M,LACOPINE Mini Pocket Size Lint Roller (White),Home&Kitchen|Kitchen&HomeAppliances|VacuumCleaning&Ironing|IronsSteamers&Accessories|LintShavers,369,599,38%,3.9,82,Plastic+Adhesive Paper|Practical handle with hole easy to hang up for storage. Torn paper: 30 sheets per roller.|Not only for pet hair but also for pants coats sweaters dresses suits etc.|Economy value pack of 1 Rollers+5 Refiils 180 Total Sheets.|Portable & Convenient for Travel – The medium or mini lint roller can be taken into your bag the mini lint roller even can be easy taken into your pocket. You can finish remove hair work anywhere.,https://m.media-amazon.com/images/W/WEBP_402378-T1/images/I/31QVpoSYsrL._SX300_SY300_QL70_FMwebp_.jpg,https://www.amazon.in/LACOPINE-Mini-Pocket-Roller-White/dp/B081RLM75M/ref=sr_1_462?qid=1672923614&s=kitchen&sr=1-462
B07SYYVP69,iBELL SEK170BM Premium Electric Kettle 1.7 Litre Stainless Steel with Coating1500W Auto Cut-Off Silver with Black,Home&Kitchen|Kitchen&HomeAppliances|SmallKitchenAppliances|Kettles&HotWaterDispensers|ElectricKettles,809,1950,59%,3.9,710,100% Stainless Steel Body with Strong Removable Glass Lid. The removable lid ensures easy cleaning and maximum hygiene. Capacity: 1.7 Litre Power: 1500W Rated Voltage: 220-240V|100% Stainless Steel Body with Strong Removable Glass Lid. The removable lid ensures easy cleaning and maximum hygiene. Capacity: 1.7 Litre Power: 1500W Rated Voltage: 220-240V|Automatically Power OFF against Dry Heating Accurate Temperature Controller|360 Degree Rotating Base Elegant and easy to clean. Hygienic stainless steel body|Safety Lock Lid with High Quality Thermistor Unique Steam Reactor SettingTriple Safety Protection Stainless Steel Heating Plate Bionic Design|Warranty: 1 Year Standard Warranty + 1 Year Additional Warranty on Free Registration,https://m.media-amazon.com/images/W/WEBP_402378-T1/images/I/41VOCgvMKJL._SX300_SY300_QL70_FMwebp_.jpg,https://www.amazon.in/SEK170L-Premium-Stainless-Electric-Cut-Off/dp/B07SYYVP69/ref=sr_1_460?qid=1672923615&s=kitchen&sr=1-460
B0BDZWMGZ1,Activa Easy Mix Nutri Mixer Grinder 500 Watt | Long Lasting Shock Proof ABS Body | Heavy Duty Motor With Nano - Grinding Technology,Home&Kitchen|Kitchen&HomeAppliances|SmallKitchenAppliances|MixerGrinders,1199,2990,60%,3.8,133,POWERFUL 500W MOTOR WITH NANO GRINDING TECHNOLOGY; With a powerful 500 Watt motor from copper this electric blender reaches 22000 rpm crushes soft and hard ingredients with ease. Just press your hand on the blender and it will deliver smooth product in less than 1 minute.|LIMITLESS POSSIBILITIES; Bring this multi purpose mixer grinder to your home and enjoy making Smoothie Nut Butter Idli / Dosa Batter Chutneys Frappuccino Ice Crush Sauce Hummus Desert and Soups.|TRANSPARENT & UNBREAKABLE JARS; Transparent jars enable you to see inside so you don not need to keep opening the lids to check the results.|COMES WITH 2 X BLADES; Cross blades is used for mixing Milkshakes Blending Smoothies Chopping Vegetables Pureeing baby foods Chutney.... etc. Milling blade is ideal for grinding and chopping harder single ingredients such as Coffee Beans Nuts Turmeric Rice... etc.|SPECIAL FEATURES; Verstile Kitchen Blender; Making healthy shakes and smoothies sporty protein drinks fruit and vegetable juice grinding coffee beans nuts spices.... you can do all that in your kitchen at home with this multifunctional NUTRI Mixer Grinder.|MANUFACTURED UNDER THE GUIDANCE OF HIGHLY QUALIFIED ENGINEERS TO ENSURE THE LIFE OF PRODUCT FOR HELP OR GUIDANCE CALL ON OUR CC 9999427599 NOTE: PRODUCT WILL BE REPAIRED IN OUR SERVICE CENTER. 2 Year Assured Replacement Warranty Of Motor And Jars From Our Authorized Service Center Only.,https://m.media-amazon.com/images/I/41Peadim8bL._SX300_SY300_QL70_FMwebp_.jpg,https://www.amazon.in/Activa-Nutri-Mixer-Grinder-Lasting/dp/B0BDZWMGZ1/ref=sr_1_461?qid=1672923615&s=kitchen&sr=1-461
B078JT7LTD,Sujata Dynamix Mixer Grinder 900 Watts 3 Jars (White),Home&Kitchen|Kitchen&HomeAppliances|SmallKitchenAppliances|MixerGrinders,6120,8073,24%,4.6,2751,Warranty: 2 year warranty provided by the manufacturer from date of purchase|Includes: 1 unit Motor 1 Wet Grinder jar 1 Chutney jar 1 Dry Grinder jar|Most powerful 9 watts motor with double ball bearings for efficiency low maintenance and trouble free running for years|Dome jar for wet grinding 2 separate stainless steel jars for dry grinding and chutney grinding|22 rpm operation- retains flavor and aroma of juices and food|9 mins. continuous running- suitable for longer usage|Totally shock-proof and safe,https://m.media-amazon.com/images/I/415634DtKfL._SX300_SY300_QL70_FMwebp_.jpg,https://www.amazon.in/Sujata-Dynamix-900W-900-Watt-Mixer-Grinder/dp/B078JT7LTD/ref=sr_1_462?qid=1672923615&s=kitchen&sr=1-462
B09WF4Q7B3,Wipro Vesta 1380W Cordless Steam Iron Quick heat up with 20gm/ min Steam Burst Scratch resistant Ceramic soleplate Vertical and Horizontal Ironing Steam burst of upto .8g/ shot,Home&Kitchen|Kitchen&HomeAppliances|VacuumCleaning&Ironing|IronsSteamers&Accessories|Irons|SteamIrons,1799,2599,31%,3.6,771,Scratch resistant easy glide ceramic soleplate. 360° Swivel Cord|Non-Stick PTFE coated Ceramic soleplate for smooth ironing Dry/Steam/Spray Ironing|Variable Steam Control with self cleaning feature|Large 200 ml water tank for longer ironing session|Auto Cleaning Technology,https://m.media-amazon.com/images/W/WEBP_402378-T1/images/I/41YFjcEIwWL._SX300_SY300_QL70_FMwebp_.jpg,https://www.amazon.in/Cordless-resistant-soleplate-Vertical-Horizontal/dp/B09WF4Q7B3/ref=sr_1_463?qid=1672923615&s=kitchen&sr=1-463
B092R48XXB,Mi Robot Vacuum-Mop P Best-in-class Laser Navigation in 10-20K INR price band Intelligent mapping Robotic Floor Cleaner with 2 in 1 Mopping and Vacuum App Control (WiFi AlexaGA) Strong suction,Home&Kitchen|Kitchen&HomeAppliances|VacuumCleaning&Ironing|Vacuums&FloorCare|Vacuums|RoboticVacuums,18999,29999,37%,4.1,2536,Ultimate Power Machine: With a powerful 2100 Pa suction and high-end brushless motor you can achieve thorough cleaning of dust and debris in no time. This coupled with the 3200mAh battery provides run-time of up to 130 mins;Dedicated app (Mi Home / Xiaomi Home) for controlling Mi Robot Vacuum-Mop P through Wi-Fi. Along with this user can use host of features like scheduled cleaning  virtual walls/restricted zones zoned and spot cleaning (selective area cleaning)|Mi Robot has 2-in-1 Sweeping & Mopping Function which supports 3 modes of efficient cleaning: 1. Sweeping & Mopping Mode which works with 2-in-1 tank 2. Sweeping Only which works with 550ml large dust box 3. Mopping Only which works with 2-In-1 tank;Intelligent Mapping and Route Planning: The new LDS Laser Navigation System works with an upgraded SLAM algorithm for real-time mapping faster speed higher accuracy (Accuracy Deviation ≤2%) and longer scanning range of up to 8m|Automatic recharging: Mi Robot also offers automatic recharging and also resumes work on its own. This ensures that you get to sit back and relax while it efficiently cleans your home;S & Y Pattern: Thoughtfully designed cleaning paths for Indian homes. S-Pattern helps in cleaning large areas with efficient battery usage. Y-Pattern simulate the manual mopping effect with dual direction repeated wiping for an intense deep clean.|12 high-precision sensors help in an accurate depiction of the surroundings. Powered by an anti-collision and an anti-drop sensor the device makes accurate navigation crosses obstacles up to 2cm high and avoids any fall from the staircase.;Multi Floor mapping support: Helps clean multiple floors hassle-free. Can save up to 10 maps. Mi Robot is also compatible with Google Assistant|Package Contents: 1 x Vacuum Mop 1 x Charging Dock 1 x AC Adaptor 1 x Reusable Wet Mop Pad 1 x Reusable Moist Mop pad  1 x Mop pad holder  1 x 2-in-1 dust compartment 2 x Side Brush 1 x User Manual 1 x Warranty card.; Control Method: Voice; Are Batteries Included: True; Surface Recommendation: Tile; Material Type: Plastic; Color Name: Black|Surface Recommendation: Tile; Material Type: Plastic; Color Name: Black; Are Batteries Included: True; Control Method: Voice,https://m.media-amazon.com/images/I/31grDt8hrBS._SX300_SY300_QL70_FMwebp_.jpg,https://www.amazon.in/Vacuum-Mop-Intelligent-Navigation-Connectivity-Assistant/dp/B092R48XXB/ref=sr_1_464?qid=1672923615&s=kitchen&sr=1-464
B00KIDSU8S,Havells Ventil Air DX 200mm Exhaust Fan (White),Home&Kitchen|HeatingCooling&AirQuality|Fans|ExhaustFans,1999,2360,15%,4.2,7801,Includes: 1 Fan;No. of blades: 5 ; Motor type: Normal Speed ; Motor protection through thermal overload protection device: No|Sweep size: 200mm The exhaust fan is made of sturdy engineering plastic. This kind of plastic offers excellent impact and abrasion resistance Rated Speed 1350 revolution per minute blade design Aerodynamically designed & Balanced Blade;Product Dimensions: 20 x 16 x 30 cm  Warranty: 2 years on product|Power: 32 watts; Operating Voltage: 230 volts Air delivery: 520 cmh ; Speed: 1350 RPM ; Number of blades: 5. Noise level:42 dB;Product Dimensions: 33 x 15.5 x 33.3 cm  Warranty: 2 years on product. Includes: 1 Fan|Controller Type: Button Control; Mounting Type: Wall Mount; Finish Type: Glossy,https://m.media-amazon.com/images/I/41+zSXivpML._SY300_SX300_.jpg,https://www.amazon.in/Havells-FHVVEDXOWH08-Ventil-200mm-White/dp/B00KIDSU8S/ref=sr_1_465?qid=1672923615&s=kitchen&sr=1-465
B0977CGNJJ,AGARO Royal Stand 1000W Mixer with 5L SS Bowl and 8 Speed Setting Includes Whisking Cone Mixing Beater & Dough Hook and Splash Guard 2 Years Warranty (Black) Medium (33554),Home&Kitchen|Kitchen&HomeAppliances|SmallKitchenAppliances|StandMixers,5999,11495,48%,4.3,534,1W Motor with 1% copper winding which multi functional feature to cater to your all kitchen need|8 Speed level with stylish led indicator with pulse function makes your stand mixer and robust companion for all beating whisking and doughing needs of your kitchen|The product comes splash guard which enables to keep your kitchen clean and non-messy while mixer does its perfect blending doughing or whisking|The stand mixer comes with overheating protection along with safety lock to avoid working hazards|Included Components 1 main unit I 1 dough hook I 1 beater I1 whisker I 5 liter mixing bowl|2 Years warranty I capacity 5 liters,https://m.media-amazon.com/images/I/41hYZPZaWfS._SX300_SY300_QL70_FMwebp_.jpg,https://www.amazon.in/AGARO-Setting-Whisking-Warranty-33554/dp/B0977CGNJJ/ref=sr_1_466?qid=1672923615&s=kitchen&sr=1-466
B08WWKM5HQ,Crompton Highspeed Markle Prime 1200 mm (48 inch) Anti-Dust Ceiling Fan with Energy Efficient 55W Motor (Burgundy),Home&Kitchen|HeatingCooling&AirQuality|Fans|CeilingFans,2599,4780,46%,3.9,898,For on-site after-sales service with home visit: or Crompton's Website. Installation is not provided by brand. For product related queries please visit Crompton's website|Unique Holographic Royal Effect on Decorative Trims. Energy Efficient 55W Motor ensures powerful savings of 26% compared to conventional 75W fans|Warranty: 2 years warranty provided by Crompton from date of purchase. Sweep Size 1200 mm; Speed 370 RPM; Air Delivery 225 CMM; Input Power 55W|Crompton's unique high speed motor ensures a best in class air delivery of 225 CMM and guarantees comfort. 100% copper motor double ball bearings dynamically balanced blades. Superior components for longer life; Enhance the look of your living space with HighSpeed Markle Designer Anti-Dust Ceiling Fans|Mounting Type: Downrod Mount; Material Type: Aluminium,https://m.media-amazon.com/images/I/31rcvrnc1RL._SX300_SY300_QL70_FMwebp_.jpg,https://www.amazon.in/Crompton-Highspeed-Anti-Dust-Ceiling-Efficient/dp/B08WWKM5HQ/ref=sr_1_467?qid=1672923615&s=kitchen&sr=1-467
B015GX9Y0W,Lifelong LLWM105 750-Watt Belgian Waffle Maker for Home| Makes 2 Square Shape Waffles| Non-stick Plates| Easy to Use with Indicator Lights (1 Year Warranty Black),Home&Kitchen|Kitchen&HomeAppliances|SmallKitchenAppliances|WaffleMakers&Irons,1199,2400,50%,3.9,1202,The waffle maker makes 2 waffles at a time 750W stable heating provides enough heating to ensure even cooking on both sides without the added step of flipping them.|Lifelong waffle machines come with a non-stick coating making it harder for the waffle to stick to the heating plates. Just a light wipe or gentle scrub can remove any leftover crumbs.|Thermally engineered heating elements ensure even heat distribution. Make sure to cook every single waffle evenly. Dual indicator lights will let you know when the waffles are ready.|It includes a cool touch handle for safe and comfortable use.|As the non-stick plates heat up quickly you can enjoy 2 waffles in minutes by simply plugging it in and pouring the batter.|Takes up barely any counter space and also stands upright for storage taking your minimal cabinet space.,https://m.media-amazon.com/images/W/WEBP_402378-T1/images/I/414fV+i+rcL._SY300_SX300_.jpg,https://www.amazon.in/Lifelong-Waffled105-750-Watt-Waffle-Maker/dp/B015GX9Y0W/ref=sr_1_468?qid=1672923615&s=kitchen&sr=1-468
B089BDBDGM,Kuber Industries Waterproof Round Laundry Bag/Hamper|Polka Dots Print Print with Handles|Foldable Bin & 45 Liter Capicity|Size 37 x 37 x 49 Pack of 1(Black & White)- CTKTC044992,Home&Kitchen|HomeStorage&Organization|LaundryOrganization|LaundryBaskets,219,249,12%,4,1108,PACKAGE CONTAIN: 1 Piece Laundry Basket|MATERIAL: Canvas COLOR: Black & White|PRODUCT DIMENSION: 37 x 37 x 46 CM|EASILY FOLDABLE: Built-in handles for easy transport from the hamper to your washing machine. Easily folds open to put into use and quickly folds flat for home storage when not in use.|Easy To Use: This is a multi-purpose organizer that can be used for keeping various things. You can set a few bags for various items such as office clothes home clothes daily essentials and many more. This will help you get the things and will also save time in re-organization.,https://m.media-amazon.com/images/W/WEBP_402378-T1/images/I/51rf2161JNL._SX300_SY300_QL70_FMwebp_.jpg,https://www.amazon.in/Kuber-Industries-Waterproof-Organizer-CTKTC044992/dp/B089BDBDGM/ref=sr_1_469?qid=1672923615&s=kitchen&sr=1-469
B0BPBG712X,Portable Handy Compact Plug-in Portable Digital Electric Heater Fan Wall-Outlet Handy Air Warmer Blower Adjustable Timer Digital Display Heater for Home/Office/Camper (Black 400 Watts),Home&Kitchen|HeatingCooling&AirQuality|RoomHeaters|FanHeaters,799,1199,33%,4.4,17,Fast Heating :- Ceramic heating element creates energy efficient warmth quickly in 3 seconds.|Overheat protection : PTC ceramic element is self-regulating With the design of over-heat protection for thermal control|Adjustable Temperature & Silent :- Adjustable thermostat control monitors the temperature around you for optimal heating|Energy efficient and Portable :- Ceramic heating element for energy-efficient operation|Compact Design :- It's compact enough to take anywhereGreat for the camper or give it to the kids for their college dorm rooms.,https://m.media-amazon.com/images/W/WEBP_402378-T1/images/I/51ey0zzictL._SX300_SY300_QL70_FMwebp_.jpg,https://www.amazon.in/Portable-Compact-Electric-Wall-Outlet-Adjustable/dp/B0BPBG712X/ref=sr_1_470?qid=1672923615&s=kitchen&sr=1-470
B00JBNZPFM,Karcher WD3 EU Wet and Dry Vacuum Cleaner 1000 Watts Powerful Suction 17 L Capacity Blower Function Easy Filter Removal for Home and Garden Cleaning  (Yellow/Black),Home&Kitchen|Kitchen&HomeAppliances|VacuumCleaning&Ironing|Vacuums&FloorCare|Vacuums|Wet-DryVacuums,6199,10999,44%,4.2,10429,Wet & Dry Vacuum Cleaner with patented filter removal technology quick and easy removal of the filter by folding out the filter cartridge without any contact with dirt for wet and dry suction without changing the filter|This wet & dry vacuum cleaner offers the possibility of attaching different nozzles directly on the suction hose easy vacuuming even in the tightest of spaces|Blower function: Where vacuuming is not possible the practical blower function can be used|Powerful motor and extreme suction power: The wet and dry vacuum cleaner tackles even the most demanding outdoor cleaning tasks – whether it’s dry wet fine or coarse dirt. For perfect wet and dry vacuum cleaning results with convenience and flexibility|The capacity of the wet and dry vacuum cleaner is 17 litres|Warranty: 1 year from the date of invoice|Power: 1000 watts; Operating voltage: 240 volts,https://m.media-amazon.com/images/I/41CAIlYtE+L._SY300_SX300_.jpg,https://www.amazon.in/Karcher-WD-Multi-Purpose-Vacuum-Cleaner/dp/B00JBNZPFM/ref=sr_1_471?qid=1672923615&s=kitchen&sr=1-471
B08N6P8G5K,INALSA Air Fryer Digital 4L Nutri Fry - 1400W with Smart AirCrisp Technology| 8-Preset Menu Touch Control & Digital Display|Variable Temperature & Timer Control|Free Recipe book|2 Yr Warranty (Black),Home&Kitchen|Kitchen&HomeAppliances|SmallKitchenAppliances|DeepFatFryers|AirFryers,6790,10995,38%,4.5,3192,Oil-free fryer: Fryer with Air Crisp Technology that with hot air at high speed and constant temperature fries with little or no oil and achieves much healthier frying with less than 99% fat and a crispy and tasty result|Air Crisp Technology: Patented Rapid Air crisp technology with unique starfish design pan ensures evenly fried results without flipping the food|8 preset programs: The 8 preset programs of Air Fry Digital will allow you to cook: frozen potatoes natural potatoes all kinds of vegetables chicken sausages meat fish cakes and much more!|Not just fries now make aloo tikkis roast chicken grilled vegetables chocolate cakes muffins frozen potatoes natural potatoes all kinds of vegetables chicken sausages meat fish cakes and much more!|Touch screen with 8 presets and Keep Warm Function. Try new recipes at the touch of a button.|Fully digital: Fryer with digital touch screen and very easy to use. Set time between 1 and 60 minutes and the temperature between 80ºC and 200ºC. It has a buzzer at the end of cooking cold touch handle and non-slip feet|High capacity: 4 liters of capacity that allow to make up to 9 grams of potatoes equivalent to 5/6 servings. It has 1400W of power that ensures fast and homogeneous cooking.|Suitable for gifting on Diwali and other special occasions.,https://m.media-amazon.com/images/W/WEBP_402378-T2/images/I/41vooC+8vUL._SY300_SX300_.jpg,https://www.amazon.in/Inalsa-Digital-Fryer-Nutri-Fry/dp/B08N6P8G5K/ref=sr_1_475?qid=1672923615&s=kitchen&sr=1-475
B07NPBG1B4,AmazonBasics High Speed 55 Watt Oscillating Pedestal Fan 400mm Sweep Length White (Without Remote),Home&Kitchen|HeatingCooling&AirQuality|Fans|PedestalFans,1982.84,3300,40%,4.1,5873,High speed pedestal fan with top speed of 1456 RPM generating air delivery of 65 CMM to 73 CMM;Comes with aerodynamically designed blades and 3-speed options. Total sweep length 400mm|Cools wide areas using automated oscillation function with coverage of 78 degree. Jerk free and smooth oscillation for uniform cooling;Easy to operate with 3 angles of vertical tilting that can be adjusted with a single hand. Height can be adjusted from 115 cm to 135 cm. Power: 55 W|Tested against international standards on multiple parameters for durability safety and performance. Tested for stability and safety against electric shock and fire hazard;2 years limited warranty on manufacturing defects|Mounting Type: Free Standing; Material Type: Plastic; Controller Type: Remote Control,https://m.media-amazon.com/images/I/418vOzm6DZL._SX300_SY300_QL70_FMwebp_.jpg,https://www.amazon.in/AmazonBasics-400mm-Pedestal-Remote-White/dp/B07NPBG1B4/ref=sr_1_477?qid=1672923615&s=kitchen&sr=1-477
B01MRARGBW,Eco Crystal J 5 inch Cartridge (Pack of 2),Home&Kitchen|Kitchen&HomeAppliances|WaterPurifiers&Accessories|WaterPurifierAccessories,199,400,50%,4.1,1379,removes dirt from water,https://m.media-amazon.com/images/I/310wgAGevYL._SY445_SX342_QL70_FMwebp_.jpg,https://www.amazon.in/Crystal-Cartridge-size-Fresh-Clean/dp/B01MRARGBW/ref=sr_1_478?qid=1672923615&s=kitchen&sr=1-478
B07VZYMQNZ,Borosil Rio 1.5 L Electric Kettle Stainless Steel Inner Body Boil Water For Tea Coffee Soup Silver,Home&Kitchen|Kitchen&HomeAppliances|SmallKitchenAppliances|Kettles&HotWaterDispensers|ElectricKettles,1180,1440,18%,4.2,1527,Concealed heating element for easy cleaning|Double Protection Controller|Automatically turns off when water finishes boiling  Power cord :1.2m|High quality thermostat for quick and safe boiling|Overheat Safety protection|Dry Boil Protection - the kettle cannot be switched on when there is no water inside|Longer power cord with 36 degree cord swivel,https://m.media-amazon.com/images/W/WEBP_402378-T2/images/I/414WPLTqm0L._SX300_SY300_QL70_FMwebp_.jpg,https://www.amazon.in/Borosil-Rio-1-5L-Electric-Kettle/dp/B07VZYMQNZ/ref=sr_1_479?qid=1672923615&s=kitchen&sr=1-479
B01L7C4IU2,Havells Ambrose 1200mm Ceiling Fan (Pearl White Wood),Home&Kitchen|HeatingCooling&AirQuality|Fans|CeilingFans,2199,3045,28%,4.2,2686,Installation is not provided by brand; For product related queries please contact_us on: 18001031313;Blade size- 1200 mm (48 inches); Remote : No|Metallic paint finish; Motor with decorative ring;Decorative trims on blades and canopy; Double ball bearings|Warranty: 2 years on product ; Power: 72 watts;Includes: Fan motor blade set down rod canopy set shackle kit twisted wire and guarantee card|Country of origin: India|Mounting Type: Downrod Mount; Controller Type: Button Control,https://m.media-amazon.com/images/W/WEBP_402378-T2/images/I/31RpzeqSq3L._SX300_SY300_QL70_FMwebp_.jpg,https://www.amazon.in/Havells-Ambrose-1200mm-Ceiling-Pearl/dp/B01L7C4IU2/ref=sr_1_480?qid=1672923615&s=kitchen&sr=1-480
B09H7JDJCW,PHILIPS Drip Coffee Maker HD7432/20 0.6 L Ideal for 2-7 cups Black Medium,Home&Kitchen|Kitchen&HomeAppliances|CoffeeTea&Espresso|DripCoffeeMachines,2999,3595,17%,4,178,Philips HD7432/20 coffee maker with glass jug makes 2-7 cups in 10 min brewing time compact design that takes little space in your kitchen water level indicator|Aroma twister nozzle to circulate inflowing coffee evenly for optimal & consistent coffee aroma from first to last cup|Interrupt coffee brewing whenever you like with its drip stop feature comes with illuminated power switch|Ease of cleaning and maintenance with dishwasher-safe jug & filter holder comes with 2 year warranty|Material Type: Plastic,https://m.media-amazon.com/images/I/41d7YWtyLCL._SX300_SY300_QL70_FMwebp_.jpg,https://www.amazon.in/PHILIPS-Coffee-HD7432-20-Medium/dp/B09H7JDJCW/ref=sr_1_483?qid=1672923615&s=kitchen&sr=1-483
B07F6GXNPB,Eureka Forbes Euroclean Paper Vacuum Cleaner Dust Bags for Excel Ace 300 Jet Models - Set of 10,Home&Kitchen|Kitchen&HomeAppliances|VacuumCleaning&Ironing|Vacuums&FloorCare|VacuumAccessories|VacuumBags|HandheldBags,253,500,49%,4.3,2664,Special Anti-Microbial(Biocide Treated) Paper Bag.|Used For Protection Against BacteriaFungusDust Mites and bad Odour.|Protects the motor by trapping the dirt inside them.|Pack of 10|Dimensions: 16 X 32 cm,https://m.media-amazon.com/images/W/WEBP_402378-T2/images/I/51M0UevRosL._SY300_SX300_QL70_FMwebp_.jpg,https://www.amazon.in/Eureka-Forbes-Euroclean-Vacuum-Cleaner/dp/B07F6GXNPB/ref=sr_1_485?qid=1672923615&s=kitchen&sr=1-485
B0B97D658R,Larrito wooden Cool Mist Humidifiers Essential Oil Diffuser Aroma Air Humidifier with Colorful Change for Car Office Babies humidifiers for home air humidifier for room (WOODEN HUMIDIFIRE-A),Home&Kitchen|HeatingCooling&AirQuality|Humidifiers,499,799,38%,3.6,212,ANION FUNCTION - Air negative ions can restore from atmospheric pollutants nitrogen oxides cigarettes and other active oxygen oxygen free radical reduce excessive reactive oxygen species to the harm of human body; The air is cleared after the neutralization of the positive electric air|TIMING FUNCTIONS - Intelligent anti-dry 4 hours automatic power safe and reliable; Timing function is more reassuring|COLORFUL NIGHT LIGHT - The diffuser has 7 colored LEDs for a beautiful soothing atmosphere or the use as night light|LOW NOISE - Ultrasonic technology make sure that your work or sleep will not be interfered by it. The humidifier is so Whisper-quiet with elegant mist|ECO- FRIENDLY - Environmental friendly ABS and PP nontoxic odour-free corrosion resistant and durable. Compare with similar items,https://m.media-amazon.com/images/I/41zyYoNFiGL._SX300_SY300_QL70_FMwebp_.jpg,https://www.amazon.in/Larrito-Humidifiers-Humidifier-humidifiers-HUMIDIFIRE/dp/B0B97D658R/ref=sr_1_484?qid=1672923617&s=kitchen&sr=1-484
B09NFSHCWN,Hilton Quartz Heater 400/800-Watt ISI 2 Rods Multi Mode Heater Long Lasting Quick Heating Extremely Warm (Grey),Home&Kitchen|HeatingCooling&AirQuality|RoomHeaters|ElectricHeaters,1149,1899,39%,3.5,24,Comes with 2 Quartz heating tubes providing more warmth|Front grill for safety|Safety tip over switch|Two heat setting - 400 Watt & 800 Watt|Having carry handle for easy portability|Included Components: 1 N Main Unit & 1 N Instruction Manual|1 Year Warranty,https://m.media-amazon.com/images/W/WEBP_402378-T1/images/I/51eq6GwXn-L._SX300_SY300_QL70_FMwebp_.jpg,https://www.amazon.in/Hilton-Quartz-Heater-Watt-Certified/dp/B09NFSHCWN/ref=sr_1_485?qid=1672923617&s=kitchen&sr=1-485
B076VQS87V,Syska SDI-07 1000 W Stellar with Golden American Heritage Soleplate Dry Iron (Blue),Home&Kitchen|Kitchen&HomeAppliances|VacuumCleaning&Ironing|IronsSteamers&Accessories|Irons|DryIrons,457,799,43%,4.3,1868,Golden American Heritage SoleplateOverheat Safety Multi Fabric Select Swivel Cord Dry Iron 1000W,https://m.media-amazon.com/images/W/WEBP_402378-T2/images/I/310sR2giQrL._SX300_SY300_QL70_FMwebp_.jpg,https://www.amazon.in/Syska-SDI-07-Stellar-Dry-Iron/dp/B076VQS87V/ref=sr_1_486_mod_primary_new?qid=1672923617&s=kitchen&sbo=RZvfv%2F%2FHxDF%2BO5021pAnSA%3D%3D&sr=1-486
B09LMMFW3S,IKEA Milk Frother for Your Milk Coffee(Cold and hot Drinks) Black,Home&Kitchen|Kitchen&HomeAppliances|CoffeeTea&Espresso|MilkFrothers,229,399,43%,3.6,451,Frothes milk up in 15-20 seconds.|Can be used for both cold and hot milk.|Batteries are sold separately 2 pcs LR6 AA 1.5V required.|Two AA batteries should be placed in opposite direction in frother as in last image|New Batteries are recommended to work efficiently,https://m.media-amazon.com/images/W/WEBP_402378-T2/images/I/21JwUdnWL4L._SX300_SY300_QL70_FMwebp_.jpg,https://www.amazon.in/IKEA-Frother-Coffee-Drinks-Black/dp/B09LMMFW3S/ref=sr_1_487_mod_primary_new?qid=1672923617&s=kitchen&sbo=RZvfv%2F%2FHxDF%2BO5021pAnSA%3D%3D&sr=1-487
B0BBLHTRM9,IONIX Tap filter Multilayer | Activated Carbon Faucet Water Filters Universal Interface Home Kitchen Faucet Tap Water Clean Purifier Filter Cartridge Five Layer Water Filter-Pack of 1,Home&Kitchen|Kitchen&HomeAppliances|WaterPurifiers&Accessories|WaterPurifierAccessories,199,699,72%,2.9,159,Faucet Water Filter: Built-in layered filter can separate coconut activated carbon zeolite PVA non-woven?fabrics calcium sulfite and rubber which applys to purify hard water and well water.|Healthy Lifestyle: Remove the water in the chlorine heavy metals other impuritieswater more sweet more secure.|Easy to Clean : A must item for home & office use100% new and high quality.High temperature resistance not easy to deform.To clean simply remove the strainer and rinse it off under the water.|Water-saving :Made of soft rubber material can prevent water leak which can save water for your each time using.; Package List:1 * Faucet Filter|Included Components: 1 X Five Layer Faucet,https://m.media-amazon.com/images/I/41n90w1dlJL._SY445_SX342_QL70_FMwebp_.jpg,https://www.amazon.in/IONIX-Tap-Multilayer-Filter-Filter-Pack/dp/B0BBLHTRM9/ref=sr_1_488?qid=1672923617&s=kitchen&sr=1-488
B0BJYSCWFQ,Kitchengenix's Mini Waffle Maker 4 Inch- 350 Watts: Stainless Steel Non-Stick Electric Iron Machine for Individual Belgian Waffles Pan Cakes Paninis or Other Snacks (Red),Home&Kitchen|Kitchen&HomeAppliances|SmallKitchenAppliances|WaffleMakers&Irons,899,1999,55%,4.2,39,MORE THAN WAFFLES: Make your favorite breakfast classics or get creative with waffled hash browns cookies and even biscuit pizzas. Any batter will “waffle” into single serving portions. Great for families or on the go.|MINI IS MIGHTY: With a 4” nonstick cooking surface this is a MUST-HAVE for that first apartment smaller kitchen college dorm or camper/RV and stores easily in a kitchen cabinet or drawer.|MINI IS MIGHTY: With a 4” nonstick cooking surface this is a MUST-HAVE for that first apartment smaller kitchen college dorm or camper/RV and stores easily in a kitchen cabinet or drawer.WAFFLY EASY: Simply plug it in and go; the Waffle Maker heats up in minutes. Dual non-stick surfaces provide an even cook for consistent results and delicious golden waffles every time. Nonstick surfaces make cleanup a snap.|Non Stick Thick Waffle Maker Pan : You can experience non stick cooking wit this waffle maker gas This waffle making machine offers rich thick Belgian baffles.|Durable and Energy Efficient : KITCHENGENIX brand is known for high quality material we never compromise with quality and assure you great quality waffles maker.,https://m.media-amazon.com/images/I/41wOaCtfCZL._SY300_SX300_QL70_FMwebp_.jpg,https://www.amazon.in/Kitchengenixs-Waffle-Maker-Inch-Watts/dp/B0BJYSCWFQ/ref=sr_1_489?qid=1672923617&s=kitchen&sr=1-489
B0187F2IOK,Bajaj HM-01 Powerful 250W Hand Mixer Black,Home&Kitchen|Kitchen&HomeAppliances|SmallKitchenAppliances|HandMixers,1499,2199,32%,4.4,6531,This product does not require installation. please contact brand customer care|3 speed control for superior beating experience|Cromeplated dough beater attachment and 3 speed selection|Stylish design|Warranty: 2 years on product|Power: 250 watts; Voltage: 230V 50Hz|Included Components: Hand blender and Warranty card,https://m.media-amazon.com/images/W/WEBP_402378-T1/images/I/31gr8xzOhEL._SX300_SY300_QL70_FMwebp_.jpg,https://www.amazon.in/Bajaj-HM-01-250-Watt-Mixer/dp/B0187F2IOK/ref=sr_1_490?qid=1672923617&s=kitchen&sr=1-490
B0B8CB7MHW,KNOWZA Electric Handheld Milk Wand Mixer Frother for Latte Coffee Hot Milk Milk Frother for Coffee Egg Beater Hand Blender Coffee Beater (BLACK COFFEE BEATER),Home&Kitchen|Kitchen&HomeAppliances|SmallKitchenAppliances|HandBlenders,426,999,57%,4.1,222,Make Rich & Creamy Froth In Seconds Then Say Morning To The World: If you love the morning coffee filled with froth and foam this mini portable handheld milk frother can create a creamy cup for you within 15 to 30 seconds just like the professional baristas. This drink mixer electric not only creates milk foam for coffees cappuccinos and macchiatos but also fits for hot and cold chocolate milkshakes matcha tea mixed drinks and even for whisking egg and sauces.|Ergonomic & Friendly Modern-Design: Light-weight hand milk frother with an ergonomic handle makes frothing and creating delicate foam easily. Just press the button to start stirring instantly and whip the milk to your desired consistency. The drink mixer is beautifully styled in black color to fit into any modern kitchen which can be a perfect addition to your kitchen's coffee corner.|High Quality: Our mini mixer electric is made of 304 durable stainless steel so it is long-lasting and completely resistant to rust. Make you enjoy every cup with confidence. Our frother electric milk has a powerful motor that gives you 14000 rpm and makes you foam easily and quickly. The built-in powerful but low-noise motor allows you to keep the noise low during the frothing process without disturbing your family giving you a calm and tranquil morning.|Easy To Clean: Clean-up for this electric stirrer is easy and fast. It is easy to clean by sticking the stirrer end into a cup of water and turning it on then taking it out drying by pushing the button again for 2-3 seconds. This milk frother handheld is powered by two AA batteries (not included). This handheld milk frother mixer can be reused only by replacing the battery and it can work more than 2000 times in total making thousands of cups of milk froth for you.|OPERATED BY AA 1.5 V x 2 Batteries (NOT included)|Batteries Not Included for safety  please insert new batteries in opposite direction only,https://m.media-amazon.com/images/I/51HzkPoNUzL._SX300_SY300_QL70_FMwebp_.jpg,https://www.amazon.in/Electric-Handheld-BLACK-COFFEE-BEATER/dp/B0B8CB7MHW/ref=sr_1_491?qid=1672923617&s=kitchen&sr=1-491
B07K19NYZ8,Usha Hc 812 T Thermo Fan Room Heater,Home&Kitchen|HeatingCooling&AirQuality|RoomHeaters|FanHeaters,2320,3290,29%,3.8,195,Heat convector|Warranty for one year,https://m.media-amazon.com/images/W/WEBP_402378-T1/images/I/41UHdKluMBL._SY300_SX300_QL70_FMwebp_.jpg,https://www.amazon.in/Usha-812-Thermo-Room-Heater/dp/B07K19NYZ8/ref=sr_1_492?qid=1672923617&s=kitchen&sr=1-492
B08ZXZ362Z,akiara - Makes life easy Mini Sewing Machine for Home Tailoring use | Mini Silai Machine with Sewing Kit Set Sewing Box with Thread Scissors Needle All in One Sewing Accessories (White & Purple),Home&Kitchen|Kitchen&HomeAppliances|SewingMachines&Accessories|Sewing&EmbroideryMachines,1563,3098,50%,3.5,2283,PORTABLE MINI SEWING MACHINE with threads and needle box that includes 11 colors of sewing thread 24 needles 1 scissors 25X Transparent Button 25X White Buttons 25X Blue Buttons 2X Dress Hooks 32 Color Pin seam ripper Thimble.|NON COMPATIBLE FABRICS are Thick fabrics like denim velvet and other thick fabrics. BUILT IN WINDING POLE and spool assist to rewind the bobbins when you turn on the machine easy for bobbins replacement.|Sews in a DURABLE CHAIN LOCKING Stitch. Adjustable Straight Stitch and Reverse Sewing - Practical Mini Machine for Mending Hemming and Basic Sewing.; Choice Of FOOT PEDAL Or AUTO SEWING Mode - If It's Not Convenient to Use The Foot Pedal You Can Set The Sewing Speed To Either H For High Or L For Low. Small and PORTABLE - Runs on Either AC/DC POWER|SIMPLE INSTRUCTIONS: it is necessary to read the instructions in user manual before use sewing machine knowing the right method. CONTACT US by whatsapp on akiara[dot]in for any further guidance|Color Name: White N Purple; Material Type: Plastic,https://m.media-amazon.com/images/W/WEBP_402378-T2/images/I/51WNhYBloRL._SY300_SX300_QL70_FMwebp_.jpg,https://www.amazon.in/akiara-Tailoring-Stitching-Scissors-Accessories/dp/B08ZXZ362Z/ref=sr_1_493?qid=1672923617&s=kitchen&sr=1-493
B00GHL8VP2,USHA 1212 PTC with Adjustable Thermostat Fan Heater (Black/Brown 1500-Watts).,Home&Kitchen|HeatingCooling&AirQuality|RoomHeaters|ElectricHeaters,3487.77,4990,30%,4.1,1127,Meant for Spot Heating|Room Size: Upto 15 sq ft. Cord Winder :Yes|2 Stage Safety for Overheating Protection|Two Heating Elements For Energy SavingOptions|Fire Retardant Strong ABS Housing|ISI Mark|1 Year Warranty,https://m.media-amazon.com/images/W/WEBP_402378-T1/images/I/41lsUHKNfSL._SY300_SX300_QL70_FMwebp_.jpg,https://www.amazon.in/Usha-1212-PTC-Adjustable-Thermostat/dp/B00GHL8VP2/ref=sr_1_494?qid=1672923617&s=kitchen&sr=1-494
B0B9JZW1SQ,4 in 1 Handheld Electric Vegetable Cutter SetWireless Food Processor Electric Food Chopper for Garlic Chili Pepper Onion Ginger Celery Meat with Brush,Home&Kitchen|Kitchen&HomeAppliances|SmallKitchenAppliances|MiniFoodProcessors&Choppers,498,1200,59%,3.2,113,{ 4 in 1 multi-function Electric Vegetable Cutter Set }: Handheld multi-function electric vegetable cutter set includes 4 in 1 functions of slicing cooking peeling and cleaning brush. with it you can have an electric vegetable slicer and an electric meat grinder at the same time. one machine is multi-purpose making food preparation easier and faster.|{One-key Cleaning } The whole machine is rinsed the feeding hole is added with detergent to start with one key and it can be washed with running water by stirring for 5 seconds.|{ Easy to Use } : It is made of high-quality ABS+PP+PC+stainless steel material which is light and durable. the stainless steel blade and serrated edge make the ingredients more delicate. let you eat healthy and rest assured.|{ Perfect Design } : Ergonomic comfortable grip handle is stable and doesn't let go the blade allows flexibility to easily cut slice cut shapes and sizes of fruits and vegetables in the shortest possible time. It is the perfect tool to make home cooking easier and faster.|{ Filling Hole } : It is also convenient to add one avoiding the tedious steps of opening and screwing the cap and the long ingredients such as pepper cowpea yam etc. can be directly inserted.,https://m.media-amazon.com/images/W/WEBP_402378-T1/images/I/41KMMCNMM1L._SX300_SY300_QL70_FMwebp_.jpg,https://www.amazon.in/Handheld-Electric-Vegetable-Wireless-Processor/dp/B0B9JZW1SQ/ref=sr_1_495_mod_primary_new?qid=1672923617&s=kitchen&sbo=RZvfv%2F%2FHxDF%2BO5021pAnSA%3D%3D&sr=1-495
B00TI8E7BI,Philips HD9306/06 1.5-Litre Electric Kettle (Multicolor),Home&Kitchen|Kitchen&HomeAppliances|SmallKitchenAppliances|Kettles&HotWaterDispensers|ElectricKettles,2695,2695,0%,4.4,2518,Food grade stainless steel Frequency: 50 Hz. Cord length :0.75 m|Wide opening for easy pouring and cleaning|Concealed heating element and cord winder|Steam sensor dry boiling and overheating prevention Frequency - 50 Hz|One touch spring lid helps to avoid scalding|360 degree cordless pirouette base for easier handling|Warranty: 2 years on product,https://m.media-amazon.com/images/I/41JyZuDzDgL._SX300_SY300_QL70_FMwebp_.jpg,https://www.amazon.in/Philips-HD9306-06-1-5-Litre-Multicolor/dp/B00TI8E7BI/ref=sr_1_499?qid=1672923617&s=kitchen&sr=1-499
B07J9KXQCC,Libra Room Heater for Home Room Heaters Home for Winter Electric Heater with 2000 Watts Power as per IS Specification for Small to Medium Rooms - FH12 (Grey),Home&Kitchen|HeatingCooling&AirQuality|RoomHeaters|ElectricHeaters,949,2299,59%,3.6,550,Libra room heater for home has cool warm or hot wind selection knob for heat setting; Please note that regulator changes heating power & not actual fan speed. This model Fan Speed is fixed not regulated by knob.|Libra room heaters home for winter is lightweight for easy portability between rooms; Plastic body with rust-free grill front. Libra room heater for home has a air throw range of 10 feet which is ideal for small to medium sized room.|Libra room heaters home for winter has a built-in overheating protection. The Power is 2000 watts and Operating Voltage is 220 - 240 volts. The Package contents: 1 Room Heater and Instructions Manual.|Do not worry if you experience some burning smell when you run your room heater for the 1st time. This is due to the motor varnish getting heated for the 1st time. The problem should not recur in subsequent usage. If it does please contact our Customer support.|Libra room heaters home for winter has powerful 2400 RPM copper winded motor for quick heating. It has three setting. One only fan mode  other low heating and third full heating. The fan speed is fixed in all cases.,https://m.media-amazon.com/images/I/51GEjZAmNRL._SX300_SY300_QL70_FMwebp_.jpg,https://www.amazon.in/LIBRA-Portable-Heater-Adjustable-Thermostat/dp/B07J9KXQCC/ref=sr_1_500?qid=1672923617&s=kitchen&sr=1-500
B0B3JSWG81,NGI Store 2 Pieces Pet Hair Removers for Your Laundry Catcher Lint Remover for Washing Machine Lint Remover Reusable Portable Silica Gel Clothes Washer Dryer Floating Ball,Home&Kitchen|Kitchen&HomeAppliances|VacuumCleaning&Ironing|IronsSteamers&Accessories|LintShavers,199,999,80%,3.1,2,"Versatile Protects Your Clothes: MoveCatcher Pet Hair Remover helps remove animal hair and any other hair fluff lint lint that adheres to clothing bedding and is extremely sticky giving you a clean life. Save money and be greener.|Safe Material High Quality: The pet hair catcher for laundry is made of PU adhesive soft elastic and sticky with good adhesion and durability non-toxic and odor-free. Pet hair remover can capture hair dust and pet hair fragments and easily pull them down the clothes.|For Washing Machine Or Dryer: Pet hair remover can be used directly in the washing machine or dryer (It is recommended that the temperature of the dryer be not too high). As the machine runs dog hair remover completely absorbs the hair from the clothes without clogging the drain.|Easy To Clean And Reuse: Unlike hairless cylinders they are easy to reuse and clean rinse with water after use and dry in a cool place (away from direct sunlight) to maintain viscosity rinse with water after use and wipe dry for next use.|Multi-Purpose: Pet fur remover for laundry is a portable compact tool designed for ""pet families"" that can easily remove animal hair from clothes sofas and blankets. It can also easily remove hair dust and debris attached to clothes. It is small in size and easy to carry.",https://m.media-amazon.com/images/W/WEBP_402378-T1/images/I/519f6z2dnPL._SY300_SX300_QL70_FMwebp_.jpg,https://www.amazon.in/Hair-Removers-Laundry-Remover-Reusable/dp/B0B3JSWG81/ref=sr_1_501?qid=1672923617&s=kitchen&sr=1-501
B08L7J3T31,Noir Aqua - 5pcs PP Spun Filter + 1 Spanner | for All Types of RO Water purifiers (5 Piece White 10 Inch 5 Micron) - RO Spun Filter Cartridge Sponge Replacement Water Filter Candle,Home&Kitchen|Kitchen&HomeAppliances|WaterPurifiers&Accessories|WaterPurifierAccessories,379,919,59%,4,1090,SUPREME QUALITY 90 GRAM 3 LAYER THIK PP SPUN FILTER|Best Suited for ALL TYPES OF WATER PURIFIERS RO/UV and RO Service.|Replacement of Spun Filter every 3 to 4 month can save bigger expenses. - Regular replacement of Spun Filter protects RO Membrane and choking of other filters.|Can be used in any pre filter that supports 10 inch pre filter Easy To Install By Yourself.|Reduces dirt sand salt rust and scale particles.,https://m.media-amazon.com/images/I/41fDdRtjfxL._SY445_SX342_QL70_FMwebp_.jpg,https://www.amazon.in/Noir-Aqua-Spanner-Purifiers-cartridge/dp/B08L7J3T31/ref=sr_1_502?qid=1672923617&s=kitchen&sr=1-502
B01M6453MB,Prestige Delight PRWO Electric Rice Cooker (1 L White),Home&Kitchen|Kitchen&HomeAppliances|SmallKitchenAppliances|Rice&PastaCookers,2280,3045,25%,4.1,4118,230 Volts 400 watts 1 Year,https://m.media-amazon.com/images/I/41gzDxk4+kL._SY300_SX300_.jpg,https://www.amazon.in/Prestige-Delight-PRWO-1-Litre-Electric/dp/B01M6453MB/ref=sr_1_503?qid=1672923617&s=kitchen&sr=1-503
B009P2LIL4,Bajaj Majesty RX10 2000 Watts Heat Convector Room Heater (White ISI Approved),Home&Kitchen|HeatingCooling&AirQuality|RoomHeaters|HeatConvectors,2219,3080,28%,3.6,468,International design and styling|Two heat settings 1000 W and 2000 W. Rated Voltage : 230 V|Adjustable thermostat for desirable temperature|Fan forced hot air circulation|Cool touch housing with built in handle|Two way installation- vertical and horizontal|Heater in winter personal fan in summer,https://m.media-amazon.com/images/W/WEBP_402378-T1/images/I/41qmt2a159L._SX300_SY300_QL70_FMwebp_.jpg,https://www.amazon.in/Bajaj-RX-10-2000-Watt-Convector/dp/B009P2LIL4/ref=sr_1_504?qid=1672923617&s=kitchen&sr=1-504
B00J5DYCCA,Havells Ventil Air DSP 230mm Exhaust Fan (Pista Green),Home&Kitchen|HeatingCooling&AirQuality|Fans|ExhaustFans,1399,1890,26%,4,8031,Fan sweep area: 230 MM ; Noise level: (40 - 45) dB; Fan body dimension (Length x Width x Depth): 290MM x 290MM x 200MM|With bird guard to protect the fan in running condition Air flow rate: 510 cmh  Speed: 1350 RPM  Sweep size: 230 mm  Guard: 29 Spokes. Rated frequency : 50 Hz. Pull cord : No|Powder coated metallic finish Adjustable upward and downward tilt mechanism: No|Sturdy steel bird guard with specially designed metal blade|For any functional defect please reach out to customer care team @ Email: customercare@h,https://m.media-amazon.com/images/W/WEBP_402378-T1/images/I/51pNg1Zy4+L._SX300_SY300_.jpg,https://www.amazon.in/Havells-Ventilair-230mm-Exhaust-Grey/dp/B00J5DYCCA/ref=sr_1_505?qid=1672923617&s=kitchen&sr=1-505
B01486F4G6,Borosil Jumbo 1000-Watt Grill Sandwich Maker (Black),Home&Kitchen|Kitchen&HomeAppliances|SmallKitchenAppliances|SandwichMakers,2863,3690,22%,4.3,6987,Brand-Borosil Specification â€“ 23V ~ 5Hz;1 W Power for Faster Grilling|Makes 2 Sandwiches in minutes;Stainless Steel Mirror Finish Body; Easy to use;Easy to clean coated plates|Auto-lock latch;Larger deep ribbed grill plates for Krisp grilling|Rubber feet to avoid slipping on Countertop;Indicator Display.|Material Type: Plastic|Suitable for gifting on Diwali and other special occasions.,https://m.media-amazon.com/images/W/WEBP_402378-T1/images/I/51J2Wk-+c+L._SY300_SX300_.jpg,https://www.amazon.in/Borosil-Jumbo-1000-Watt-Grill-Sandwich/dp/B01486F4G6/ref=sr_1_506?qid=1672923617&s=kitchen&sr=1-506
